filename,row_preview,computed_total,stated_total,difference
M-103-2025 Reliance Retail Apple Container No. EMCU5520487.pdf, | 100 (RD) |  |  | 1 | ,98,3,95
M-103-2025 Reliance Retail Apple Container No. EMCU5520487.pdf, | 100 (Fuji) |  |  | 1 | ,100,1,99
M-103-2025 Reliance Retail Apple Container No. EMCU5520487.pdf, | 100(Sugarbee) |  |  | 1 | ,95,6,89
M-109-2025 Reliance Retail - Apple Container No. CGMU6561254.pdf, | 1 |  |  | 100 - RD | ,163.40,0.06,163.34
M-109-2025 Reliance Retail - Apple Container No. CGMU6561254.pdf, | 2 |  |  | 100 - RD | ,162.56,0.48,162.08
M-109-2025 Reliance Retail - Apple Container No. CGMU6561254.pdf, | 3 |  |  | 100 - RD | ,163.88,0.18,163.70
M-109-2025 Reliance Retail - Apple Container No. CGMU6561254.pdf, | 4 |  |  | 100 - RD | ,161.74,2.11,159.63
M-109-2025 Reliance Retail - Apple Container No. CGMU6561254.pdf, | 5 |  |  | 100 - Granny | ,156.42,0.52,155.90
M-109-2025 Reliance Retail - Apple Container No. CGMU6561254.pdf, | 6 |  |  | 100 - Granny | ,156.38,0.54,155.84
M-109-2025 Reliance Retail - Apple Container No. CGMU6561254.pdf, | 7 |  |  | 100 - Granny | ,156.56,0.45,156.11
M-109-2025 Reliance Retail - Apple Container No. CGMU6561254.pdf, | 8 |  |  | 100 - Granny | ,156.42,0.52,155.90
M-109-2025 Reliance Retail - Apple Container No. CGMU6561254.pdf, | 9 |  |  | 113 - Granny | ,169.16,0.53,168.63
M-109-2025 Reliance Retail - Apple Container No. CGMU6561254.pdf, | 10 |  |  | 113 - Granny | ,168.46,0.88,167.58
M-109-2025 Reliance Retail - Apple Container No. CGMU6561254.pdf, | 11 |  |  | 113 - Granny | ,169.56,0.33,169.23
M-109-2025 Reliance Retail - Apple Container No. CGMU6561254.pdf, | 12 |  |  | 113 - Granny | ,169.18,0.52,168.66
M-109-2025 Reliance Retail - Apple Container No. CGMU6561254.pdf, | Total 12 Boxes |  |  |  | ,701.72,2.54,699.18
M-124-2026 Avantgarde Fruit Traders LLP (GF Marketing Pty. Ltd) Apple # MNBU0294151 & MNBU3643540.pdf, | 1. |  |  | 135 | ,425.80,12.37,413.43
M-124-2026 Avantgarde Fruit Traders LLP (GF Marketing Pty. Ltd) Apple # MNBU0294151 & MNBU3643540.pdf, | 2. |  |  | 135 | ,425.92,11.87,414.05
M-124-2026 Avantgarde Fruit Traders LLP (GF Marketing Pty. Ltd) Apple # MNBU0294151 & MNBU3643540.pdf, | 3. |  |  | 135 | ,425.52,14.68,410.84
M-124-2026 Avantgarde Fruit Traders LLP (GF Marketing Pty. Ltd) Apple # MNBU0294151 & MNBU3643540.pdf, | 4. |  |  | 135 | ,426.27,13.32,412.95
M-124-2026 Avantgarde Fruit Traders LLP (GF Marketing Pty. Ltd) Apple # MNBU0294151 & MNBU3643540.pdf, | 5. |  |  | 135 | ,426.24,13.19,413.05
M-124-2026 Avantgarde Fruit Traders LLP (GF Marketing Pty. Ltd) Apple # MNBU0294151 & MNBU3643540.pdf, | 6. |  |  | 135 | ,425.44,16.53,408.91
M-124-2026 Avantgarde Fruit Traders LLP (GF Marketing Pty. Ltd) Apple # MNBU0294151 & MNBU3643540.pdf, | 7. |  |  | 135 | ,424.58,11.29,413.29
M-124-2026 Avantgarde Fruit Traders LLP (GF Marketing Pty. Ltd) Apple # MNBU0294151 & MNBU3643540.pdf, | 8. |  |  | 135 | ,424.84,14.36,410.48
M-124-2026 Avantgarde Fruit Traders LLP (GF Marketing Pty. Ltd) Apple # MNBU0294151 & MNBU3643540.pdf, | 9. |  |  | 135 | ,425.69,12.67,413.02
M-124-2026 Avantgarde Fruit Traders LLP (GF Marketing Pty. Ltd) Apple # MNBU0294151 & MNBU3643540.pdf, | 10. |  |  | 135 | ,429.12,13.49,415.63
M-151-2025 Reliance Apple Container No. EMCU5482915.pdf, | 1. |  |  | 100 | 21.210,122.910,19.510,103.400
M-151-2025 Reliance Apple Container No. EMCU5482915.pdf, | 2. |  |  | 100 | 21.200,122.900,19.500,103.400
M-151-2025 Reliance Apple Container No. EMCU5482915.pdf, | 3. |  |  | 100 | 20.670,122.370,18.970,103.400
M-151-2025 Reliance Apple Container No. EMCU5482915.pdf, | 4. |  |  | 100 | 21.110,122.810,19.410,103.400
M-151-2025 Reliance Apple Container No. EMCU5482915.pdf, | 5. |  |  | 113 | 21.630,136.330,19.930,116.400
M-151-2025 Reliance Apple Container No. EMCU5482915.pdf, | 6. |  |  | 113 | 21.670,136.370,19.970,116.400
M-151-2025 Reliance Apple Container No. EMCU5482915.pdf, | 7. |  |  | 113 | 21.580,136.280,19.880,116.400
M-151-2025 Reliance Apple Container No. EMCU5482915.pdf, | 8. |  |  | 113 | 21.670,136.370,19.970,116.400
M-151-2025 Reliance Apple Container No. EMCU5482915.pdf, | 9. |  |  | 125 | 20.520,147.220,18.820,128.400
M-151-2025 Reliance Apple Container No. EMCU5482915.pdf, | 10. |  |  | 125 | 21.450,148.150,19.750,128.400
M-151-2025 Reliance Apple Container No. EMCU5482915.pdf, | 11. |  |  | 125 | 21.140,147.840,19.440,128.400
M-151-2025 Reliance Apple Container No. EMCU5482915.pdf, | 12. |  |  | 125 | 21.150,147.850,19.450,128.400
M-151-2025 Reliance Apple Container No. EMCU5482915.pdf, | Total |  |  | 12 Boxes | 255.000,275.400,234.600,40.800
M-17-2026 Reliance Retail (Kiwi Crunch Exports Ltd) Apple Container No. TEMU9884103 - Suri.pdf,Royal Gala (90 Count): 2 pieces with 4 readings in LBS | Royal Gala (100 Count): 2 pieces with 4 readings in LBS | Royal Gala (110 Count): 2 pieces with 4 readings in LBS | Royal Gala (150 Count): 2 pieces with 4 readings in LBS | Royal Gala (165 Count): 2 pieces with 4 readings in LBS,36072,16524,19548
M-17-2026 Reliance Retail (Kiwi Crunch Exports Ltd) Apple Container No. TEMU9884103 - Suri.pdf,15.54 | 14.64 | 15.22 | 13.17 | 15.90,43.03,15.90,27.13
M-17-2026 Reliance Retail (Kiwi Crunch Exports Ltd) Apple Container No. TEMU9884103 - Suri.pdf,16.01 | 15.98 | 15.31 | 13.65 | 16.07,44.94,16.07,28.87
M-17-2026 Reliance Retail (Kiwi Crunch Exports Ltd) Apple Container No. TEMU9884103 - Suri.pdf,16.25 | 17.30 | 16.50 | 16.55 | 18.64,50.35,18.64,31.71
M-17-2026 Reliance Retail (Kiwi Crunch Exports Ltd) Apple Container No. TEMU9884103 - Suri.pdf,16.29 | 17.87 | 16.62 | 16.56 | 19.14,51.05,19.14,31.91
M-17-2026 Reliance Retail (Kiwi Crunch Exports Ltd) Apple Container No. TEMU9884103 - Suri.pdf,Photos 17 & 18 | Photos 19 & 20 | Photos 21 & 22 | Photos 23 & 24 | Photos 25 & 26,6366,2526,3840
M-18-2026 Reliance Retail (Kiwi Crunch Exports Ltd) Apple Container No. FBIU5726186 - Taloja.pdf,Royal Gala (90 Count): 2 pieces with 4 readings in LBS | Royal Gala (100 Count): 2 pieces with 4 readings in LBS | Royal Gala (110 Count): 2 pieces with 4 readings in LBS | Royal Gala (165 Count): 2 pieces with 4 readings in LBS,21048,16524,4524
M-18-2026 Reliance Retail (Kiwi Crunch Exports Ltd) Apple Container No. FBIU5726186 - Taloja.pdf,14.59 | 14.53 | 14.25 | 15.56,28.78,15.56,13.22
M-18-2026 Reliance Retail (Kiwi Crunch Exports Ltd) Apple Container No. FBIU5726186 - Taloja.pdf,15.21 | 15.84 | 15.52 | 16.23,31.36,16.23,15.13
M-18-2026 Reliance Retail (Kiwi Crunch Exports Ltd) Apple Container No. FBIU5726186 - Taloja.pdf,15.73 | 16.04 | 16.03 | 16.52,32.07,16.52,15.55
M-18-2026 Reliance Retail (Kiwi Crunch Exports Ltd) Apple Container No. FBIU5726186 - Taloja.pdf,15.88 | 17.34 | 17.17 | 17.24,34.51,17.24,17.27
M-18-2026 Reliance Retail (Kiwi Crunch Exports Ltd) Apple Container No. FBIU5726186 - Taloja.pdf,Photos 18 to 19 | Photos 20 to 21 | Photos 22 to 23 | Photos 24 to 25,4244,2425,1819
M-191-2025 Reliance Retail Apple Container No. OERU4093947.pdf, |  | Fresh Apple CIVM 49 - Red Pop® | TP100 | 280,149,280,131
M-191-2025 Reliance Retail Apple Container No. OERU4093947.pdf, |  | Fresh Apple CIVM 49 – Red Pop® | TP113 | 336,162,336,174
M-191-2025 Reliance Retail Apple Container No. OERU4093947.pdf, |  | Fresh Apple CIVM 49 – Red Pop® | TP125 | 504,174,504,330
M-20-2026 Vande Fresh (S.R.L. LLV-Fruct -Export) Apple Container No. TRKU1101166.pdf,Variety / Size |  |  | No. Of Boxes |  | ,1612,1791,179
M-20-2026 Vande Fresh (S.R.L. LLV-Fruct -Export) Apple Container No. TRKU1101166.pdf, |  |  |  |  | ,24,7,17
M-249-2025 NGK Trading Apple Container No. EMCU5439924 .pdf, | Total 12 Boxes |  |  |  | ,1414,195,1219
M-250-2025 NGK Trading Apple Container No. EMCU5671009.pdf, | Total 12 Boxes |  |  |  | 163,1352,167,1185
M-31-2026 Reliance Retail (Fruitways Marketing Pty. Ltd) Apple Container No. MNBU4391735.pdf,Royal Gala (120 Count): 2 pieces with 4 readings in LBS |  | Granny Smith (100 Count): 2 pieces with 4 readings in LBS |  |  | Granny Smith (110 Count): 2 pieces with 4 readings in LBS,21048,16524,4524
M-31-2026 Reliance Retail (Fruitways Marketing Pty. Ltd) Apple Container No. MNBU4391735.pdf, |  |  |  |  | ,210,165,45
M-31-2026 Reliance Retail (Fruitways Marketing Pty. Ltd) Apple Container No. MNBU4391735.pdf, | 15.58 |  | 14.71 |  | ,70.37,9.54,60.83
M-31-2026 Reliance Retail (Fruitways Marketing Pty. Ltd) Apple Container No. MNBU4391735.pdf, | 16.86 |  | 15.27 |  | ,75.24,10.25,64.99
M-31-2026 Reliance Retail (Fruitways Marketing Pty. Ltd) Apple Container No. MNBU4391735.pdf, | 17.57 |  | 16.62 |  | ,82.33,11.39,70.94
M-31-2026 Reliance Retail (Fruitways Marketing Pty. Ltd) Apple Container No. MNBU4391735.pdf, | 19.75 |  | 17.35 |  | ,86.58,12.41,74.17
M-31-2026 Reliance Retail (Fruitways Marketing Pty. Ltd) Apple Container No. MNBU4391735.pdf, |  |  | 18 & 19 |  | ,9296,2829,6467
M-35-2026 Reliance Retail (SOC. Agr. Coop. Lagnasco Group) Apple Container No. TLLU1107113.pdf, | 1 |  |  | 100 | ,156.872,0.023,156.849
M-35-2026 Reliance Retail (SOC. Agr. Coop. Lagnasco Group) Apple Container No. TLLU1107113.pdf,2 |  |  | 100 |  | ,156.444,0.191,156.253
M-35-2026 Reliance Retail (SOC. Agr. Coop. Lagnasco Group) Apple Container No. TLLU1107113.pdf, | 3 |  |  | 100 | ,156.428,0.199,156.229
M-35-2026 Reliance Retail (SOC. Agr. Coop. Lagnasco Group) Apple Container No. TLLU1107113.pdf,4 |  |  | 100 |  | ,156.460,0.183,156.277
M-35-2026 Reliance Retail (SOC. Agr. Coop. Lagnasco Group) Apple Container No. TLLU1107113.pdf, | 5 |  |  | 113 | ,169.012,0.407,168.605
M-35-2026 Reliance Retail (SOC. Agr. Coop. Lagnasco Group) Apple Container No. TLLU1107113.pdf,6 |  |  | 113 |  | ,168.948,0.439,168.509
M-35-2026 Reliance Retail (SOC. Agr. Coop. Lagnasco Group) Apple Container No. TLLU1107113.pdf, | 7 |  |  | 113 | ,169.468,0.179,169.289
M-35-2026 Reliance Retail (SOC. Agr. Coop. Lagnasco Group) Apple Container No. TLLU1107113.pdf,8 |  |  | 138 |  | ,194.448,0.189,194.259
M-35-2026 Reliance Retail (SOC. Agr. Coop. Lagnasco Group) Apple Container No. TLLU1107113.pdf, | 9 |  |  | 138 | ,194.776,0.025,194.751
M-35-2026 Reliance Retail (SOC. Agr. Coop. Lagnasco Group) Apple Container No. TLLU1107113.pdf,10 |  |  | 138 |  | ,194.024,0.401,193.623
M-35-2026 Reliance Retail (SOC. Agr. Coop. Lagnasco Group) Apple Container No. TLLU1107113.pdf, | 11 |  |  | 125 | ,181.964,0.069,181.895
M-35-2026 Reliance Retail (SOC. Agr. Coop. Lagnasco Group) Apple Container No. TLLU1107113.pdf,12 |  |  | 125 |  | ,181.840,0.007,181.833
M-35-2026 Reliance Retail (SOC. Agr. Coop. Lagnasco Group) Apple Container No. TLLU1107113.pdf, | 13 |  |  | 125 | ,181.772,0.027,181.745
M-35-2026 Reliance Retail (SOC. Agr. Coop. Lagnasco Group) Apple Container No. TLLU1107113.pdf,14 |  |  | 150 |  | ,206.612,0.107,206.505
M-35-2026 Reliance Retail (SOC. Agr. Coop. Lagnasco Group) Apple Container No. TLLU1107113.pdf, | 15 |  |  | 150 | ,206.340,0.243,206.097
M-35-2026 Reliance Retail (SOC. Agr. Coop. Lagnasco Group) Apple Container No. TLLU1107113.pdf,Total 18 Boxes |  |  |  |  | ,847.408,2.491,844.917
M-38-2025 Reliance Retails Apple - Container No. MNBU4113009.pdf, | 1. |  |  | 100 - Granny | ,119.98,18.08,101.90
M-38-2025 Reliance Retails Apple - Container No. MNBU4113009.pdf, | 2. |  |  | 100 - Granny | ,119.60,17.7,101.90
M-38-2025 Reliance Retails Apple - Container No. MNBU4113009.pdf, | 3. |  |  | 100 - Granny | ,119.71,17.81,101.90
M-38-2025 Reliance Retails Apple - Container No. MNBU4113009.pdf, | 4. |  |  | 100 - Granny | ,119.71,17.81,101.90
M-38-2025 Reliance Retails Apple - Container No. MNBU4113009.pdf, | 5. |  |  | 100 - Granny | ,119.68,17.78,101.90
M-38-2025 Reliance Retails Apple - Container No. MNBU4113009.pdf, | 6. |  |  | 100 - Granny | ,119.65,17.75,101.90
M-38-2025 Reliance Retails Apple - Container No. MNBU4113009.pdf, | 7. |  |  | 100 - Granny | ,119.66,17.76,101.90
M-38-2025 Reliance Retails Apple - Container No. MNBU4113009.pdf, | 8. |  |  | 100 - Granny | ,119.73,17.83,101.90
M-38-2025 Reliance Retails Apple - Container No. MNBU4113009.pdf, | 9. |  |  | 110 - Granny | ,129.85,17.95,111.90
M-38-2025 Reliance Retails Apple - Container No. MNBU4113009.pdf, | 10. |  |  | 110 - Granny | ,129.95,18.05,111.90
M-38-2025 Reliance Retails Apple - Container No. MNBU4113009.pdf, | 11. |  |  | 110 - Gala | ,129.99,18.09,111.90
M-38-2025 Reliance Retails Apple - Container No. MNBU4113009.pdf, | 12. |  |  | 110 - Gala | ,129.87,17.97,111.90
M-38-2025 Reliance Retails Apple - Container No. MNBU4113009.pdf, | 13. |  |  | 135 - Gala | ,155.09,18.13,136.96
M-38-2025 Reliance Retails Apple - Container No. MNBU4113009.pdf, | 14. |  |  | 135 - Gala | ,155.01,18.05,136.96
M-38-2025 Reliance Retails Apple - Container No. MNBU4113009.pdf, | 15. |  |  | 150- Gala | ,169.82,17.88,151.94
M-38-2025 Reliance Retails Apple - Container No. MNBU4113009.pdf, | 16. |  |  | 150- Gala | ,169.91,17.97,151.94
M-38-2025 Reliance Retails Apple - Container No. MNBU4113009.pdf, | 17. |  |  | 150- Gala | ,169.96,18.02,151.94
M-38-2025 Reliance Retails Apple - Container No. MNBU4113009.pdf, | 18. |  |  | 150- Gala | ,169.94,18,151.94
M-38-2025 Reliance Retails Apple - Container No. MNBU4113009.pdf, | 19. |  |  | 150- Gala | ,169.82,17.88,151.94
M-38-2025 Reliance Retails Apple - Container No. MNBU4113009.pdf, | Total 19 Boxes |  |  |  | ,376.93,340.51,36.42
M-41-2025 Reliance Retails Ltd - Apple Container No. EMCU5638443 - 1st Addendum Report.pdf, | Percentage |  |  |  | ,101,100,1
M-43-2026 Reliance Retail Ltd (Core fruit (PTY) Ltd) Apple & Pear Container No. HLBU9066390.pdf, |  | Curate Pear Abate Fetel Imp Safri 1 pc | 60 | 90,61,90,29
M-43-2026 Reliance Retail Ltd (Core fruit (PTY) Ltd) Apple & Pear Container No. HLBU9066390.pdf, |  | Curate Pear Forelle Bites Imp Safri 1 pc | 96 | 270,97,270,173
M-43-2026 Reliance Retail Ltd (Core fruit (PTY) Ltd) Apple & Pear Container No. HLBU9066390.pdf, |  | RSA Apple Royal Gala pg120c-18kgbox | 120 | 112,120,112,8
M-43-2026 Reliance Retail Ltd (Core fruit (PTY) Ltd) Apple & Pear Container No. HLBU9066390.pdf, |  | Curate apple Royal Gla Bites Imp safri 1pc | 165 | 56,165,56,109
M-43-2026 Reliance Retail Ltd (Core fruit (PTY) Ltd) Apple & Pear Container No. HLBU9066390.pdf, |  | Curate Apple Royal Gala Imp Safri 1 pc | 100 | 107,101,107,6
M-43-2026 Reliance Retail Ltd (Core fruit (PTY) Ltd) Apple & Pear Container No. HLBU9066390.pdf, |  | RSA Apple Royal Gala Pg110C | 110 | 117,110,117,7
M-43-2026 Reliance Retail Ltd (Core fruit (PTY) Ltd) Apple & Pear Container No. HLBU9066390.pdf, |  | RSA Apple Royal Gala Pg150c | 150 | 273,300,273,27
M-43-2026 Reliance Retail Ltd (Core fruit (PTY) Ltd) Apple & Pear Container No. HLBU9066390.pdf, |  | Curate Apple RYL Gala Bites Imp Safri 1pc | 165 | 168,166,168,2
M-43-2026 Reliance Retail Ltd (Core fruit (PTY) Ltd) Apple & Pear Container No. HLBU9066390.pdf, |  | Curate Apple RYL Gala Bites Imp Safri 1pc | 165 | 56,165,56,109
M-54-2025 NGK Trading - Apple Container No. CRXU1633816.pdf, | 1. |  |  | 175 | ,197.35,18.95,178.40
M-54-2025 NGK Trading - Apple Container No. CRXU1633816.pdf, | 2. |  |  | 175 | ,197.45,19.05,178.40
M-54-2025 NGK Trading - Apple Container No. CRXU1633816.pdf, | 3. |  |  | 175 | ,197.55,19.15,178.40
M-54-2025 NGK Trading - Apple Container No. CRXU1633816.pdf, | 4. |  |  | 175 | ,197.9,19.5,178.4
M-54-2025 NGK Trading - Apple Container No. CRXU1633816.pdf, | 5. |  |  | 175 | ,197.2,18.8,178.4
M-54-2025 NGK Trading - Apple Container No. CRXU1633816.pdf, | 6. |  |  | 175 | ,197.45,19.05,178.40
M-54-2025 NGK Trading - Apple Container No. CRXU1633816.pdf, | 7. |  |  | 175 | ,197.6,19.2,178.4
M-54-2025 NGK Trading - Apple Container No. CRXU1633816.pdf, | 8. |  |  | 175 | ,197.45,19.05,178.40
M-54-2025 NGK Trading - Apple Container No. CRXU1633816.pdf, | 9. |  |  | 175 | ,197.55,19.15,178.40
M-54-2025 NGK Trading - Apple Container No. CRXU1633816.pdf, | 10. |  |  | 175 | ,197.3,18.9,178.4
M-54-2025 NGK Trading - Apple Container No. CRXU1633816.pdf, | 11. |  |  | 163 | ,185.9,19.5,166.4
M-54-2025 NGK Trading - Apple Container No. CRXU1633816.pdf, | 12. |  |  | 163 | ,185.7,19.3,166.4
M-54-2025 NGK Trading - Apple Container No. CRXU1633816.pdf, | 13. |  |  | 163 | ,185.7,19.3,166.4
M-54-2025 NGK Trading - Apple Container No. CRXU1633816.pdf, | 14. |  |  | 163 | ,185.7,19.3,166.4
M-54-2025 NGK Trading - Apple Container No. CRXU1633816.pdf, | 15. |  |  | 163 | ,185.85,19.45,166.40
M-54-2025 NGK Trading - Apple Container No. CRXU1633816.pdf, | 16. |  |  | 163 | ,185.85,19.45,166.40
M-54-2025 NGK Trading - Apple Container No. CRXU1633816.pdf, | 17. |  |  | 163 | ,185.7,19.3,166.4
M-54-2025 NGK Trading - Apple Container No. CRXU1633816.pdf, | 18. |  |  | 163 | ,185.9,19.5,166.4
M-54-2025 NGK Trading - Apple Container No. CRXU1633816.pdf, | 19. |  |  | 163 | ,185.85,19.45,166.40
M-54-2025 NGK Trading - Apple Container No. CRXU1633816.pdf, | 20. |  |  | 163 | ,185.75,19.35,166.40
M-54-2025 NGK Trading - Apple Container No. CRXU1633816.pdf, | Total 20 Boxes |  |  |  | ,452.7,384.7,68.0
M-55-2025 NGK Trading - Apple Container No. FBIU5467300.pdf, | 1. |  |  | 175 | ,197.25,18.85,178.40
M-55-2025 NGK Trading - Apple Container No. FBIU5467300.pdf, | 2. |  |  | 175 | ,197.8,19.4,178.4
M-55-2025 NGK Trading - Apple Container No. FBIU5467300.pdf, | 3. |  |  | 175 | ,197.55,19.15,178.40
M-55-2025 NGK Trading - Apple Container No. FBIU5467300.pdf, | 4. |  |  | 175 | ,197.4,19,178.4
M-55-2025 NGK Trading - Apple Container No. FBIU5467300.pdf, | 5. |  |  | 175 | ,197.55,19.15,178.40
M-55-2025 NGK Trading - Apple Container No. FBIU5467300.pdf, | 6. |  |  | 175 | ,197.45,19.05,178.40
M-55-2025 NGK Trading - Apple Container No. FBIU5467300.pdf, | 7. |  |  | 175 | ,197.6,19.2,178.4
M-55-2025 NGK Trading - Apple Container No. FBIU5467300.pdf, | 8. |  |  | 163 | ,185.65,19.25,166.40
M-55-2025 NGK Trading - Apple Container No. FBIU5467300.pdf, | 9. |  |  | 163 | ,185.65,19.25,166.40
M-55-2025 NGK Trading - Apple Container No. FBIU5467300.pdf, | 10. |  |  | 163 | ,185.75,19.35,166.40
M-55-2025 NGK Trading - Apple Container No. FBIU5467300.pdf, | 11. |  |  | 163 | ,185.9,19.5,166.4
M-55-2025 NGK Trading - Apple Container No. FBIU5467300.pdf, | 12. |  |  | 163 | ,185.95,19.55,166.40
M-55-2025 NGK Trading - Apple Container No. FBIU5467300.pdf, | 13. |  |  | 163 | ,185.8,19.4,166.4
M-55-2025 NGK Trading - Apple Container No. FBIU5467300.pdf, | 14. |  |  | 163 | ,185.95,19.55,166.40
M-55-2025 NGK Trading - Apple Container No. FBIU5467300.pdf, | 15. |  |  | 198 | ,221.4,20,201.4
M-55-2025 NGK Trading - Apple Container No. FBIU5467300.pdf, | 16. |  |  | 198 | ,221.5,20.1,201.4
M-55-2025 NGK Trading - Apple Container No. FBIU5467300.pdf, | 17. |  |  | 198 | ,221.35,19.95,201.40
M-55-2025 NGK Trading - Apple Container No. FBIU5467300.pdf, | 18. |  |  | 198 | ,221.3,19.9,201.4
M-55-2025 NGK Trading - Apple Container No. FBIU5467300.pdf, | 19. |  |  | 198 | ,220.75,19.35,201.40
M-55-2025 NGK Trading - Apple Container No. FBIU5467300.pdf, | 20. |  |  | 198 | ,221.45,20.05,201.40
M-55-2025 NGK Trading - Apple Container No. FBIU5467300.pdf, | 21. |  |  | 198 | ,221.35,19.95,201.40
M-55-2025 NGK Trading - Apple Container No. FBIU5467300.pdf, | Total 21 Boxes |  |  |  | ,480.35,408.95,71.40
M-56-2025 Gajumal Mulchand - Apple Container No. FBIU5409807.pdf, |  | Kfruit Kfruit/RD8 CN Royal Gala (Tenroy) | 080 PG | 2,80,2,78
M-56-2025 Gajumal Mulchand - Apple Container No. FBIU5409807.pdf, |  | Kfruit Kfruit/RD8 CN Royal Gala (Tenroy) | 090 PG | 1,90,1,89
M-56-2025 Gajumal Mulchand - Apple Container No. FBIU5409807.pdf, |  | Kfruit Kfruit/RD8 CN Royal Gala (Tenroy) | 100 PG | 45,100,45,55
M-56-2025 Gajumal Mulchand - Apple Container No. FBIU5409807.pdf, |  | Kfruit Kfruit/RD8 CN Royal Gala (Tenroy) | 110 PG | 8,110,8,102
M-57-2026 Reliance Retails Ltd (Fruitways Marketing (PTY) Ltd) Apple Container No. MNBU4637860.pdf, | (120 |  |  | (135 | ,990,165,825
M-57-2026 Reliance Retails Ltd (Fruitways Marketing (PTY) Ltd) Apple Container No. MNBU4637860.pdf, | 2 pieces |  |  | 2 pieces | ,16,2,14
M-57-2026 Reliance Retails Ltd (Fruitways Marketing (PTY) Ltd) Apple Container No. MNBU4637860.pdf, | with 4 |  |  | with 4 | ,32,4,28
M-57-2026 Reliance Retails Ltd (Fruitways Marketing (PTY) Ltd) Apple Container No. MNBU4637860.pdf, | 15.59 |  |  | 15.82 | ,117.50,13.01,104.49
M-57-2026 Reliance Retails Ltd (Fruitways Marketing (PTY) Ltd) Apple Container No. MNBU4637860.pdf, | 17.03 |  |  | 15.70 | ,121.11,15.09,106.02
M-57-2026 Reliance Retails Ltd (Fruitways Marketing (PTY) Ltd) Apple Container No. MNBU4637860.pdf, | 16.91 |  |  | 14.29 | ,125.74,12.47,113.27
M-57-2026 Reliance Retails Ltd (Fruitways Marketing (PTY) Ltd) Apple Container No. MNBU4637860.pdf, | 16.40 |  |  | 15.63 | ,125.75,14.37,111.38
M-61-2026 Archana Enterprises (Snazzy Fruit Company Ltd) Apple # GESU9549296.pdf, |  | Generic Z Pack Roxy™ Harley 02 | 80 | 224,82,224,142
M-62-2026 Reliance Retail Ltd (Core Fruit Pty.Ltd) Apple Container No. CAAU4049163.pdf, |  | Royal Gala / 590014860 | 110 | 56,110,56,54
M-62-2026 Reliance Retail Ltd (Core Fruit Pty.Ltd) Apple Container No. CAAU4049163.pdf, |  | Royal Gala / 590014861 | 120 | 179,120,179,59
M-62-2026 Reliance Retail Ltd (Core Fruit Pty.Ltd) Apple Container No. CAAU4049163.pdf, |  | Royal Gala / 590014862 | 135 | 325,135,325,190
M-62-2026 Reliance Retail Ltd (Core Fruit Pty.Ltd) Apple Container No. CAAU4049163.pdf, |  | Royal Gala / 590014871 | 120 | 14,120,14,106
M-62-2026 Reliance Retail Ltd (Core Fruit Pty.Ltd) Apple Container No. CAAU4049163.pdf, |  | Royal Gala / 590014872 | 135 | 219,135,219,84
M-62-2026 Reliance Retail Ltd (Core Fruit Pty.Ltd) Apple Container No. CAAU4049163.pdf, |  | Royal Gala / 590014873 | 150 | 215,150,215,65
M-62-2026 Reliance Retail Ltd (Core Fruit Pty.Ltd) Apple Container No. CAAU4049163.pdf, |  | Royal Gala / 590014872 | 135 | 112,135,112,23
M-62-2026 Reliance Retail Ltd (Core Fruit Pty.Ltd) Apple Container No. CAAU4049163.pdf, |  | Royal Gala / 590014874 | 165 | 56,165,56,109
"M-67-2026 Reliance Retail Ltd (Vog Soc Agricola Coop, Italy) Apple Container No. CXRU1556556.pdf", | Percentage |  |  |  | ,37.40,2.60,34.80
"M-67-2026 Reliance Retail Ltd (Vog Soc Agricola Coop, Italy) Apple Container No. CXRU1556556.pdf", | Percentage |  |  |  | ,53.40,1.60,51.80
"M-67-2026 Reliance Retail Ltd (Vog Soc Agricola Coop, Italy) Apple Container No. CXRU1556556.pdf", | Percentage |  |  |  | ,36.90,1.23,35.67
"M-69-2026 Reliance Retail Ltd (Vog Soc Agricola Coop, Italy) Apple Container No. FBIU5747506.pdf",Percentage |  |  |  |  | ,29.00,2.15,26.85
M-76-2026 Vande Fresh (Harvest SPA) Apple Container No. PCLU6145125.pdf, | Royal Gala 100 AAA |  |  | 1 | ,99,2,97
M-77-2026 Reliance Retail Ltd (Domex Superfresh Growers LLC) Apple # EMCU5663873 1st Addendum.pdf, | 1. |  |  | 113 | ,250.36,10.90,239.46
M-77-2026 Reliance Retail Ltd (Domex Superfresh Growers LLC) Apple # EMCU5663873 1st Addendum.pdf, | 2. |  |  | 113 | ,247.79,12.96,234.83
M-77-2026 Reliance Retail Ltd (Domex Superfresh Growers LLC) Apple # EMCU5663873 1st Addendum.pdf, | 3. |  |  | 113 | ,251.60,13.63,237.97
M-77-2026 Reliance Retail Ltd (Domex Superfresh Growers LLC) Apple # EMCU5663873 1st Addendum.pdf, | 4. |  |  | 113 | ,251.24,15.88,235.36
M-77-2026 Reliance Retail Ltd (Domex Superfresh Growers LLC) Apple # EMCU5663873 1st Addendum.pdf, | 5. |  |  | 113 | ,249.14,11.17,237.97
M-77-2026 Reliance Retail Ltd (Domex Superfresh Growers LLC) Apple # EMCU5663873 1st Addendum.pdf, | 6. |  |  | 113 | ,252.88,13.31,239.57
M-77-2026 Reliance Retail Ltd (Domex Superfresh Growers LLC) Apple # EMCU5663873 1st Addendum.pdf, | 7. |  |  | 113 | ,252.13,13.17,238.96
M-77-2026 Reliance Retail Ltd (Domex Superfresh Growers LLC) Apple # EMCU5663873 1st Addendum.pdf, | 8. |  |  | 113 | ,250.88,11.28,239.60
M-77-2026 Reliance Retail Ltd (Domex Superfresh Growers LLC) Apple # EMCU5663873 1st Addendum.pdf, | 9. |  |  | 113 | ,250.69,13.14,237.55
M-77-2026 Reliance Retail Ltd (Domex Superfresh Growers LLC) Apple # EMCU5663873 1st Addendum.pdf, | 10. |  |  | 113 | ,251.74,13.46,238.28
M-77-2026 Reliance Retail Ltd (Domex Superfresh Growers LLC) Apple # EMCU5663873 1st Addendum.pdf, | 11. |  |  | 113 | ,252.70,13.54,239.16
M-77-2026 Reliance Retail Ltd (Domex Superfresh Growers LLC) Apple # EMCU5663873 1st Addendum.pdf, | 12. |  |  | 113 | ,251.41,14.96,236.45
M-77-2026 Reliance Retail Ltd (Domex Superfresh Growers LLC) Apple # EMCU5663873 1st Addendum.pdf, | 13. |  |  | 113 | ,249.93,11.32,238.61
M-77-2026 Reliance Retail Ltd (Domex Superfresh Growers LLC) Apple # EMCU5663873 1st Addendum.pdf, | 14. |  |  | 113 | ,252.31,11.43,240.88
M-77-2026 Reliance Retail Ltd (Domex Superfresh Growers LLC) Apple # EMCU5663873 1st Addendum.pdf, | 15. |  |  | 113 | ,248.15,15.75,232.40
M-77-2026 Reliance Retail Ltd (Domex Superfresh Growers LLC) Apple # EMCU5663873 1st Addendum.pdf, | 16. |  |  | 113 | ,252.19,11.41,240.78
M-77-2026 Reliance Retail Ltd (Domex Superfresh Growers LLC) Apple # EMCU5663873 1st Addendum.pdf, | 17. |  |  | 113 | ,251.88,14.05,237.83
M-77-2026 Reliance Retail Ltd (Domex Superfresh Growers LLC) Apple # EMCU5663873 1st Addendum.pdf, | 18. |  |  | 113 | ,252.39,11.12,241.27
M-77-2026 Reliance Retail Ltd (Domex Superfresh Growers LLC) Apple # EMCU5663873 1st Addendum.pdf, | 19. |  |  | 113 | ,252.84,10.07,242.77
M-77-2026 Reliance Retail Ltd (Domex Superfresh Growers LLC) Apple # EMCU5663873 1st Addendum.pdf, | 20. |  |  | 113 | ,252.75,11.02,241.73
M-77-2026 Reliance Retail Ltd (Domex Superfresh Growers LLC) Apple # EMCU5663873 1st Addendum.pdf, | 21. |  |  | 113 | ,251.37,15.23,236.14
M-77-2026 Reliance Retail Ltd (Domex Superfresh Growers LLC) Apple # EMCU5663873 1st Addendum.pdf, | 22. |  |  | 113 | ,249.06,11.62,237.44
M-77-2026 Reliance Retail Ltd (Domex Superfresh Growers LLC) Apple # EMCU5663873 1st Addendum.pdf, | 23. |  |  | 113 | ,253.16,12.60,240.56
M-77-2026 Reliance Retail Ltd (Domex Superfresh Growers LLC) Apple # EMCU5663873 1st Addendum.pdf, | 24. |  |  | 113 | ,250.23,15.18,235.05
M-77-2026 Reliance Retail Ltd (Domex Superfresh Growers LLC) Apple # EMCU5663873 1st Addendum.pdf, | 25. |  |  | 113 | ,252.51,12.43,240.08
M-77-2026 Reliance Retail Ltd (Domex Superfresh Growers LLC) Apple # EMCU5663873 1st Addendum.pdf, | 113 |  |  | 5 Pcs | ,268,153185,152917
M-77-2026 Reliance Retail Ltd (Domex Superfresh Growers LLC) Apple # EMCU5663873 1st Addendum.pdf, | 125 |  |  | 10 Pcs | ,300,186216,185916
M-84-2026 FFA (Exportadora Manga Trading S.A) Apple Container Nos. FBIU5554636 & OTPU6737969.pdf, |  | Royal Gala # TPU6737969 | 150 AA | 115,150,115,35
M-91-2026 Reliance Retail Ltd (Domex Superfresh Growers LLC) Apple # EGSU5081085.pdf, | 1. |  |  | 113 | ,398.37,14.65,383.72
M-91-2026 Reliance Retail Ltd (Domex Superfresh Growers LLC) Apple # EGSU5081085.pdf, | 2. |  |  | 113 | ,408.47,14.91,393.56
M-91-2026 Reliance Retail Ltd (Domex Superfresh Growers LLC) Apple # EGSU5081085.pdf, | 3. |  |  | 113 | ,400.27,15.34,384.93
M-91-2026 Reliance Retail Ltd (Domex Superfresh Growers LLC) Apple # EGSU5081085.pdf, | 4. |  |  | 113 | ,405.76,16.13,389.63
M-91-2026 Reliance Retail Ltd (Domex Superfresh Growers LLC) Apple # EGSU5081085.pdf, | 5. |  |  | 113 | ,402.10,14.82,387.28
M-91-2026 Reliance Retail Ltd (Domex Superfresh Growers LLC) Apple # EGSU5081085.pdf, | 6. |  |  | 113 | ,402.76,15.09,387.67
M-91-2026 Reliance Retail Ltd (Domex Superfresh Growers LLC) Apple # EGSU5081085.pdf, | 7. |  |  | 113 | ,405.03,15.04,389.99
M-91-2026 Reliance Retail Ltd (Domex Superfresh Growers LLC) Apple # EGSU5081085.pdf, | 8. |  |  | 113 | ,403.14,13.80,389.34
M-91-2026 Reliance Retail Ltd (Domex Superfresh Growers LLC) Apple # EGSU5081085.pdf, | 9. |  |  | 113 | ,401.24,15.52,385.72
M-91-2026 Reliance Retail Ltd (Domex Superfresh Growers LLC) Apple # EGSU5081085.pdf, | 10. |  |  | 113 | ,403.98,15.33,388.65
M-91-2026 Reliance Retail Ltd (Domex Superfresh Growers LLC) Apple # EGSU5081085.pdf, | 113 |  |  | 18 | ,163,2731,2568
M-91-2026 Reliance Retail Ltd (Domex Superfresh Growers LLC) Apple # EGSU5081085.pdf, | 125 |  |  | 20 | ,175,3235,3060
M-91-2026 Reliance Retail Ltd (Domex Superfresh Growers LLC) Apple # EGSU5081085.pdf, | 138 |  |  | 22 | ,188,3639,3451
M-92-2026 Vande Fresh (Harvest SPA) Apple # SZLU9764949.pdf, | Percentage |  |  |  | ,39.45,3.33,36.12
M-93-2026 Kiaora Food (RD8 Fresh Produce) Apple # OERU4365958.pdf, |  | Queen C5 | 90 | 56,90,56,34
M-93-2026 Kiaora Food (RD8 Fresh Produce) Apple # OERU4365958.pdf, |  | Queen C5 | 100 | 56,100,56,44
M-93-2026 Kiaora Food (RD8 Fresh Produce) Apple # OERU4365958.pdf, |  | Queen C5 | 110 | 56,110,56,54
M-93-2026 Kiaora Food (RD8 Fresh Produce) Apple # OERU4365958.pdf, |  | Queen C5 | 120 | 56,120,56,64
M-93-2026 Kiaora Food (RD8 Fresh Produce) Apple # OERU4365958.pdf, |  | Queen C5 | 135 | 112,135,112,23
M-93-2026 Kiaora Food (RD8 Fresh Produce) Apple # OERU4365958.pdf, |  | Queen C5 | 150 | 29,150,29,121
M-93-2026 Kiaora Food (RD8 Fresh Produce) Apple # OERU4365958.pdf, |  | Queen C5 | 165 | 27,165,27,138
"M-99-2026 Reliance Retail Ltd (Vog Verband Der Suedtiroler, Italy) Apple # CGMU5058693.pdf", | Percentage |  |  |  | ,29.00,2.00,27.00
Third Party Inspection Report - Aayush Impex - Apple Container No. EMCU5709167.pdf, | 1. |  | 88 |  | 20.6,110.15,19.05,91.10
Third Party Inspection Report - Aayush Impex - Apple Container No. EMCU5709167.pdf, | 2. |  | 88 |  | 20.6,110.15,19.05,91.10
Third Party Inspection Report - Aayush Impex - Apple Container No. EMCU5709167.pdf, | 3. |  | 88 |  | 20.95,110.50,19.4,91.10
Third Party Inspection Report - Aayush Impex - Apple Container No. EMCU5709167.pdf, | 4. |  | 88 |  | 20.95,110.50,19.4,91.10
Third Party Inspection Report - Aayush Impex - Apple Container No. EMCU5709167.pdf, | 5. |  | 88 |  | 21,110.55,19.45,91.10
Third Party Inspection Report - Aayush Impex - Apple Container No. EMCU5709167.pdf, | 6. |  | 100 |  | 21.35,122.90,19.8,103.10
Third Party Inspection Report - Aayush Impex - Apple Container No. EMCU5709167.pdf, | 7. |  | 100 |  | 20.85,122.40,19.3,103.10
Third Party Inspection Report - Aayush Impex - Apple Container No. EMCU5709167.pdf, | 8. |  | 100 |  | 21.2,122.75,19.65,103.10
Third Party Inspection Report - Aayush Impex - Apple Container No. EMCU5709167.pdf, | 9. |  | 100 |  | 21.2,122.75,19.65,103.10
Third Party Inspection Report - Aayush Impex - Apple Container No. EMCU5709167.pdf, | 10. |  | 100 |  | 21.15,122.70,19.6,103.10
Third Party Inspection Report - Aayush Impex - Apple Container No. EMCU5709167.pdf, | 11. |  | 113 |  | 21.25,135.80,19.7,116.10
Third Party Inspection Report - Aayush Impex - Apple Container No. EMCU5709167.pdf, | 12. |  | 113 |  | 21.1,135.65,19.55,116.10
Third Party Inspection Report - Aayush Impex - Apple Container No. EMCU5709167.pdf, | 13. |  | 113 |  | 21.2,135.75,19.65,116.10
Third Party Inspection Report - Aayush Impex - Apple Container No. EMCU5709167.pdf, | 14. |  | 113 |  | 20.85,135.40,19.3,116.10
Third Party Inspection Report - Aayush Impex - Apple Container No. EMCU5709167.pdf, | 15. |  | 113 |  | 21,135.55,19.45,116.10
Third Party Inspection Report - Aayush Impex - Apple Container No. EMCU5709167.pdf, | 16. |  | 125 |  | 20.6,147.15,19.05,128.10
Third Party Inspection Report - Aayush Impex - Apple Container No. EMCU5709167.pdf, | 17. |  | 125 |  | 20.95,147.50,19.4,128.10
Third Party Inspection Report - Aayush Impex - Apple Container No. EMCU5709167.pdf, | 18. |  | 125 |  | 20.45,147.00,18.9,128.10
Third Party Inspection Report - Aayush Impex - Apple Container No. EMCU5709167.pdf, | 19. |  |  | 125 | ,147.00,18.9,128.10
Third Party Inspection Report - Aayush Impex - Apple Container No. EMCU5709167.pdf, | 20. |  |  | 125 | ,147.30,19.2,128.10
Third Party Inspection Report - Aayush Impex - Apple Container No. EMCU5709167.pdf, | Total 20 Boxes |  |  |  | ,449.45,387.45,62.00
Third Party Inspection Report - Aayush Impex - Apple Container No. EMCU5724372.pdf, | 1. |  |  | 88 | ,110.65,19.55,91.10
Third Party Inspection Report - Aayush Impex - Apple Container No. EMCU5724372.pdf, | 2. |  |  | 88 | ,110.35,19.25,91.10
Third Party Inspection Report - Aayush Impex - Apple Container No. EMCU5724372.pdf, | 3. |  |  | 88 | ,110.55,19.45,91.10
Third Party Inspection Report - Aayush Impex - Apple Container No. EMCU5724372.pdf, | 4. |  |  | 88 | ,110.45,19.35,91.10
Third Party Inspection Report - Aayush Impex - Apple Container No. EMCU5724372.pdf, | 5. |  |  | 88 | ,110.65,19.55,91.10
Third Party Inspection Report - Aayush Impex - Apple Container No. EMCU5724372.pdf, | 6. |  |  | 100 | ,122.30,19.2,103.10
Third Party Inspection Report - Aayush Impex - Apple Container No. EMCU5724372.pdf, | 7. |  |  | 100 | ,122.95,19.85,103.10
Third Party Inspection Report - Aayush Impex - Apple Container No. EMCU5724372.pdf, | 8. |  |  | 100 | ,122.60,19.5,103.10
Third Party Inspection Report - Aayush Impex - Apple Container No. EMCU5724372.pdf, | 9. |  |  | 100 | ,122.55,19.45,103.10
Third Party Inspection Report - Aayush Impex - Apple Container No. EMCU5724372.pdf, | 10. |  |  | 100 | ,122.60,19.5,103.10
Third Party Inspection Report - Aayush Impex - Apple Container No. EMCU5724372.pdf, | 11. |  |  | 113 | ,135.25,19.15,116.10
Third Party Inspection Report - Aayush Impex - Apple Container No. EMCU5724372.pdf, | 12. |  |  | 113 | ,135.70,19.6,116.10
Third Party Inspection Report - Aayush Impex - Apple Container No. EMCU5724372.pdf, | 13. |  |  | 113 | ,135.20,19.1,116.10
Third Party Inspection Report - Aayush Impex - Apple Container No. EMCU5724372.pdf, | 14. |  |  | 113 | ,135.45,19.35,116.10
Third Party Inspection Report - Aayush Impex - Apple Container No. EMCU5724372.pdf, | 15. |  |  | 113 | ,135.65,19.55,116.10
Third Party Inspection Report - Aayush Impex - Apple Container No. EMCU5724372.pdf, | Total 15 Boxes |  |  |  | ,337.90,291.4,46.50
Third Party Inspection Report - Aayush Impex - Apple Container No. OOLU6479990.pdf, | 1. |  |  | 125 | ,2412.50,19,2393.50
Third Party Inspection Report - Aayush Impex - Apple Container No. OOLU6479990.pdf, | 2. |  |  | 125 | ,2412.65,19.15,2393.50
Third Party Inspection Report - Aayush Impex - Apple Container No. OOLU6479990.pdf, | 3. |  |  | 125 | ,2412.55,19.05,2393.50
Third Party Inspection Report - Aayush Impex - Apple Container No. OOLU6479990.pdf, | 4. |  |  | 125 | ,166.50,19,147.50
Third Party Inspection Report - Aayush Impex - Apple Container No. OOLU6479990.pdf, | 5. |  |  | 125 | ,166.55,19.05,147.50
Third Party Inspection Report - Aayush Impex - Apple Container No. OOLU6479990.pdf, | 6. |  |  | 125 | ,166.40,18.9,147.50
Third Party Inspection Report - Aayush Impex - Apple Container No. OOLU6479990.pdf, | 7. |  |  | 88 | ,2375.41,18.91,2356.50
Third Party Inspection Report - Aayush Impex - Apple Container No. OOLU6479990.pdf, | 8. |  |  | 88 | ,2375.70,19.2,2356.50
Third Party Inspection Report - Aayush Impex - Apple Container No. OOLU6479990.pdf, | 9. |  |  | 88 | ,2375.30,18.8,2356.50
Third Party Inspection Report - Aayush Impex - Apple Container No. OOLU6479990.pdf, | 10. |  |  | 88 | ,129.85,19.35,110.50
Third Party Inspection Report - Aayush Impex - Apple Container No. OOLU6479990.pdf, | 11. |  |  | 88 | ,129.60,19.1,110.50
Third Party Inspection Report - Aayush Impex - Apple Container No. OOLU6479990.pdf, | 12. |  |  | 88 | ,129.30,18.8,110.50
Third Party Inspection Report - Aayush Impex - Apple Container No. OOLU6479990.pdf, | Total 12 Boxes |  |  |  | ,270.31,228.31,42.00
"M-199-2025 Sunmoon International Apricot, Nectarine & Peaches Air Shipment.pdf", | 1 |  |  | 20 | ,61,2430,2369
"M-199-2025 Sunmoon International Apricot, Nectarine & Peaches Air Shipment.pdf",2 |  |  | 17 |  | ,62,3138,3076
"M-199-2025 Sunmoon International Apricot, Nectarine & Peaches Air Shipment.pdf", | 3 |  |  | 16 | ,63,3943,3880
"M-199-2025 Sunmoon International Apricot, Nectarine & Peaches Air Shipment.pdf", | 1 |  |  | 9 | ,47,4452,4405
"M-199-2025 Sunmoon International Apricot, Nectarine & Peaches Air Shipment.pdf",2 |  |  | 10 |  | ,48,5359,5311
"M-199-2025 Sunmoon International Apricot, Nectarine & Peaches Air Shipment.pdf", | 3 |  |  | 9 | ,49,6065,6016
"M-199-2025 Sunmoon International Apricot, Nectarine & Peaches Air Shipment.pdf", | 1 |  |  | 29 | ,123,6679,6556
"M-199-2025 Sunmoon International Apricot, Nectarine & Peaches Air Shipment.pdf",2 |  |  | 22 |  | ,124,8086,7962
"M-199-2025 Sunmoon International Apricot, Nectarine & Peaches Air Shipment.pdf", | 3 |  |  | 27 | ,111,8794,8683
"M-199-2025 Sunmoon International Apricot, Nectarine & Peaches Air Shipment.pdf", | 9 Boxes Percentage |  |  | 47.46% | ,90.45,9.55,80.90
M-133-2025 Fresh Fruit Alliances Avocado Container No. CGMU6911120.pdf, | 20 |  |  | 5 | ,97,8,89
M-202-2025 Avolinx Trading Partners Avocado Container No. CGMU7015068.pdf, | 20 |  |  | 5 | ,101,4,97
M-68-2025 Fresh Fruit Alliances - Avocado Container No. CGMU6933937.pdf,Hass Avocado |  |  |  | 14 | ,204,5,199
M-68-2025 Fresh Fruit Alliances - Avocado Container No. CGMU6933937.pdf, |  |  |  | 16 | ,204,5,199
M-68-2025 Fresh Fruit Alliances - Avocado Container No. CGMU6933937.pdf, |  |  |  | 18 | ,1020,15,1005
M-68-2025 Fresh Fruit Alliances - Avocado Container No. CGMU6933937.pdf, |  |  |  | 20 | ,612,5,607
M-68-2025 Fresh Fruit Alliances - Avocado Container No. CGMU6933937.pdf, |  |  |  | 22 | ,408,5,403
M-68-2025 Fresh Fruit Alliances - Avocado Container No. CGMU6933937.pdf, | Total |  | 6 | Sizes | ,2448,35,2413
M-77-24B West-In Avo Private Limited - Avocado Container No. BMOU9847699.pdf,20 Classic |  | 5 |  | 65 | ,87,18,69
M-69-24B Jaitra Overseas (Air Shipment - Blueberry).pdf,5 |  |  | 1.025 |  | ,1.460,1.225,0.235
M-10-2025 Gajumal Mulchand - Dragon Container # FSCU5792023 & FSCU5794290.pdf,1. |  |  | 20 |  | ,41,20,21
M-10-2025 Gajumal Mulchand - Dragon Container # FSCU5792023 & FSCU5794290.pdf, | 2. |  |  | 20 | ,41,20,21
M-10-2025 Gajumal Mulchand - Dragon Container # FSCU5792023 & FSCU5794290.pdf,3. |  |  | 20 |  | ,40,19,21
M-10-2025 Gajumal Mulchand - Dragon Container # FSCU5792023 & FSCU5794290.pdf, | 4. |  |  | 20 | ,41,20,21
M-10-2025 Gajumal Mulchand - Dragon Container # FSCU5792023 & FSCU5794290.pdf,5. |  |  | 20 |  | ,40,19,21
M-10-2025 Gajumal Mulchand - Dragon Container # FSCU5792023 & FSCU5794290.pdf, | 6. |  |  | 20 | ,40,19,21
M-10-2025 Gajumal Mulchand - Dragon Container # FSCU5792023 & FSCU5794290.pdf,7. |  |  | 20 |  | ,41,20,21
M-10-2025 Gajumal Mulchand - Dragon Container # FSCU5792023 & FSCU5794290.pdf, | 8. |  |  | 20 | ,41,20,21
M-10-2025 Gajumal Mulchand - Dragon Container # FSCU5792023 & FSCU5794290.pdf,9. |  |  | 20 |  | ,40,19,21
M-10-2025 Gajumal Mulchand - Dragon Container # FSCU5792023 & FSCU5794290.pdf, | 10. |  |  | 20 | ,40,19,21
M-10-2025 Gajumal Mulchand - Dragon Container # FSCU5792023 & FSCU5794290.pdf,11. |  |  | 20 |  | ,41,20,21
M-10-2025 Gajumal Mulchand - Dragon Container # FSCU5792023 & FSCU5794290.pdf, | 12. |  |  | 20 | ,41,20,21
M-10-2025 Gajumal Mulchand - Dragon Container # FSCU5792023 & FSCU5794290.pdf,13. |  |  | 20 |  | ,40,19,21
M-10-2025 Gajumal Mulchand - Dragon Container # FSCU5792023 & FSCU5794290.pdf, | 14. |  |  | 20 | ,41,20,21
M-10-2025 Gajumal Mulchand - Dragon Container # FSCU5792023 & FSCU5794290.pdf,15. |  |  | 20 |  | ,42,21,21
M-10-2025 Gajumal Mulchand - Dragon Container # FSCU5792023 & FSCU5794290.pdf,1. |  |  | 20 |  | ,41,20,21
M-10-2025 Gajumal Mulchand - Dragon Container # FSCU5792023 & FSCU5794290.pdf, | 2. |  |  | 20 | ,41,20,21
M-10-2025 Gajumal Mulchand - Dragon Container # FSCU5792023 & FSCU5794290.pdf,3. |  |  | 20 |  | ,41,20,21
M-10-2025 Gajumal Mulchand - Dragon Container # FSCU5792023 & FSCU5794290.pdf, | 4. |  |  | 20 | ,41,20,21
M-10-2025 Gajumal Mulchand - Dragon Container # FSCU5792023 & FSCU5794290.pdf,5. |  |  | 20 |  | ,42,21,21
M-10-2025 Gajumal Mulchand - Dragon Container # FSCU5792023 & FSCU5794290.pdf, | 6. |  |  | 20 | ,41,20,21
M-10-2025 Gajumal Mulchand - Dragon Container # FSCU5792023 & FSCU5794290.pdf,7. |  |  | 20 |  | ,41,20,21
M-10-2025 Gajumal Mulchand - Dragon Container # FSCU5792023 & FSCU5794290.pdf, | 8. |  |  | 20 | ,42,21,21
M-10-2025 Gajumal Mulchand - Dragon Container # FSCU5792023 & FSCU5794290.pdf,9. |  |  | 20 |  | ,41,20,21
M-10-2025 Gajumal Mulchand - Dragon Container # FSCU5792023 & FSCU5794290.pdf, | 10. |  |  | 20 | ,40,19,21
M-10-2025 Gajumal Mulchand - Dragon Container # FSCU5792023 & FSCU5794290.pdf,11. |  |  | 20 |  | ,42,21,21
M-110-2025 Anusaya Fresh Dragon Container No. OTPU6033229.pdf,1. |  |  | 20 |  | ,41,20,21
M-110-2025 Anusaya Fresh Dragon Container No. OTPU6033229.pdf, | 2. |  |  | 20 | ,41,20,21
M-110-2025 Anusaya Fresh Dragon Container No. OTPU6033229.pdf,3. |  |  | 20 |  | ,41,20,21
M-110-2025 Anusaya Fresh Dragon Container No. OTPU6033229.pdf, | 4. |  |  | 20 | ,41,20,21
M-110-2025 Anusaya Fresh Dragon Container No. OTPU6033229.pdf,5. |  |  | 20 |  | ,41,20,21
M-110-2025 Anusaya Fresh Dragon Container No. OTPU6033229.pdf, | 6. |  |  | 20 | ,41,20,21
M-110-2025 Anusaya Fresh Dragon Container No. OTPU6033229.pdf,7. |  |  | 20 |  | ,41,20,21
M-110-2025 Anusaya Fresh Dragon Container No. OTPU6033229.pdf, | 8. |  |  | 20 | ,41,20,21
M-110-2025 Anusaya Fresh Dragon Container No. OTPU6033229.pdf,9. |  |  | 20 |  | ,41,20,21
M-110-2025 Anusaya Fresh Dragon Container No. OTPU6033229.pdf, | 10. |  |  | 20 | ,41,20,21
M-110-2025 Anusaya Fresh Dragon Container No. OTPU6033229.pdf,11. |  |  | 20 |  | ,41,20,21
M-110-2025 Anusaya Fresh Dragon Container No. OTPU6033229.pdf, | 12. |  |  | 20 | ,41,20,21
M-110-2025 Anusaya Fresh Dragon Container No. OTPU6033229.pdf,13. |  |  | 20 |  | ,41,20,21
M-110-2025 Anusaya Fresh Dragon Container No. OTPU6033229.pdf, | 14. |  |  | 20 | ,41,20,21
M-110-2025 Anusaya Fresh Dragon Container No. OTPU6033229.pdf,15. |  |  | 20 |  | ,41,20,21
M-110-2025 Anusaya Fresh Dragon Container No. OTPU6033229.pdf,1. |  |  | 22 |  | 1,45,22,23
M-110-2025 Anusaya Fresh Dragon Container No. OTPU6033229.pdf, | 2. |  |  | 22 | 1,45,22,23
M-110-2025 Anusaya Fresh Dragon Container No. OTPU6033229.pdf,3. |  |  | 22 |  | 1,45,22,23
M-110-2025 Anusaya Fresh Dragon Container No. OTPU6033229.pdf, | 4. |  |  | 22 | 1,45,22,23
M-110-2025 Anusaya Fresh Dragon Container No. OTPU6033229.pdf,5. |  |  | 22 |  | 1,45,22,23
M-110-2025 Anusaya Fresh Dragon Container No. OTPU6033229.pdf,1. |  |  | 20 |  | 10,330,300,30
M-110-2025 Anusaya Fresh Dragon Container No. OTPU6033229.pdf, | 2. |  |  | 22 | 5,137,110,27
M-119-2025 Anusaya Fresh - Dragon Container No. OTPU6258040 (Bangalore QC).pdf,1. |  | 20 |  |  | 1,42,21,21
M-119-2025 Anusaya Fresh - Dragon Container No. OTPU6258040 (Bangalore QC).pdf, | 2. |  | 20 |  | ,41,20,21
M-119-2025 Anusaya Fresh - Dragon Container No. OTPU6258040 (Bangalore QC).pdf,3. |  | 20 |  |  | 1,41,20,21
M-119-2025 Anusaya Fresh - Dragon Container No. OTPU6258040 (Bangalore QC).pdf, | 4. |  | 20 |  | ,41,20,21
M-119-2025 Anusaya Fresh - Dragon Container No. OTPU6258040 (Bangalore QC).pdf,5. |  | 20 |  |  | 1,41,20,21
M-119-2025 Anusaya Fresh - Dragon Container No. OTPU6258040 (Bangalore QC).pdf, | 6. |  | 20 |  | ,41,20,21
M-119-2025 Anusaya Fresh - Dragon Container No. OTPU6258040 (Bangalore QC).pdf,7. |  | 20 |  |  | 1,42,21,21
M-119-2025 Anusaya Fresh - Dragon Container No. OTPU6258040 (Bangalore QC).pdf, | 8. |  | 20 |  | ,41,20,21
M-119-2025 Anusaya Fresh - Dragon Container No. OTPU6258040 (Bangalore QC).pdf,9. |  | 22 |  |  | 1,46,23,23
M-119-2025 Anusaya Fresh - Dragon Container No. OTPU6258040 (Bangalore QC).pdf, | 10. |  | 22 |  | ,45,22,23
M-120-2025 Anusaya Fresh - Dragon Container No. TEMU9554966 (Bangalore QC).pdf,1. |  | 20 |  |  | 1,41,20,21
M-120-2025 Anusaya Fresh - Dragon Container No. TEMU9554966 (Bangalore QC).pdf, | 2. |  | 20 |  | ,40,19,21
M-120-2025 Anusaya Fresh - Dragon Container No. TEMU9554966 (Bangalore QC).pdf,3. |  | 20 |  |  | 1,42,21,21
M-120-2025 Anusaya Fresh - Dragon Container No. TEMU9554966 (Bangalore QC).pdf, | 4. |  | 20 |  | ,41,20,21
M-120-2025 Anusaya Fresh - Dragon Container No. TEMU9554966 (Bangalore QC).pdf,5. |  | 20 |  |  | 1,42,21,21
M-120-2025 Anusaya Fresh - Dragon Container No. TEMU9554966 (Bangalore QC).pdf, | 6. |  | 20 |  | ,40,19,21
M-120-2025 Anusaya Fresh - Dragon Container No. TEMU9554966 (Bangalore QC).pdf,7. |  | 20 |  |  | 1,41,20,21
M-120-2025 Anusaya Fresh - Dragon Container No. TEMU9554966 (Bangalore QC).pdf, | 8. |  | 20 |  | ,41,20,21
M-120-2025 Anusaya Fresh - Dragon Container No. TEMU9554966 (Bangalore QC).pdf,9. |  | 20 |  |  | 1,42,21,21
M-120-2025 Anusaya Fresh - Dragon Container No. TEMU9554966 (Bangalore QC).pdf, | 10. |  | 20 |  | ,38,17,21
M-130-2026 Gajumal Mulchand (Nhat Viet Import Export) Dragon # OOLU6273801.pdf, | 1. |  |  | 1 | ,45,22,23
M-130-2026 Gajumal Mulchand (Nhat Viet Import Export) Dragon # OOLU6273801.pdf,2. |  |  | 1 |  | ,45,22,23
M-130-2026 Gajumal Mulchand (Nhat Viet Import Export) Dragon # OOLU6273801.pdf, | 3. |  |  | 1 | ,45,22,23
M-130-2026 Gajumal Mulchand (Nhat Viet Import Export) Dragon # OOLU6273801.pdf,4. |  |  | 1 |  | ,45,22,23
M-130-2026 Gajumal Mulchand (Nhat Viet Import Export) Dragon # OOLU6273801.pdf, | 5. |  |  | 1 | ,45,22,23
M-130-2026 Gajumal Mulchand (Nhat Viet Import Export) Dragon # OOLU6273801.pdf,6. |  |  | 1 |  | ,45,22,23
M-130-2026 Gajumal Mulchand (Nhat Viet Import Export) Dragon # OOLU6273801.pdf, | 7. |  |  | 1 | ,45,22,23
M-130-2026 Gajumal Mulchand (Nhat Viet Import Export) Dragon # OOLU6273801.pdf,8. |  |  | 1 |  | ,45,22,23
M-130-2026 Gajumal Mulchand (Nhat Viet Import Export) Dragon # OOLU6273801.pdf, | 9. |  |  | 1 | ,45,22,23
M-130-2026 Gajumal Mulchand (Nhat Viet Import Export) Dragon # OOLU6273801.pdf,10. |  |  | 1 |  | ,45,22,23
M-130-2026 Gajumal Mulchand (Nhat Viet Import Export) Dragon # OOLU6273801.pdf, | 11. |  |  | 1 | ,45,22,23
M-130-2026 Gajumal Mulchand (Nhat Viet Import Export) Dragon # OOLU6273801.pdf,12. |  |  | 1 |  | ,42,21,21
M-130-2026 Gajumal Mulchand (Nhat Viet Import Export) Dragon # OOLU6273801.pdf, | 13. |  |  | 1 | ,42,21,21
M-130-2026 Gajumal Mulchand (Nhat Viet Import Export) Dragon # OOLU6273801.pdf,14. |  |  | 1 |  | ,42,21,21
M-130-2026 Gajumal Mulchand (Nhat Viet Import Export) Dragon # OOLU6273801.pdf, | 15. |  |  | 1 | ,40,19,21
M-130-2026 Gajumal Mulchand (Nhat Viet Import Export) Dragon # OOLU6273801.pdf,16. |  |  | 1 |  | ,40,19,21
M-130-2026 Gajumal Mulchand (Nhat Viet Import Export) Dragon # OOLU6273801.pdf, | 17. |  |  | 1 | ,41,20,21
M-130-2026 Gajumal Mulchand (Nhat Viet Import Export) Dragon # OOLU6273801.pdf,18. |  |  | 1 |  | ,41,20,21
M-130-2026 Gajumal Mulchand (Nhat Viet Import Export) Dragon # OOLU6273801.pdf, | 19. |  |  | 1 | ,41,20,21
M-130-2026 Gajumal Mulchand (Nhat Viet Import Export) Dragon # OOLU6273801.pdf,20. |  |  | 1 |  | ,41,20,21
M-130-2026 Gajumal Mulchand (Nhat Viet Import Export) Dragon # OOLU6273801.pdf, | 21. |  |  | 1 | ,42,21,21
M-130-2026 Gajumal Mulchand (Nhat Viet Import Export) Dragon # OOLU6273801.pdf,22. |  |  | 1 |  | ,42,21,21
M-158-2025 Anusaya Fresh Dragon Container No. IAAU8689499.pdf, | 1 |  |  | 20 | ,41,20,21
M-158-2025 Anusaya Fresh Dragon Container No. IAAU8689499.pdf,2 |  |  | 20 |  | ,40,19,21
M-158-2025 Anusaya Fresh Dragon Container No. IAAU8689499.pdf, | 3 |  |  | 20 | ,41,20,21
M-158-2025 Anusaya Fresh Dragon Container No. IAAU8689499.pdf,4 |  |  | 20 |  | ,41,20,21
M-158-2025 Anusaya Fresh Dragon Container No. IAAU8689499.pdf, | 5 |  |  | 20 | ,41,20,21
M-158-2025 Anusaya Fresh Dragon Container No. IAAU8689499.pdf,6 |  |  | 20 |  | ,41,20,21
M-158-2025 Anusaya Fresh Dragon Container No. IAAU8689499.pdf, | 7 |  |  | 20 | ,40,19,21
M-158-2025 Anusaya Fresh Dragon Container No. IAAU8689499.pdf,8 |  |  | 20 |  | ,40,19,21
M-158-2025 Anusaya Fresh Dragon Container No. IAAU8689499.pdf, | 9 |  |  | 20 | ,41,20,21
M-158-2025 Anusaya Fresh Dragon Container No. IAAU8689499.pdf,10 |  |  | 20 |  | ,41,20,21
M-159-2025 Anusaya Fresh Dragon Container No. FSCU5812290.pdf, | 1. |  |  | 20 | ,41,20,21
M-159-2025 Anusaya Fresh Dragon Container No. FSCU5812290.pdf,2. |  |  | 20 |  | ,41,20,21
M-159-2025 Anusaya Fresh Dragon Container No. FSCU5812290.pdf, | 3. |  |  | 20 | ,41,20,21
M-159-2025 Anusaya Fresh Dragon Container No. FSCU5812290.pdf,4. |  |  | 20 |  | ,41,20,21
M-159-2025 Anusaya Fresh Dragon Container No. FSCU5812290.pdf, | 5. |  |  | 20 | ,41,20,21
M-159-2025 Anusaya Fresh Dragon Container No. FSCU5812290.pdf,6. |  |  | 20 |  | ,41,20,21
M-159-2025 Anusaya Fresh Dragon Container No. FSCU5812290.pdf, | 7. |  |  | 20 | ,41,20,21
M-159-2025 Anusaya Fresh Dragon Container No. FSCU5812290.pdf,8. |  |  | 20 |  | ,41,20,21
M-159-2025 Anusaya Fresh Dragon Container No. FSCU5812290.pdf, | 9. |  |  | 20 | ,41,20,21
M-159-2025 Anusaya Fresh Dragon Container No. FSCU5812290.pdf,10. |  |  | 20 |  | ,41,20,21
M-159-2025 Anusaya Fresh Dragon Container No. FSCU5812290.pdf, | 11. |  |  | 20 | ,41,20,21
M-159-2025 Anusaya Fresh Dragon Container No. FSCU5812290.pdf,12. |  |  | 20 |  | ,41,20,21
M-159-2025 Anusaya Fresh Dragon Container No. FSCU5812290.pdf, | 13. |  |  | 22 | ,45,22,23
M-159-2025 Anusaya Fresh Dragon Container No. FSCU5812290.pdf,14. |  |  | 22 |  | ,45,22,23
M-159-2025 Anusaya Fresh Dragon Container No. FSCU5812290.pdf, | 15. |  |  | 22 | ,45,22,23
M-159-2025 Anusaya Fresh Dragon Container No. FSCU5812290.pdf,16. |  |  | 22 |  | ,45,22,23
M-161-2025 Anusaya Fresh Dragon Container No. FSCU5773450.pdf, | 1. |  |  | 18 | ,37,18,19
M-161-2025 Anusaya Fresh Dragon Container No. FSCU5773450.pdf,2. |  |  | 18 |  | ,37,18,19
M-161-2025 Anusaya Fresh Dragon Container No. FSCU5773450.pdf, | 3. |  |  | 18 | ,37,18,19
M-161-2025 Anusaya Fresh Dragon Container No. FSCU5773450.pdf, | 1. |  |  | 20 | ,41,20,21
M-161-2025 Anusaya Fresh Dragon Container No. FSCU5773450.pdf,2. |  |  | 20 |  | ,41,20,21
M-161-2025 Anusaya Fresh Dragon Container No. FSCU5773450.pdf, | 3. |  |  | 20 | ,41,20,21
M-161-2025 Anusaya Fresh Dragon Container No. FSCU5773450.pdf,4. |  |  | 20 |  | ,41,20,21
M-161-2025 Anusaya Fresh Dragon Container No. FSCU5773450.pdf, | 5. |  |  | 20 | ,41,20,21
M-161-2025 Anusaya Fresh Dragon Container No. FSCU5773450.pdf,6. |  |  | 20 |  | ,41,20,21
M-161-2025 Anusaya Fresh Dragon Container No. FSCU5773450.pdf, | 7. |  |  | 20 | ,41,20,21
M-161-2025 Anusaya Fresh Dragon Container No. FSCU5773450.pdf, | 1. |  |  | 22 | ,45,22,23
M-161-2025 Anusaya Fresh Dragon Container No. FSCU5773450.pdf,2. |  |  | 22 |  | ,45,22,23
M-161-2025 Anusaya Fresh Dragon Container No. FSCU5773450.pdf, | 3. |  |  | 22 | ,45,22,23
M-161-2025 Anusaya Fresh Dragon Container No. FSCU5773450.pdf,4. |  |  | 22 |  | ,45,22,23
M-161-2025 Anusaya Fresh Dragon Container No. FSCU5773450.pdf, | 5. |  |  | 22 | ,45,22,23
M-161-2025 Anusaya Fresh Dragon Container No. FSCU5773450.pdf, | 1. |  |  | 18 | ,75,54,21
M-161-2025 Anusaya Fresh Dragon Container No. FSCU5773450.pdf,2. |  |  | 20 |  | ,167,140,27
M-161-2025 Anusaya Fresh Dragon Container No. FSCU5773450.pdf, | 3. |  |  | 22 | ,137,110,27
M-165-2025 Anusaya Fresh Dragon Container No. IAAU8681950  Chennai.pdf, | 1. |  |  | 20 | ,41,20,21
M-165-2025 Anusaya Fresh Dragon Container No. IAAU8681950  Chennai.pdf,2. |  |  | 20 |  | ,42,21,21
M-165-2025 Anusaya Fresh Dragon Container No. IAAU8681950  Chennai.pdf, | 3. |  |  | 20 | ,40,19,21
M-165-2025 Anusaya Fresh Dragon Container No. IAAU8681950  Chennai.pdf,4. |  |  | 20 |  | ,42,21,21
M-165-2025 Anusaya Fresh Dragon Container No. IAAU8681950  Chennai.pdf, | 5. |  |  | 20 | ,41,20,21
M-165-2025 Anusaya Fresh Dragon Container No. IAAU8681950  Chennai.pdf,6. |  |  | 20 |  | ,42,21,21
M-165-2025 Anusaya Fresh Dragon Container No. IAAU8681950  Chennai.pdf, | 7. |  |  | 20 | ,41,20,21
M-165-2025 Anusaya Fresh Dragon Container No. IAAU8681950  Chennai.pdf,8. |  |  | 20 |  | ,40,19,21
M-165-2025 Anusaya Fresh Dragon Container No. IAAU8681950  Chennai.pdf, | 9. |  |  | 20 | ,41,20,21
M-165-2025 Anusaya Fresh Dragon Container No. IAAU8681950  Chennai.pdf,10. |  |  | 20 |  | ,41,20,21
M-165-2025 Anusaya Fresh Dragon Container No. IAAU8681950  Chennai.pdf, | 11. |  |  | 20 | ,41,20,21
M-165-2025 Anusaya Fresh Dragon Container No. IAAU8681950  Chennai.pdf,12. |  |  | 20 |  | ,41,20,21
M-165-2025 Anusaya Fresh Dragon Container No. IAAU8681950  Chennai.pdf, | 13. |  |  | 20 | ,42,21,21
M-165-2025 Anusaya Fresh Dragon Container No. IAAU8681950  Chennai.pdf,14. |  |  | 20 |  | ,42,21,21
M-165-2025 Anusaya Fresh Dragon Container No. IAAU8681950  Chennai.pdf, | 15. |  |  | 20 | ,41,20,21
M-165-2025 Anusaya Fresh Dragon Container No. IAAU8681950  Chennai.pdf, | 1. |  |  | 22 | ,45,22,23
M-165-2025 Anusaya Fresh Dragon Container No. IAAU8681950  Chennai.pdf,2. |  |  | 22 |  | ,45,22,23
M-165-2025 Anusaya Fresh Dragon Container No. IAAU8681950  Chennai.pdf, | 3. |  |  | 22 | ,45,22,23
M-165-2025 Anusaya Fresh Dragon Container No. IAAU8681950  Chennai.pdf,4. |  |  | 22 |  | ,45,22,23
M-165-2025 Anusaya Fresh Dragon Container No. IAAU8681950  Chennai.pdf, | 5. |  |  | 22 | ,45,22,23
M-165-2025 Anusaya Fresh Dragon Container No. IAAU8681950  Chennai.pdf, | 1 |  |  | 20 | ,338,303,35
M-165-2025 Anusaya Fresh Dragon Container No. IAAU8681950  Chennai.pdf, | 2 |  |  | 22 | ,137,110,27
M-165-2025 Anusaya Fresh Dragon Container Nos. IAAU8681950 & OTPU6032731 Chennai.pdf, | 1. |  |  | 20 | ,41,20,21
M-165-2025 Anusaya Fresh Dragon Container Nos. IAAU8681950 & OTPU6032731 Chennai.pdf,2. |  |  | 20 |  | ,42,21,21
M-165-2025 Anusaya Fresh Dragon Container Nos. IAAU8681950 & OTPU6032731 Chennai.pdf, | 3. |  |  | 20 | ,40,19,21
M-165-2025 Anusaya Fresh Dragon Container Nos. IAAU8681950 & OTPU6032731 Chennai.pdf,4. |  |  | 20 |  | ,42,21,21
M-165-2025 Anusaya Fresh Dragon Container Nos. IAAU8681950 & OTPU6032731 Chennai.pdf, | 5. |  |  | 20 | ,41,20,21
M-165-2025 Anusaya Fresh Dragon Container Nos. IAAU8681950 & OTPU6032731 Chennai.pdf,6. |  |  | 20 |  | ,42,21,21
M-165-2025 Anusaya Fresh Dragon Container Nos. IAAU8681950 & OTPU6032731 Chennai.pdf, | 7. |  |  | 20 | ,41,20,21
M-165-2025 Anusaya Fresh Dragon Container Nos. IAAU8681950 & OTPU6032731 Chennai.pdf,8. |  |  | 20 |  | ,40,19,21
M-165-2025 Anusaya Fresh Dragon Container Nos. IAAU8681950 & OTPU6032731 Chennai.pdf, | 9. |  |  | 20 | ,41,20,21
M-165-2025 Anusaya Fresh Dragon Container Nos. IAAU8681950 & OTPU6032731 Chennai.pdf,10. |  |  | 20 |  | ,41,20,21
M-165-2025 Anusaya Fresh Dragon Container Nos. IAAU8681950 & OTPU6032731 Chennai.pdf, | 11. |  |  | 20 | ,41,20,21
M-165-2025 Anusaya Fresh Dragon Container Nos. IAAU8681950 & OTPU6032731 Chennai.pdf,12. |  |  | 20 |  | ,41,20,21
M-165-2025 Anusaya Fresh Dragon Container Nos. IAAU8681950 & OTPU6032731 Chennai.pdf, | 13. |  |  | 20 | ,42,21,21
M-165-2025 Anusaya Fresh Dragon Container Nos. IAAU8681950 & OTPU6032731 Chennai.pdf,14. |  |  | 20 |  | ,42,21,21
M-165-2025 Anusaya Fresh Dragon Container Nos. IAAU8681950 & OTPU6032731 Chennai.pdf, | 15. |  |  | 20 | ,41,20,21
M-165-2025 Anusaya Fresh Dragon Container Nos. IAAU8681950 & OTPU6032731 Chennai.pdf, | 1. |  |  | 22 | ,45,22,23
M-165-2025 Anusaya Fresh Dragon Container Nos. IAAU8681950 & OTPU6032731 Chennai.pdf,2. |  |  | 22 |  | ,45,22,23
M-165-2025 Anusaya Fresh Dragon Container Nos. IAAU8681950 & OTPU6032731 Chennai.pdf, | 3. |  |  | 22 | ,45,22,23
M-165-2025 Anusaya Fresh Dragon Container Nos. IAAU8681950 & OTPU6032731 Chennai.pdf,4. |  |  | 22 |  | ,45,22,23
M-165-2025 Anusaya Fresh Dragon Container Nos. IAAU8681950 & OTPU6032731 Chennai.pdf, | 5. |  |  | 22 | ,45,22,23
M-165-2025 Anusaya Fresh Dragon Container Nos. IAAU8681950 & OTPU6032731 Chennai.pdf, | 1 |  |  | 20 | ,338,303,35
M-165-2025 Anusaya Fresh Dragon Container Nos. IAAU8681950 & OTPU6032731 Chennai.pdf, | 2 |  |  | 22 | ,137,110,27
M-229-2025 Apex Royal International Dragon Container No. SEGU9818430 - (2nd Visit).pdf, | 1. |  |  | 20 | ,41,20,21
M-229-2025 Apex Royal International Dragon Container No. SEGU9818430 - (2nd Visit).pdf,2. |  |  | 20 |  | ,41,20,21
M-229-2025 Apex Royal International Dragon Container No. SEGU9818430 - (2nd Visit).pdf, | 3. |  |  | 20 | ,41,20,21
M-229-2025 Apex Royal International Dragon Container No. SEGU9818430 - (2nd Visit).pdf,4. |  |  | 20 |  | ,41,20,21
M-229-2025 Apex Royal International Dragon Container No. SEGU9818430 - (2nd Visit).pdf, | 5. |  |  | 20 | ,41,20,21
M-229-2025 Apex Royal International Dragon Container No. SEGU9818430 - (2nd Visit).pdf,6. |  |  | 20 |  | ,41,20,21
M-229-2025 Apex Royal International Dragon Container No. SEGU9818430 - (2nd Visit).pdf, | 7. |  |  | 20 | ,41,20,21
M-229-2025 Apex Royal International Dragon Container No. SEGU9818430 - (2nd Visit).pdf,8. |  |  | 20 |  | ,41,20,21
M-229-2025 Apex Royal International Dragon Container No. SEGU9818430 - (2nd Visit).pdf, | 9. |  |  | 20 | ,41,20,21
M-229-2025 Apex Royal International Dragon Container No. SEGU9818430 - (2nd Visit).pdf,10. |  |  | 20 |  | ,41,20,21
M-229-2025 Apex Royal International Dragon Container No. SEGU9818430 - (2nd Visit).pdf, | 11. |  |  | 20 | ,41,20,21
M-229-2025 Apex Royal International Dragon Container No. SEGU9818430 - (2nd Visit).pdf,12. |  |  | 20 |  | ,41,20,21
M-229-2025 Apex Royal International Dragon Container No. SEGU9818430 - (2nd Visit).pdf, | 13. |  |  | 20 | ,41,20,21
M-229-2025 Apex Royal International Dragon Container No. SEGU9818430 - (2nd Visit).pdf,14. |  |  | 20 |  | ,41,20,21
M-229-2025 Apex Royal International Dragon Container No. SEGU9818430 - (2nd Visit).pdf, | 15. |  |  | 20 | ,41,20,21
M-229-2025 Apex Royal International Dragon Container No. SEGU9818430 - (2nd Visit).pdf,16. |  |  | 20 |  | ,41,20,21
M-229-2025 Apex Royal International Dragon Container No. SEGU9818430 - (2nd Visit).pdf, | 17. |  |  | 20 | ,41,20,21
M-229-2025 Apex Royal International Dragon Container No. SEGU9818430 - (2nd Visit).pdf,18. |  |  | 20 |  | ,41,20,21
M-229-2025 Apex Royal International Dragon Container No. SEGU9818430 - (2nd Visit).pdf, | 19. |  |  | 20 | ,41,20,21
M-229-2025 Apex Royal International Dragon Container No. SEGU9818430 - (2nd Visit).pdf,20. |  |  | 20 |  | ,41,20,21
M-229-2025 Apex Royal International Dragon Container No. SEGU9818430 - (2nd Visit).pdf, | 21. |  |  | 20 | ,41,20,21
M-229-2025 Apex Royal International Dragon Container No. SEGU9818430 - (2nd Visit).pdf,22. |  |  | 20 |  | ,41,20,21
M-229-2025 Apex Royal International Dragon Container No. SEGU9818430.pdf, | 1. |  |  | 20 | ,41,20,21
M-229-2025 Apex Royal International Dragon Container No. SEGU9818430.pdf,2. |  |  | 20 |  | ,41,20,21
M-229-2025 Apex Royal International Dragon Container No. SEGU9818430.pdf, | 3. |  |  | 20 | ,41,20,21
M-229-2025 Apex Royal International Dragon Container No. SEGU9818430.pdf,4. |  |  | 20 |  | ,41,20,21
M-229-2025 Apex Royal International Dragon Container No. SEGU9818430.pdf, | 5. |  |  | 20 | ,41,20,21
M-229-2025 Apex Royal International Dragon Container No. SEGU9818430.pdf,6. |  |  | 20 |  | ,41,20,21
M-229-2025 Apex Royal International Dragon Container No. SEGU9818430.pdf, | 7. |  |  | 20 | ,41,20,21
M-229-2025 Apex Royal International Dragon Container No. SEGU9818430.pdf,8. |  |  | 20 |  | ,41,20,21
M-229-2025 Apex Royal International Dragon Container No. SEGU9818430.pdf, | 9. |  |  | 20 | ,41,20,21
M-229-2025 Apex Royal International Dragon Container No. SEGU9818430.pdf,10. |  |  | 20 |  | ,41,20,21
M-229-2025 Apex Royal International Dragon Container No. SEGU9818430.pdf, | 11. |  |  | 20 | ,41,20,21
M-229-2025 Apex Royal International Dragon Container No. SEGU9818430.pdf,12. |  |  | 20 |  | ,41,20,21
M-229-2025 Apex Royal International Dragon Container No. SEGU9818430.pdf, | 13. |  |  | 20 | ,41,20,21
M-229-2025 Apex Royal International Dragon Container No. SEGU9818430.pdf,14. |  |  | 20 |  | ,41,20,21
M-229-2025 Apex Royal International Dragon Container No. SEGU9818430.pdf, | 15. |  |  | 20 | ,41,20,21
M-229-2025 Apex Royal International Dragon Container No. SEGU9818430.pdf,16. |  |  | 20 |  | ,41,20,21
M-229-2025 Apex Royal International Dragon Container No. SEGU9818430.pdf, | 17. |  |  | 20 | ,41,20,21
M-229-2025 Apex Royal International Dragon Container No. SEGU9818430.pdf,18. |  |  | 20 |  | ,41,20,21
M-229-2025 Apex Royal International Dragon Container No. SEGU9818430.pdf, | 19. |  |  | 20 | ,41,20,21
M-229-2025 Apex Royal International Dragon Container No. SEGU9818430.pdf,20. |  |  | 20 |  | ,41,20,21
M-267-2025 Anusaya Fresh Dragon Container No. OTPU6254066 - Chennai.pdf, | 1. |  |  | 18 | ,37,18,19
M-267-2025 Anusaya Fresh Dragon Container No. OTPU6254066 - Chennai.pdf, | 2. |  |  | 18 | ,37,18,19
M-267-2025 Anusaya Fresh Dragon Container No. OTPU6254066 - Chennai.pdf, | 3. |  |  | 18 | ,37,18,19
M-267-2025 Anusaya Fresh Dragon Container No. OTPU6254066 - Chennai.pdf, | 4. |  |  | 18 | ,36,17,19
M-267-2025 Anusaya Fresh Dragon Container No. OTPU6254066 - Chennai.pdf, | 5. |  |  | 18 | ,37,18,19
M-267-2025 Anusaya Fresh Dragon Container No. OTPU6254066 - Chennai.pdf, | 6. |  |  | 18 | ,37,18,19
M-267-2025 Anusaya Fresh Dragon Container No. OTPU6254066 - Chennai.pdf, | 7. |  |  | 18 | ,37,18,19
M-267-2025 Anusaya Fresh Dragon Container No. OTPU6254066 - Chennai.pdf, | 8. |  |  | 18 | ,37,18,19
M-267-2025 Anusaya Fresh Dragon Container No. OTPU6254066 - Chennai.pdf, | 9. |  |  | 18 | ,37,18,19
M-267-2025 Anusaya Fresh Dragon Container No. OTPU6254066 - Chennai.pdf, | 10. |  |  | 18 | ,37,18,19
M-267-2025 Anusaya Fresh Dragon Container No. OTPU6254066 - Chennai.pdf, | 11. |  |  | 18 | ,37,18,19
M-267-2025 Anusaya Fresh Dragon Container No. OTPU6254066 - Chennai.pdf, | 12. |  |  | 18 | ,37,18,19
M-267-2025 Anusaya Fresh Dragon Container No. OTPU6254066 - Chennai.pdf, | 13. |  |  | 18 | ,37,18,19
M-267-2025 Anusaya Fresh Dragon Container No. OTPU6254066 - Chennai.pdf, | 14. |  |  | 18 | ,37,18,19
M-267-2025 Anusaya Fresh Dragon Container No. OTPU6254066 - Chennai.pdf, | 15. |  |  | 18 | ,37,18,19
M-267-2025 Anusaya Fresh Dragon Container No. OTPU6254066 - Chennai.pdf, | 1. |  |  | 20 | ,40,19,21
M-267-2025 Anusaya Fresh Dragon Container No. OTPU6254066 - Chennai.pdf, | 2. |  |  | 20 | ,40,19,21
M-267-2025 Anusaya Fresh Dragon Container No. OTPU6254066 - Chennai.pdf, | 3. |  |  | 20 | ,41,20,21
M-267-2025 Anusaya Fresh Dragon Container No. OTPU6254066 - Chennai.pdf, | 4. |  |  | 20 | ,41,20,21
M-267-2025 Anusaya Fresh Dragon Container No. OTPU6254066 - Chennai.pdf, | 5. |  |  | 20 | ,41,20,21
M-267-2025 Anusaya Fresh Dragon Container No. OTPU6254066 - Chennai.pdf, | 1. |  |  | 18 | ,302,269,33
M-267-2025 Anusaya Fresh Dragon Container No. OTPU6254066 - Chennai.pdf, | 2. |  |  | 20 | ,123,98,25
M-268-2025 Anusaya Fresh Dragon Container No. SEGU9752585 (PM Cold Storage).pdf, | 1. |  |  | 20 | ,40,19,21
M-268-2025 Anusaya Fresh Dragon Container No. SEGU9752585 (PM Cold Storage).pdf, | 2. |  |  | 20 | ,40,19,21
M-268-2025 Anusaya Fresh Dragon Container No. SEGU9752585 (PM Cold Storage).pdf, | 3. |  |  | 20 | ,40,19,21
M-268-2025 Anusaya Fresh Dragon Container No. SEGU9752585 (PM Cold Storage).pdf, | 4. |  |  | 20 | ,40,19,21
M-268-2025 Anusaya Fresh Dragon Container No. SEGU9752585 (PM Cold Storage).pdf, | 5. |  |  | 20 | ,40,19,21
M-268-2025 Anusaya Fresh Dragon Container No. SEGU9752585 (PM Cold Storage).pdf, | 6. |  |  | 20 | ,40,19,21
M-268-2025 Anusaya Fresh Dragon Container No. SEGU9752585 (PM Cold Storage).pdf, | 7. |  |  | 20 | ,40,19,21
M-268-2025 Anusaya Fresh Dragon Container No. SEGU9752585 (PM Cold Storage).pdf, | 8. |  |  | 20 | ,40,19,21
M-268-2025 Anusaya Fresh Dragon Container No. SEGU9752585 (PM Cold Storage).pdf, | 9. |  |  | 20 | ,40,19,21
M-268-2025 Anusaya Fresh Dragon Container No. SEGU9752585 (PM Cold Storage).pdf, | 10. |  |  | 20 | ,40,19,21
M-268-2025 Anusaya Fresh Dragon Container No. SEGU9752585 (PM Cold Storage).pdf, | 11. |  |  | 20 | ,40,19,21
M-268-2025 Anusaya Fresh Dragon Container No. SEGU9752585 (PM Cold Storage).pdf, | 12. |  |  | 20 | ,40,19,21
M-268-2025 Anusaya Fresh Dragon Container No. SEGU9752585 (PM Cold Storage).pdf, | 13. |  |  | 20 | ,40,19,21
M-268-2025 Anusaya Fresh Dragon Container No. SEGU9752585 (PM Cold Storage).pdf, | 14. |  |  | 20 | ,40,19,21
M-268-2025 Anusaya Fresh Dragon Container No. SEGU9752585 (PM Cold Storage).pdf, | 15. |  |  | 20 | ,40,19,21
M-268-2025 Anusaya Fresh Dragon Container No. SEGU9752585 (PM Cold Storage).pdf, | 16. |  |  | 20 | ,40,19,21
M-268-2025 Anusaya Fresh Dragon Container No. SEGU9752585 (PM Cold Storage).pdf, | 17. |  |  | 20 | ,40,19,21
M-268-2025 Anusaya Fresh Dragon Container No. SEGU9752585 (PM Cold Storage).pdf, | 18. |  |  | 20 | ,40,19,21
M-268-2025 Anusaya Fresh Dragon Container No. SEGU9752585 (PM Cold Storage).pdf, | 19. |  |  | 20 | ,40,19,21
M-268-2025 Anusaya Fresh Dragon Container No. SEGU9752585 (PM Cold Storage).pdf, | 20. |  |  | 20 | ,40,19,21
M-50-2025 Shri Balaji Fruits Dragon Fruits Container No. FSCU5829544.pdf,1. |  |  | 20 |  | ,41,20,21
M-50-2025 Shri Balaji Fruits Dragon Fruits Container No. FSCU5829544.pdf, | 2. |  |  | 20 | ,41,20,21
M-50-2025 Shri Balaji Fruits Dragon Fruits Container No. FSCU5829544.pdf,3. |  |  | 20 |  | ,41,20,21
M-50-2025 Shri Balaji Fruits Dragon Fruits Container No. FSCU5829544.pdf, | 4. |  |  | 20 | ,41,20,21
M-50-2025 Shri Balaji Fruits Dragon Fruits Container No. FSCU5829544.pdf,5. |  |  | 20 |  | ,41,20,21
M-50-2025 Shri Balaji Fruits Dragon Fruits Container No. FSCU5829544.pdf, | 6. |  |  | 20 | ,41,20,21
M-50-2025 Shri Balaji Fruits Dragon Fruits Container No. FSCU5829544.pdf,7. |  |  | 20 |  | ,41,20,21
M-50-2025 Shri Balaji Fruits Dragon Fruits Container No. FSCU5829544.pdf, | 8. |  |  | 20 | ,41,20,21
M-50-2025 Shri Balaji Fruits Dragon Fruits Container No. FSCU5829544.pdf,9. |  |  | 20 |  | ,41,20,21
M-50-2025 Shri Balaji Fruits Dragon Fruits Container No. FSCU5829544.pdf, | 10. |  |  | 20 | ,41,20,21
M-50-2025 Shri Balaji Fruits Dragon Fruits Container No. FSCU5829544.pdf,11. |  |  | 20 |  | ,41,20,21
M-50-2025 Shri Balaji Fruits Dragon Fruits Container No. FSCU5829544.pdf, | 12. |  |  | 20 | ,41,20,21
M-50-2025 Shri Balaji Fruits Dragon Fruits Container No. FSCU5829544.pdf,13. |  |  | 20 |  | ,41,20,21
M-50-2025 Shri Balaji Fruits Dragon Fruits Container No. FSCU5829544.pdf, | 14. |  |  | 20 | ,41,20,21
M-50-2025 Shri Balaji Fruits Dragon Fruits Container No. FSCU5829544.pdf,15. |  |  | 20 |  | ,41,20,21
M-50-2025 Shri Balaji Fruits Dragon Fruits Container No. FSCU5829544.pdf, | 16. |  |  | 20 | ,41,20,21
M-50-2025 Shri Balaji Fruits Dragon Fruits Container No. FSCU5829544.pdf,1. |  |  | 18 |  | 1,37,18,19
M-50-2025 Shri Balaji Fruits Dragon Fruits Container No. FSCU5829544.pdf, | 2. |  |  | 18 | ,37,18,19
M-50-2025 Shri Balaji Fruits Dragon Fruits Container No. FSCU5829544.pdf,3. |  |  | 18 |  | 1,37,18,19
M-50-2025 Shri Balaji Fruits Dragon Fruits Container No. FSCU5829544.pdf,1. |  |  | 22 |  | 1,45,22,23
M-50-2025 Shri Balaji Fruits Dragon Fruits Container No. FSCU5829544.pdf, | 2. |  |  | 22 | ,45,22,23
M-50-2025 Shri Balaji Fruits Dragon Fruits Container No. FSCU5829544.pdf,3. |  |  | 22 |  | 1,45,22,23
M-50-2025 Shri Balaji Fruits Dragon Fruits Container No. FSCU5829544.pdf,1. |  |  | 20 |  | ,356,320,36
M-50-2025 Shri Balaji Fruits Dragon Fruits Container No. FSCU5829544.pdf, | 2. |  |  | 18 | ,75,54,21
M-50-2025 Shri Balaji Fruits Dragon Fruits Container No. FSCU5829544.pdf,3. |  |  | 22 |  | ,91,66,25
M-52-2025 Gajumal Mulchand - Chennai Dragon Container No. TCLU1368119.pdf,1. |  |  | 20 |  | ,43,22,21
M-52-2025 Gajumal Mulchand - Chennai Dragon Container No. TCLU1368119.pdf, | 2. |  |  | 20 | ,40,19,21
M-52-2025 Gajumal Mulchand - Chennai Dragon Container No. TCLU1368119.pdf,3. |  |  | 20 |  | ,42,21,21
M-52-2025 Gajumal Mulchand - Chennai Dragon Container No. TCLU1368119.pdf, | 4. |  |  | 20 | ,42,21,21
M-52-2025 Gajumal Mulchand - Chennai Dragon Container No. TCLU1368119.pdf,5. |  |  | 20 |  | ,41,20,21
M-52-2025 Gajumal Mulchand - Chennai Dragon Container No. TCLU1368119.pdf, | 6. |  |  | 20 | ,41,20,21
M-52-2025 Gajumal Mulchand - Chennai Dragon Container No. TCLU1368119.pdf,7. |  |  | 20 |  | ,42,21,21
M-52-2025 Gajumal Mulchand - Chennai Dragon Container No. TCLU1368119.pdf, | 8. |  |  | 20 | ,41,20,21
M-52-2025 Gajumal Mulchand - Chennai Dragon Container No. TCLU1368119.pdf,9. |  |  | 20 |  | ,42,21,21
M-52-2025 Gajumal Mulchand - Chennai Dragon Container No. TCLU1368119.pdf, | 10. |  |  | 20 | ,41,20,21
M-52-2025 Gajumal Mulchand - Chennai Dragon Container No. TCLU1368119.pdf,11. |  |  | 20 |  | ,42,21,21
M-52-2025 Gajumal Mulchand - Chennai Dragon Container No. TCLU1368119.pdf, | 12. |  |  | 20 | ,42,21,21
M-52-2025 Gajumal Mulchand - Chennai Dragon Container No. TCLU1368119.pdf,13. |  |  | 20 |  | ,42,21,21
M-52-2025 Gajumal Mulchand - Chennai Dragon Container No. TCLU1368119.pdf, | 14. |  |  | 20 | ,41,20,21
M-52-2025 Gajumal Mulchand - Chennai Dragon Container No. TCLU1368119.pdf,15. |  |  | 20 |  | ,42,21,21
M-52-2025 Gajumal Mulchand - Chennai Dragon Container No. TCLU1368119.pdf, | 16. |  |  | 20 | ,41,20,21
M-52-2025 Gajumal Mulchand - Chennai Dragon Container No. TCLU1368119.pdf,17. |  |  | 20 |  | ,41,20,21
M-52-2025 Gajumal Mulchand - Chennai Dragon Container No. TCLU1368119.pdf, | 18. |  |  | 20 | ,41,20,21
M-52-2025 Gajumal Mulchand - Chennai Dragon Container No. TCLU1368119.pdf,19. |  |  | 20 |  | ,42,21,21
M-52-2025 Gajumal Mulchand - Chennai Dragon Container No. TCLU1368119.pdf, | 20. |  |  | 20 | ,42,21,21
M-52-2025 Gajumal Mulchand - Chennai Dragon Container No. TCLU1368119.pdf,1. |  |  | 22 |  | ,46,23,23
M-52-2025 Gajumal Mulchand - Chennai Dragon Container No. TCLU1368119.pdf, | 2. |  |  | 22 | ,46,23,23
M-52-2025 Gajumal Mulchand - Chennai Dragon Container No. TCLU1368119.pdf,1. |  |  | 20 |  | ,451,411,40
M-52-2025 Gajumal Mulchand - Chennai Dragon Container No. TCLU1368119.pdf, | 2. |  |  | 22 | ,70,46,24
M-64-24B Shri Balaji Fruits Dragon Fruits Container No. IAAU8698356.pdf,1. |  |  | 20 |  | ,42,21,21
M-64-24B Shri Balaji Fruits Dragon Fruits Container No. IAAU8698356.pdf, | 2. |  |  | 20 | ,41,20,21
M-64-24B Shri Balaji Fruits Dragon Fruits Container No. IAAU8698356.pdf,3. |  |  | 20 |  | ,41,20,21
M-64-24B Shri Balaji Fruits Dragon Fruits Container No. IAAU8698356.pdf, | 4. |  |  | 20 | ,41,20,21
M-64-24B Shri Balaji Fruits Dragon Fruits Container No. IAAU8698356.pdf,5. |  |  | 20 |  | ,41,20,21
M-64-24B Shri Balaji Fruits Dragon Fruits Container No. IAAU8698356.pdf, | 6. |  |  | 20 | ,42,21,21
M-64-24B Shri Balaji Fruits Dragon Fruits Container No. IAAU8698356.pdf,7. |  |  | 20 |  | ,41,20,21
M-64-24B Shri Balaji Fruits Dragon Fruits Container No. IAAU8698356.pdf, | 8. |  |  | 20 | ,41,20,21
M-64-24B Shri Balaji Fruits Dragon Fruits Container No. IAAU8698356.pdf,9. |  |  | 20 |  | ,42,21,21
M-64-24B Shri Balaji Fruits Dragon Fruits Container No. IAAU8698356.pdf, | 10. |  |  | 20 | ,41,20,21
M-64-24B Shri Balaji Fruits Dragon Fruits Container No. IAAU8698356.pdf,1. |  |  | 22 | 1 | ,44,21,23
M-64-24B Shri Balaji Fruits Dragon Fruits Container No. IAAU8698356.pdf,2. |  |  | 22 | 1 | ,44,21,23
M-64-24B Shri Balaji Fruits Dragon Fruits Container No. IAAU8698356.pdf,3. |  |  | 22 | 1 | ,44,21,23
M-64-24B Shri Balaji Fruits Dragon Fruits Container No. IAAU8698356.pdf,4. |  |  | 22 | 1 | ,44,21,23
M-64-24B Shri Balaji Fruits Dragon Fruits Container No. IAAU8698356.pdf,5. |  |  | 22 | 1 | ,44,21,23
M-64-24B Shri Balaji Fruits Dragon Fruits Container No. IAAU8698356.pdf,6. |  |  | 22 | 1 | ,44,21,23
M-64-24B Shri Balaji Fruits Dragon Fruits Container No. IAAU8698356.pdf,7. |  |  | 22 | 1 | ,44,21,23
M-64-24B Shri Balaji Fruits Dragon Fruits Container No. IAAU8698356.pdf,8. |  |  | 22 | 1 | ,44,21,23
M-64-24B Shri Balaji Fruits Dragon Fruits Container No. IAAU8698356.pdf,9. |  |  | 22 | 1 | ,44,21,23
M-64-24B Shri Balaji Fruits Dragon Fruits Container No. IAAU8698356.pdf,10. |  |  | 22 | 1 | ,43,20,23
M-64-24B Shri Balaji Fruits Dragon Fruits Container No. IAAU8698356.pdf, | 1. |  |  | 20 | ,233,203,30
M-64-24B Shri Balaji Fruits Dragon Fruits Container No. IAAU8698356.pdf,2. |  |  | 22 |  | ,241,209,32
M-80-2025 Anusaya Fresh - Dragon Container No. SEGU9312077.pdf,1. |  |  | 20 |  | ,41,20,21
M-80-2025 Anusaya Fresh - Dragon Container No. SEGU9312077.pdf, | 2. |  |  | 20 | ,41,20,21
M-80-2025 Anusaya Fresh - Dragon Container No. SEGU9312077.pdf,3. |  |  | 20 |  | ,41,20,21
M-80-2025 Anusaya Fresh - Dragon Container No. SEGU9312077.pdf, | 4. |  |  | 20 | ,41,20,21
M-80-2025 Anusaya Fresh - Dragon Container No. SEGU9312077.pdf,5. |  |  | 20 |  | ,41,20,21
M-80-2025 Anusaya Fresh - Dragon Container No. SEGU9312077.pdf, | 6. |  |  | 20 | ,41,20,21
M-80-2025 Anusaya Fresh - Dragon Container No. SEGU9312077.pdf,7. |  |  | 20 |  | ,41,20,21
M-80-2025 Anusaya Fresh - Dragon Container No. SEGU9312077.pdf, | 8. |  |  | 20 | ,41,20,21
M-80-2025 Anusaya Fresh - Dragon Container No. SEGU9312077.pdf,1. |  |  | 22 |  | ,45,22,23
M-80-2025 Anusaya Fresh - Dragon Container No. SEGU9312077.pdf, | 2. |  |  | 22 | ,45,22,23
M-80-2025 Anusaya Fresh - Dragon Container No. SEGU9312077.pdf,3. |  |  | 22 |  | ,45,22,23
M-80-2025 Anusaya Fresh - Dragon Container No. SEGU9312077.pdf, | 4. |  |  | 22 | ,45,22,23
M-80-2025 Anusaya Fresh - Dragon Container No. SEGU9312077.pdf,5. |  |  | 22 |  | ,45,22,23
M-80-2025 Anusaya Fresh - Dragon Container No. SEGU9312077.pdf, | 6. |  |  | 22 | ,45,22,23
M-80-2025 Anusaya Fresh - Dragon Container No. SEGU9312077.pdf,1. |  |  | 20 |  | ,188,160,28
M-80-2025 Anusaya Fresh - Dragon Container No. SEGU9312077.pdf, | 2. |  |  | 22 | ,160,132,28
M-82-24B Gajumal Mulchand - Dragon Container No. FSCU5969274.pdf,1. |  |  | 20 |  | ,41,20,21
M-82-24B Gajumal Mulchand - Dragon Container No. FSCU5969274.pdf, | 2. |  |  | 20 | ,41,20,21
M-82-24B Gajumal Mulchand - Dragon Container No. FSCU5969274.pdf,3. |  |  | 20 |  | ,42,21,21
M-82-24B Gajumal Mulchand - Dragon Container No. FSCU5969274.pdf, | 4. |  |  | 20 | ,42,21,21
M-82-24B Gajumal Mulchand - Dragon Container No. FSCU5969274.pdf,5. |  |  | 20 |  | ,41,20,21
M-82-24B Gajumal Mulchand - Dragon Container No. FSCU5969274.pdf, | 6. |  |  | 20 | ,41,20,21
M-82-24B Gajumal Mulchand - Dragon Container No. FSCU5969274.pdf,7. |  |  | 20 |  | ,42,21,21
M-82-24B Gajumal Mulchand - Dragon Container No. FSCU5969274.pdf, | 8. |  |  | 20 | ,41,20,21
M-82-24B Gajumal Mulchand - Dragon Container No. FSCU5969274.pdf,9. |  |  | 20 |  | ,41,20,21
M-82-24B Gajumal Mulchand - Dragon Container No. FSCU5969274.pdf, | 10. |  |  | 20 | ,41,20,21
M-82-24B Gajumal Mulchand - Dragon Container No. FSCU5969274.pdf,1. |  | 22 |  |  | 1,45,22,23
M-82-24B Gajumal Mulchand - Dragon Container No. FSCU5969274.pdf, | 2. |  | 22 |  | ,45,22,23
M-82-24B Gajumal Mulchand - Dragon Container No. FSCU5969274.pdf,3. |  | 22 |  |  | 1,45,22,23
M-82-24B Gajumal Mulchand - Dragon Container No. FSCU5969274.pdf,1. |  |  | 20 |  | 10,233,203,30
M-82-24B Gajumal Mulchand - Dragon Container No. FSCU5969274.pdf, | 2. |  | 22 |  | ,91,66,25
M-9-2026 Anusaya Fersh (Phulimex Import Export Co Ltd) Dragon Container No. IAAU8681760.pdf, | 19. |  |  | 1 | ,9,10,1
M-93-24B Gajumal Mulchand - Dragon Container No. SEGU9037680 - Destuffing.pdf,1. |  |  | 20 |  | ,41,20,21
M-93-24B Gajumal Mulchand - Dragon Container No. SEGU9037680 - Destuffing.pdf, | 2. |  |  | 20 | ,41,20,21
M-93-24B Gajumal Mulchand - Dragon Container No. SEGU9037680 - Destuffing.pdf,3. |  |  | 20 |  | ,41,20,21
M-93-24B Gajumal Mulchand - Dragon Container No. SEGU9037680 - Destuffing.pdf, | 4. |  |  | 20 | ,41,20,21
M-93-24B Gajumal Mulchand - Dragon Container No. SEGU9037680 - Destuffing.pdf,5. |  |  | 20 |  | ,41,20,21
M-93-24B Gajumal Mulchand - Dragon Container No. SEGU9037680 - Destuffing.pdf, | 6. |  |  | 20 | ,41,20,21
M-93-24B Gajumal Mulchand - Dragon Container No. SEGU9037680 - Destuffing.pdf,7. |  |  | 20 |  | ,41,20,21
M-93-24B Gajumal Mulchand - Dragon Container No. SEGU9037680 - Destuffing.pdf, | 8. |  |  | 20 | ,41,20,21
M-93-24B Gajumal Mulchand - Dragon Container No. SEGU9037680 - Destuffing.pdf,9. |  |  | 20 |  | ,41,20,21
M-93-24B Gajumal Mulchand - Dragon Container No. SEGU9037680 - Destuffing.pdf, | 10. |  |  | 20 | ,41,20,21
M-93-24B Gajumal Mulchand - Dragon Container No. SEGU9037680 - Destuffing.pdf,1. |  |  | 18 |  | ,37,18,19
M-93-24B Gajumal Mulchand - Dragon Container No. SEGU9037680 - Destuffing.pdf, | 2. |  |  | 18 | ,37,18,19
M-93-24B Gajumal Mulchand - Dragon Container No. SEGU9037680 - Destuffing.pdf,3. |  |  | 18 |  | ,37,18,19
M-93-24B Gajumal Mulchand - Dragon Container No. SEGU9037680 - Destuffing.pdf, | 4. |  |  | 18 | ,37,18,19
M-93-24B Gajumal Mulchand - Dragon Container No. SEGU9037680 - Destuffing.pdf,5. |  |  | 18 |  | ,37,18,19
M-93-24B Gajumal Mulchand - Dragon Container No. SEGU9037680 - Destuffing.pdf, | 6. |  |  | 18 | ,37,18,19
M-93-24B Gajumal Mulchand - Dragon Container No. SEGU9037680 - Destuffing.pdf,7. |  |  | 18 |  | ,37,18,19
M-93-24B Gajumal Mulchand - Dragon Container No. SEGU9037680 - Destuffing.pdf, | 8. |  |  | 18 | ,37,18,19
M-93-24B Gajumal Mulchand - Dragon Container No. SEGU9037680 - Destuffing.pdf,9. |  |  | 18 |  | ,37,18,19
M-93-24B Gajumal Mulchand - Dragon Container No. SEGU9037680 - Destuffing.pdf, | 10. |  |  | 18 | ,37,18,19
M-93-24B Gajumal Mulchand - Dragon Container No. SEGU9037680 - Destuffing.pdf,1. |  |  | 20 |  | ,230,200,30
M-93-24B Gajumal Mulchand - Dragon Container No. SEGU9037680 - Destuffing.pdf, | 2. |  |  | 18 | ,208,180,28
MCAPL-008-24B Gajumal Mulchand - (Dragon Shipment - Bangalore) - revised.pdf,1. | 22 | 1 | 0 | 10 | 3,45,22,23
MCAPL-008-24B Gajumal Mulchand - (Dragon Shipment - Bangalore) - revised.pdf,2. | 22 | 1 | 0 | 7 | 0,45,22,23
MCAPL-008-24B Gajumal Mulchand - (Dragon Shipment - Bangalore) - revised.pdf,3. | 22 | 1 | 0 | 9 | 1,45,22,23
MCAPL-008-24B Gajumal Mulchand - (Dragon Shipment - Bangalore) - revised.pdf,4. | 22 | 1 | 0 | 10 | 1,44,21,23
MCAPL-008-24B Gajumal Mulchand - (Dragon Shipment - Bangalore) - revised.pdf,5. | 22 | 1 | 9 | 5 | 0,45,22,23
MCAPL-008-24B Gajumal Mulchand - (Dragon Shipment - Bangalore) - revised.pdf,6. | 22 | 1 | 0 | 5 | 3,45,22,23
MCAPL-008-24B Gajumal Mulchand - (Dragon Shipment - Bangalore) - revised.pdf,7. | 22 | 1 | 8 | 5 | 0,45,22,23
MCAPL-008-24B Gajumal Mulchand - (Dragon Shipment - Bangalore) - revised.pdf,8. | 22 | 1 | 3 | 6 | 0,45,22,23
MCAPL-008-24B Gajumal Mulchand - (Dragon Shipment - Bangalore) - revised.pdf,9. | 22 | 1 | 7 | 3 | 2,45,22,23
MCAPL-008-24B Gajumal Mulchand - (Dragon Shipment - Bangalore) - revised.pdf,10. | 22 | 1 | 9 | 2 | 1,45,22,23
MCAPL-008-24B Gajumal Mulchand - (Dragon Shipment - Bangalore) - revised.pdf,11. | 22 | 1 | 9 | 4 | 0,44,21,23
MCAPL-008-24B Gajumal Mulchand - (Dragon Shipment - Bangalore) - revised.pdf,12. | 22 | 1 | 5 | 3 | 3,45,22,23
MCAPL-008-24B Gajumal Mulchand - (Dragon Shipment - Bangalore) - revised.pdf,13. | 22 | 1 | 8 | 4 | 0,45,22,23
MCAPL-008-24B Gajumal Mulchand - (Dragon Shipment - Bangalore) - revised.pdf,14. | 22 | 1 | 6 | 2 | 0,45,22,23
MCAPL-008-24B Gajumal Mulchand - (Dragon Shipment - Bangalore) - revised.pdf,15. | 22 | 1 | 9 | 3 | 2,45,22,23
MCAPL-008-24B Gajumal Mulchand - (Dragon Shipment - Bangalore) - revised.pdf,16. | 22 | 1 | 7 | 1 | 3,45,22,23
MCAPL-008-24B Gajumal Mulchand - (Dragon Shipment - Bangalore) - revised.pdf,17. | 22 | 1 | 6 | 3 | 1,45,22,23
MCAPL-008-24B Gajumal Mulchand - (Dragon Shipment - Bangalore) - revised.pdf,18. | 22 | 1 | 5 | 2 | 0,45,22,23
MCAPL-008-24B Gajumal Mulchand - (Dragon Shipment - Bangalore) - revised.pdf,19. | 22 | 1 | 4 | 8 | 1,45,22,23
MCAPL-008-24B Gajumal Mulchand - (Dragon Shipment - Bangalore) - revised.pdf,20. | 22 | 1 | 7 | 3 | 5,44,21,23
MCAPL-013-24B Gajumal Mulchand - (Dragon Shipment - Bangalore).pdf,1. | 20 | 1 | 3 | 6 | 3,43,22,21
MCAPL-013-24B Gajumal Mulchand - (Dragon Shipment - Bangalore).pdf,2. | 20 | 1 | 3 | 6 | 0,42,21,21
MCAPL-013-24B Gajumal Mulchand - (Dragon Shipment - Bangalore).pdf,3. | 20 | 1 | 4 | 5 | 0,42,21,21
MCAPL-013-24B Gajumal Mulchand - (Dragon Shipment - Bangalore).pdf,4. | 20 | 1 | 8 | 6 | 0,43,22,21
MCAPL-013-24B Gajumal Mulchand - (Dragon Shipment - Bangalore).pdf,5. | 20 | 1 | 3 | 4 | 0,42,21,21
MCAPL-013-24B Gajumal Mulchand - (Dragon Shipment - Bangalore).pdf,6. | 20 | 1 | 5 | 3 | 1,43,22,21
MCAPL-013-24B Gajumal Mulchand - (Dragon Shipment - Bangalore).pdf,7. | 20 | 1 | 5 | 7 | 0,41,20,21
MCAPL-013-24B Gajumal Mulchand - (Dragon Shipment - Bangalore).pdf,8. | 20 | 1 | 6 | 4 | 1,42,21,21
MCAPL-013-24B Gajumal Mulchand - (Dragon Shipment - Bangalore).pdf,9. | 20 | 1 | 7 | 6 | 2,42,21,21
MCAPL-013-24B Gajumal Mulchand - (Dragon Shipment - Bangalore).pdf,10. | 20 | 1 | 3 | 5 | 2,42,21,21
MCAPL-013-24B Gajumal Mulchand - (Dragon Shipment - Bangalore).pdf,1. | 22 | 1 | 6 | 4 | 0,44,21,23
MCAPL-013-24B Gajumal Mulchand - (Dragon Shipment - Bangalore).pdf,2. | 22 | 1 | 9 | 2 | 0,46,23,23
MCAPL-013-24B Gajumal Mulchand - (Dragon Shipment - Bangalore).pdf,3. | 22 | 1 | 5 | 5 | 0,44,21,23
MCAPL-013-24B Gajumal Mulchand - (Dragon Shipment - Bangalore).pdf,4. | 22 | 1 | 6 | 3 | 0,45,22,23
MCAPL-013-24B Gajumal Mulchand - (Dragon Shipment - Bangalore).pdf,5. | 22 | 1 | 4 | 6 | 0,46,23,23
MCAPL-013-24B Gajumal Mulchand - (Dragon Shipment - Bangalore).pdf,6. | 22 | 1 | 6 | 2 | 0,43,20,23
MCAPL-013-24B Gajumal Mulchand - (Dragon Shipment - Bangalore).pdf,7. | 22 | 1 | 8 | 7 | 0,44,21,23
MCAPL-013-24B Gajumal Mulchand - (Dragon Shipment - Bangalore).pdf,8. | 22 | 1 | 5 | 5 | 0,46,23,23
MCAPL-013-24B Gajumal Mulchand - (Dragon Shipment - Bangalore).pdf,9. | 22 | 1 | 5 | 2 | 0,43,20,23
MCAPL-013-24B Gajumal Mulchand - (Dragon Shipment - Bangalore).pdf,10. | 22 | 1 | 7 | 5 | 0,44,21,23
MCAPL-013-24B Gajumal Mulchand - (Dragon Shipment - Bangalore).pdf,11. | 22 | 1 | 5 | 5 | 0,45,22,23
MCAPL-013-24B Gajumal Mulchand - (Dragon Shipment - Bangalore).pdf,12. | 22 | 1 | 5 | 4 | 0,45,22,23
MCAPL-013-24B Gajumal Mulchand - (Dragon Shipment - Bangalore).pdf,13. | 22 | 1 | 3 | 7 | 0,47,24,23
MCAPL-013-24B Gajumal Mulchand - (Dragon Shipment - Bangalore).pdf,14. | 22 | 1 | 3 | 6 | 0,46,23,23
MCAPL-013-24B Gajumal Mulchand - (Dragon Shipment - Bangalore).pdf,15. | 22 | 1 | 2 | 8 | 0,46,23,23
MCAPL-013-24B Gajumal Mulchand - (Dragon Shipment - Bangalore).pdf,1. | 20 | 10 | 47 | 52 | 9,242,212,30
MCAPL-013-24B Gajumal Mulchand - (Dragon Shipment - Bangalore).pdf,2. | 22 | 15 | 79 | 71 | 0,366,329,37
M-122-2025 Pawanai Ventures - Grapes Container No. IAAU8691177.pdf, | 1. |  |  | 24 | ,38.324,44120,44081.676
M-122-2025 Pawanai Ventures - Grapes Container No. IAAU8691177.pdf, | 1. |  |  | 26 | ,39.718,121182,121142.282
M-185-2025 Gyan Fruit Grapes Container No. IAAU8688234.pdf, | Percentage |  |  |  | 45.09%,54.91,10.00,44.91
M-185-2025 Gyan Fruit Grapes Container No. IAAU8688234.pdf,Weight |  | Red Globe |  | 77.633 | 82.401,173.246,173.245,0.001
M-185-2025 Gyan Fruit Grapes Container No. IAAU8688234.pdf, | Percentage |  |  | 45.09% | 47.12%,54.91,10.00,44.91
M-200-2025 Sunmoon International Grapes Air Shipment.pdf, |  | Grapes Red SDL (Allison – Sheegene 20) |  |  | ,28.2,90,61.8
M-200-2025 Sunmoon International Grapes Air Shipment.pdf, |  | Grapes White SDL (Sweet Globe – IFG 10) |  |  | ,18.2,90,71.8
M-201-2025 Fresh Fruit Alliances Grapes Container No. IAAU8682175.pdf,1. |  |  | 3.129 |  | ,13.474,3344,3330.526
M-201-2025 Fresh Fruit Alliances Grapes Container No. IAAU8682175.pdf,2. |  | 2.770 |  |  | 1.785,14.192,4554,4539.808
M-201-2025 Fresh Fruit Alliances Grapes Container No. IAAU8682175.pdf,3. |  |  | 3.603 |  | ,15.410,5565,5549.590
M-201-2025 Fresh Fruit Alliances Grapes Container No. IAAU8682175.pdf,4. |  | 3.746 |  |  | 1.116,16.544,6671,6654.456
M-201-2025 Fresh Fruit Alliances Grapes Container No. IAAU8682175.pdf,5. |  |  | 3.729 |  | ,17.454,7279,7261.546
M-201-2025 Fresh Fruit Alliances Grapes Container No. IAAU8682175.pdf,6. |  | 0.716 |  |  | 4.907,18.176,8084,8065.824
M-201-2025 Fresh Fruit Alliances Grapes Container No. IAAU8682175.pdf,7. |  |  | 2.940 |  | ,19.530,8590,8570.470
M-201-2025 Fresh Fruit Alliances Grapes Container No. IAAU8682175.pdf,8. |  | 1.958 |  |  | 2.560,20.226,9196,9175.774
M-201-2025 Fresh Fruit Alliances Grapes Container No. IAAU8682175.pdf,9. |  |  | 3.835 |  | ,22.690,97102,97079.310
M-201-2025 Fresh Fruit Alliances Grapes Container No. IAAU8682175.pdf,10. |  | 3.639 |  |  | 2.390,22.836,103107,103084.164
M-201-2025 Fresh Fruit Alliances Grapes Container No. IAAU8682175.pdf,11. |  |  | 3.281 |  | ,23.132,108114,108090.868
M-201-2025 Fresh Fruit Alliances Grapes Container No. IAAU8682175.pdf,12. |  | 2.869 |  |  | 1.409,24.116,115125,115100.884
M-74-2026 AG International (Exportadora Agroqore SPA) Grapes Container No. SEKU9065515.pdf,Total 15 Boxes Percentage |  |  |  |  | ,89.68,10.32,79.36
MCAPL-016-24B HGS International - 1 Container (Grapes) - Revised.pdf, | 5 Plastic Crates % |  |  | 65.21% | ,95.11,4.89,90.22
MCAPL-33-24B Gajumal Mulchand - (OTPU6222304 - Grapes).pdf, | Total 15 Crates wt. |  |  |  | 44.240,98.890,98.880,0.010
MCAPL-33-24B Gajumal Mulchand - (OTPU6222304 - Grapes).pdf, | 15 Plastic Crates% |  |  |  | 44.74%,93.52,6.48,87.04
MCAPL-33-24B Gajumal Mulchand - (OTPU6222304 - Grapes).pdf, | 4 Crates % |  |  |  | ,97.52,2.48,95.04
MCAPL-33-24B Gajumal Mulchand - (OTPU6222304 - Grapes).pdf, | 2 Crates % |  |  |  | ,97.77,2.23,95.54
MCAPL-33-24B Gajumal Mulchand - (OTPU6222304 - Grapes).pdf,1. |  |  |  | 15 Crates - Red | ,113.890,98.880,15.010
MCAPL-33-24B Gajumal Mulchand - (OTPU6222304 - Grapes).pdf, | Total 21 Crates Wt. |  |  |  | ,137.27,137.26,0.01
MCAPL-33-24B Gajumal Mulchand - (OTPU6222304 - Grapes).pdf, | 21 Crates % |  |  |  | ,94.66,5.34,89.32
MCAPL-34-24B HGS International - CXRU1634330 - Grapes Destuffing).pdf, | 20 Plastic Crates % |  |  |  | ,85.24,14.76,70.48
M-102-2026 NGK Trading (Agrofruta S.A. Chile) Kiwi # OTPU6766015.pdf, | 39 |  |  | 34 | ,239,3747,3508
M-102-2026 NGK Trading (Agrofruta S.A. Chile) Kiwi # OTPU6766015.pdf, | 42 |  |  | 30 | ,242,4858,4616
M-102-2026 NGK Trading (Agrofruta S.A. Chile) Kiwi # OTPU6766015.pdf, | 45 |  |  | 19 | ,165,5964,5799
M-102-2026 NGK Trading (Agrofruta S.A. Chile) Kiwi # OTPU6766015.pdf, | 49 |  |  | 32 | ,169,6571,6402
M-121-2026 Gyan Fruit (SK Gyan Fruit SPA) Kiwi # YMLU5492530.pdf, | Percentage % |  |  |  | ,16.00,0.40,15.60
M-124-2025 RB Fruitech - Kiwi Container No. OTPU6693120.pdf, |  | Hayward Cat 1 | 33 | 336,34,336,302
M-124-2025 RB Fruitech - Kiwi Container No. OTPU6693120.pdf, |  | Hayward Cat 1 | 36-39 | 560,3639,560,3079
M-124-2025 RB Fruitech - Kiwi Container No. OTPU6693120.pdf, |  | Hayward Cat 1 | 42 | 224,43,224,181
M-124-2025 RB Fruitech - Kiwi Container No. OTPU6693120.pdf, |  | Hayward Cat 1 | 49-52 | 336,4952,336,4616
M-124-2025 RB Fruitech - Kiwi Container No. OTPU6693120.pdf, |  | Hayward Cat 1R | 33 | 112,34,112,78
M-124-2025 RB Fruitech - Kiwi Container No. OTPU6693120.pdf, |  | Hayward Cat 1R | 36 | 112,37,112,75
M-124-2025 RB Fruitech - Kiwi Container No. OTPU6693120.pdf, |  | Hayward Cat 1R | 45 | 224,46,224,178
M-124-2025 RB Fruitech - Kiwi Container No. OTPU6693120.pdf, |  | Hayward Cat 1R | 49-52 | 336,4952,336,4616
M-125-2025 RB Fruitech - Kiwi Container No. SZLU9755973.pdf, |  | Hayward Cat 1 | 33 | 448,34,448,414
M-125-2025 RB Fruitech - Kiwi Container No. SZLU9755973.pdf, |  | Hayward Cat 1 | 36-39 | 784,3639,784,2855
M-125-2025 RB Fruitech - Kiwi Container No. SZLU9755973.pdf, |  | Hayward Cat 1 | 42-45 | 336,4245,336,3909
M-125-2025 RB Fruitech - Kiwi Container No. SZLU9755973.pdf, |  | Hayward Cat 1 | 49 | 112,50,112,62
M-125-2025 RB Fruitech - Kiwi Container No. SZLU9755973.pdf, |  | Hayward Cat 1R | 33 | 112,34,112,78
M-125-2025 RB Fruitech - Kiwi Container No. SZLU9755973.pdf, |  | Hayward Cat 1R | 36 | 112,37,112,75
M-125-2025 RB Fruitech - Kiwi Container No. SZLU9755973.pdf, |  | Hayward Cat 1R | 45 | 112,46,112,66
M-125-2025 RB Fruitech - Kiwi Container No. SZLU9755973.pdf, |  | Hayward Cat 1R | 49-52 | 224,4952,224,4728
M-126-2025 RB Fruitech - Kiwi Container No. SEGU9762217.pdf, |  | Hayward Cat 1 | 33 | 336,34,336,302
M-126-2025 RB Fruitech - Kiwi Container No. SEGU9762217.pdf, |  | Hayward Cat 1 | 36-39 | 560,3639,560,3079
M-126-2025 RB Fruitech - Kiwi Container No. SEGU9762217.pdf, |  | Hayward Cat 1 | 42-45 | 224,4245,224,4021
M-126-2025 RB Fruitech - Kiwi Container No. SEGU9762217.pdf, |  | Hayward Cat 1 | 49-52 | 336,4952,336,4616
M-126-2025 RB Fruitech - Kiwi Container No. SEGU9762217.pdf, |  | Hayward Cat 1R | 33 | 336,34,336,302
M-126-2025 RB Fruitech - Kiwi Container No. SEGU9762217.pdf, |  | Hayward Cat 1R | 36 | 112,37,112,75
M-126-2025 RB Fruitech - Kiwi Container No. SEGU9762217.pdf, |  | Hayward Cat 1R | 45 | 112,46,112,66
M-126-2025 RB Fruitech - Kiwi Container No. SEGU9762217.pdf, |  | Hayward Cat 1R | 52 | 224,53,224,171
M-2-2025 Fresh Fruit Alliances - Kiwi Container # KKFU6721770.pdf, | 1 | 30 |  | 10.84 | ,61.98,28,33.98
M-2-2025 Fresh Fruit Alliances - Kiwi Container # KKFU6721770.pdf, | 2 |  |  | 10.89 | ,32.03,29,3.03
M-2-2025 Fresh Fruit Alliances - Kiwi Container # KKFU6721770.pdf, | 3 |  |  | 10.85 | ,31.99,30,1.99
M-2-2025 Fresh Fruit Alliances - Kiwi Container # KKFU6721770.pdf, | 4 | 33 |  | 10.36 | ,64.50,31,33.50
M-2-2025 Fresh Fruit Alliances - Kiwi Container # KKFU6721770.pdf, | 5 |  |  | 10.14 | ,31.28,32,0.72
M-2-2025 Fresh Fruit Alliances - Kiwi Container # KKFU6721770.pdf, | 6 |  |  | 10.52 | ,31.66,33,1.34
M-2-2025 Fresh Fruit Alliances - Kiwi Container # KKFU6721770.pdf, | 7 | 36 |  | 10.84 | ,67.98,34,33.98
M-2-2025 Fresh Fruit Alliances - Kiwi Container # KKFU6721770.pdf, | 8 |  |  | 10.82 | ,31.96,35,3.04
M-2-2025 Fresh Fruit Alliances - Kiwi Container # KKFU6721770.pdf, | 9 |  |  | 10.82 | ,31.96,36,4.04
M-2-2025 Fresh Fruit Alliances - Kiwi Container # KKFU6721770.pdf, | 10 | 39 |  | 10.36 | ,70.50,37,33.50
M-2-2025 Fresh Fruit Alliances - Kiwi Container # KKFU6721770.pdf, | 11 |  |  | 10.53 | ,42.67,38,4.67
M-2-2025 Fresh Fruit Alliances - Kiwi Container # KKFU6721770.pdf, | 12 |  |  | 9.82 | ,42.96,39,3.96
M-2-2025 Fresh Fruit Alliances - Kiwi Container # KKFU6721770.pdf, | 13 | 42 |  | 10.4 | ,73.54,40,33.54
M-2-2025 Fresh Fruit Alliances - Kiwi Container # KKFU6721770.pdf, | 14 |  |  | 9.31 | ,44.45,41,3.45
M-2-2025 Fresh Fruit Alliances - Kiwi Container # KKFU6721770.pdf, | 15 |  |  |  | ,46.69,42,4.69
M-2-2025 Fresh Fruit Alliances - Kiwi Container # KKFU6721770.pdf, | 16 |  | 45 |  | ,76.91,43,33.91
M-2-2025 Fresh Fruit Alliances - Kiwi Container # KKFU6721770.pdf, | 17 |  |  |  | ,49.06,44,5.06
M-2-2025 Fresh Fruit Alliances - Kiwi Container # KKFU6721770.pdf, | 18 |  |  |  | ,49.97,45,4.97
M-2-2025 Fresh Fruit Alliances - Kiwi Container # KKFU6721770.pdf, | Total 18 Boxes |  |  |  | ,559.14,10.95,548.19
M-79-24B R B Fruitech Pvt.Ltd (Kiwi Container No. OTPU6187501).pdf,Percentage % |  |  |  |  | ,29.36,9.89,19.47
M-79-24B R B Fruitech Pvt.Ltd (Kiwi Container No. OTPU6187501).pdf,Percentage % |  |  |  |  | ,43.32,5.95,37.37
MCAPL-021-24B RB Fruitech Pvt. Ltd (Kiwi).pdf,36 | 9 | 1059 | 352 | 653 | 54,2073,54,2019
MCAPL-021-24B RB Fruitech Pvt. Ltd (Kiwi).pdf,Percentage % |  | 100% | 33.24% | 61.66% | 5.10%,94.90,5.10,89.80
MCAPL-021-24B RB Fruitech Pvt. Ltd (Kiwi).pdf,39 | 7 | 910 | 252 | 595 | 63,1764,63,1701
MCAPL-021-24B RB Fruitech Pvt. Ltd (Kiwi).pdf,Percentage % |  | 100% | 27.70% | 65.38% | 6.92%,93.08,6.92,86.16
MCAPL-021-24B RB Fruitech Pvt. Ltd (Kiwi).pdf,42 | 5 | 737 | 239 | 445 | 53,1426,53,1373
MCAPL-021-24B RB Fruitech Pvt. Ltd (Kiwi).pdf,Percentage % |  | 100% | 32.43% | 60.38% | 7.19%,92.81,7.19,85.62
MCAPL-021-24B RB Fruitech Pvt. Ltd (Kiwi).pdf,45 | 2 | 317 | 91 | 203 | 23,613,23,590
MCAPL-021-24B RB Fruitech Pvt. Ltd (Kiwi).pdf,Percentage % |  | 100% | 28.71% | 64.04 | 7.25%,92.75,7.25,85.50
MCAPL-021-24B RB Fruitech Pvt. Ltd (Kiwi).pdf,Total 23 Boxes |  | 3023 (100%) | 934 (30.90%) | 1896 (62.72%) | 193 (06.38%),5853,193,5660
MCAPL-027-24B RB Fruitech Pvt. Ltd (Kiwi) # SEKU9080335.pdf,36 | 7 | 809 | 378 | 302 | 129,1496,129,1367
MCAPL-027-24B RB Fruitech Pvt. Ltd (Kiwi) # SEKU9080335.pdf,Percentage % |  | (100%) | (46.72%) | (37.33%) | (15.95%),84.05,15.95,68.10
MCAPL-027-24B RB Fruitech Pvt. Ltd (Kiwi) # SEKU9080335.pdf,39 | 5 | 649 | 325 | 281 | 43,1260,43,1217
MCAPL-027-24B RB Fruitech Pvt. Ltd (Kiwi) # SEKU9080335.pdf,Percentage % |  | (100%) | (50.08%) | (43.30%) | (06.62%),93.38,6.62,86.76
MCAPL-027-24B RB Fruitech Pvt. Ltd (Kiwi) # SEKU9080335.pdf,42 | 3 | 424 | 200 | 208 | 16,835,16,819
MCAPL-027-24B RB Fruitech Pvt. Ltd (Kiwi) # SEKU9080335.pdf,Percentage % |  | (100%) | (47.17%) | (49.06%) | (03.77%),96.23,3.77,92.46
MCAPL-027-24B RB Fruitech Pvt. Ltd (Kiwi) # SEKU9080335.pdf,"Total 15 Boxes |  | 1,882 (100%) | 903 (47.98%) | 791 (42.03%) | 188 (09.99%)",3576,188,3388
M-103-2026 Gajumal Mulchand (The Fresh Connection) Mandarin # TRIU8495465.pdf,Percentage |  |  | 1 |  | ,99.49,0.51,98.98
M-103-2026 Gajumal Mulchand (The Fresh Connection) Mandarin # TRIU8495465.pdf,10 Boxes Percentage |  |  |  |  | ,96.33,3.67,92.66
M-111-2026 Gajumal Mulchand (The Fresh Connection) Mandarin # TRIU8495465.pdf,8 Boxes Percentage |  |  |  |  | ,42.19,65.81,23.62
M-88-2026 Gajumal Mulchand (The Fresh Connection) Mandarin # CGMU5533387.pdf,10 Boxes Percentage |  |  |  |  | ,93.38,6.62,86.76
MCAPL-024-24B Mahira International - Mandarins Container No. MNBU3142893 (Revised).pdf, |  | 1. | Soft Citrus | Nadorcott | 2,3,728,725
MCAPL-024-24B Mahira International - Mandarins Container No. MNBU3142893 (Revised).pdf, |  | 2. | Soft Citrus | Nadorcott | 3,5,416,411
MCAPL-024-24B Mahira International - Mandarins Container No. MNBU3142893 (Revised).pdf, |  | 3. | Soft Citrus | Nadorcott | 4,7,936,929
MCAPL-024-24B Mahira International - Mandarins Container No. MNBU3142893 (Revised).pdf,1 | 2 (Citrus) | 7 | 402 | 290 | 43,803,794,9
MCAPL-024-24B Mahira International - Mandarins Container No. MNBU3142893 (Revised).pdf,2 | 3 (Citrus) | 5 | 267 | 297 | 71,677,669,8
MCAPL-024-24B Mahira International - Mandarins Container No. MNBU3142893 (Revised).pdf,3 | 4 (Citrus) | 9 | 481 | 493 | 489,1522,1509,13
MCAPL-025-24B Mahira International - Mandarins Container No. MMAU1005547.pdf, |  | 1. | Soft Citrus | Nadorcott | 2,3,416,413
MCAPL-025-24B Mahira International - Mandarins Container No. MMAU1005547.pdf, |  | 2. | Soft Citrus | Nadorcott | 3,5,1352,1347
MCAPL-025-24B Mahira International - Mandarins Container No. MMAU1005547.pdf, |  | 3. | Soft Citrus | Nadorcott | 4,7,312,305
MCAPL-025-24B Mahira International - Mandarins Container No. MMAU1005547.pdf,1 | 2 (Citrus) | 5 | 226 | 262 | 39,595,588,7
MCAPL-025-24B Mahira International - Mandarins Container No. MMAU1005547.pdf,2 | 3 (Citrus) | 11 | 391 | 878 | 76,1458,1444,14
MCAPL-025-24B Mahira International - Mandarins Container No. MMAU1005547.pdf,3 | 4 (Citrus) | 5 | 213 | 432 | 103,820,811,9
M-114-2026 RK & Co. (International Fruit Pty. Ltd) Orange # SZLU5058040.pdf, | 1. |  | 72 Count (8 Boxes) |  | ,7450,72,7378
M-114-2026 RK & Co. (International Fruit Pty. Ltd) Orange # SZLU5058040.pdf, | 9. |  | 88 Count (9 Boxes) |  | ,7629,90,7539
M-114-2026 RK & Co. (International Fruit Pty. Ltd) Orange # SZLU5058040.pdf,18. |  |  | 105 Count (6 Boxes) |  | D-6650,7811,105,7706
M-117-24B Gajumal Mulchand 2 x Orange Containers # BMOU9304114 & FBIU5168490.pdf, | 100 |  | 8 Boxes (Telescope) |  | ,103,5,98
M-117-24B Gajumal Mulchand 2 x Orange Containers # BMOU9304114 & FBIU5168490.pdf, | 100 |  |  |  | ,98,2,96
M-117-24B Gajumal Mulchand 2 x Orange Containers # BMOU9304114 & FBIU5168490.pdf, | 100 |  |  |  | ,97,3,94
M-117-24B Gajumal Mulchand 2 x Orange Containers # BMOU9304114 & FBIU5168490.pdf, | 100 |  |  |  | ,98,2,96
M-117-24B Gajumal Mulchand 2 x Orange Containers # BMOU9304114 & FBIU5168490.pdf, | 100 |  |  |  | ,97,3,94
M-117-24B Gajumal Mulchand 2 x Orange Containers # BMOU9304114 & FBIU5168490.pdf, | 100 |  |  |  | ,99,1,98
M-124-24B Gajumal Mulchand # CGMU5244975 & SZLU9191282 - Orange.pdf, | 100 |  | 12 (Telescope) |  | ,111,1,110
M-124-24B Gajumal Mulchand # CGMU5244975 & SZLU9191282 - Orange.pdf, | 100 |  |  |  | ,99,1,98
M-124-24B Gajumal Mulchand # CGMU5244975 & SZLU9191282 - Orange.pdf, | 100 |  |  |  | ,99,1,98
M-136-2025 - NGK Trading Company Pvt.Ltd - Orange Container No. OTPU6509172.pdf, | 1. |  |  | 113 | ,133.155,18.265,114.890
M-136-2025 - NGK Trading Company Pvt.Ltd - Orange Container No. OTPU6509172.pdf,2. |  |  | 113 |  | ,133.860,18.97,114.890
M-136-2025 - NGK Trading Company Pvt.Ltd - Orange Container No. OTPU6509172.pdf, | 3. |  |  | 113 | ,133.590,18.7,114.890
M-136-2025 - NGK Trading Company Pvt.Ltd - Orange Container No. OTPU6509172.pdf,4. |  |  | 113 |  | ,133.825,18.935,114.890
M-136-2025 - NGK Trading Company Pvt.Ltd - Orange Container No. OTPU6509172.pdf, | 5. |  |  | 113 | ,133.645,18.755,114.890
M-136-2025 - NGK Trading Company Pvt.Ltd - Orange Container No. OTPU6509172.pdf,6. |  |  | 113 |  | ,133.505,18.615,114.890
M-136-2025 - NGK Trading Company Pvt.Ltd - Orange Container No. OTPU6509172.pdf, | 7. |  |  | 113 | ,133.190,18.3,114.890
M-136-2025 - NGK Trading Company Pvt.Ltd - Orange Container No. OTPU6509172.pdf,8. |  |  | 113 |  | ,133.295,18.405,114.890
M-136-2025 - NGK Trading Company Pvt.Ltd - Orange Container No. OTPU6509172.pdf, | 9. |  |  | 113 | ,133.790,18.9,114.890
M-136-2025 - NGK Trading Company Pvt.Ltd - Orange Container No. OTPU6509172.pdf,10. |  |  | 113 |  | ,133.190,18.3,114.890
M-136-2025 - NGK Trading Company Pvt.Ltd - Orange Container No. OTPU6509172.pdf, | Total 10 Boxes |  |  |  | ,205.045,186.145,18.900
M-138-2025 NGK Trading Company Pvt.Ltd - Orange Container No. SEGU9629077.pdf, | 1. |  |  | 138 (Sunkist) | ,159.36,19.38,139.98
M-138-2025 NGK Trading Company Pvt.Ltd - Orange Container No. SEGU9629077.pdf,2. |  |  | 138 (Sunkist) |  | ,158.758,18.778,139.980
M-138-2025 NGK Trading Company Pvt.Ltd - Orange Container No. SEGU9629077.pdf, | 3. |  |  | 138 (Sunkist) | ,158.874,18.894,139.980
M-138-2025 NGK Trading Company Pvt.Ltd - Orange Container No. SEGU9629077.pdf,4. |  |  | 138 (Sunkist) |  | ,158.69,18.71,139.98
M-138-2025 NGK Trading Company Pvt.Ltd - Orange Container No. SEGU9629077.pdf, | 5. |  |  | 138 (Sunkist) | ,158.886,18.906,139.980
M-138-2025 NGK Trading Company Pvt.Ltd - Orange Container No. SEGU9629077.pdf,6. |  |  | 138 (Sunkist) |  | ,158.62,18.64,139.98
M-138-2025 NGK Trading Company Pvt.Ltd - Orange Container No. SEGU9629077.pdf, | 7. |  |  | 113 (Sunkist) | ,133.938,18.958,114.980
M-138-2025 NGK Trading Company Pvt.Ltd - Orange Container No. SEGU9629077.pdf,8. |  |  | 113 (Sunkist) |  | ,133.804,18.824,114.980
M-138-2025 NGK Trading Company Pvt.Ltd - Orange Container No. SEGU9629077.pdf, | 9. |  |  | 113 (Cara Cara) | ,133.85,18.79,115.06
M-138-2025 NGK Trading Company Pvt.Ltd - Orange Container No. SEGU9629077.pdf,10. |  |  | 113 (Cara Cara) |  | ,134.096,19.036,115.060
M-138-2025 NGK Trading Company Pvt.Ltd - Orange Container No. SEGU9629077.pdf, | 11. |  |  | 113 (Cara Cara) | ,134.05,18.99,115.06
M-138-2025 NGK Trading Company Pvt.Ltd - Orange Container No. SEGU9629077.pdf,Total 11 Boxes |  |  |  |  | ,229.926,207.906,22.020
M-139-2025 NGK Trading Company Pvt.Ltd - Orange Container No. SZLU9260948.pdf, | 1. |  |  | 113 (Cara Cara) | ,133.294,18.382,114.912
M-139-2025 NGK Trading Company Pvt.Ltd - Orange Container No. SZLU9260948.pdf,2. |  |  | 113 (Cara Cara) |  | ,133.702,18.79,114.912
M-139-2025 NGK Trading Company Pvt.Ltd - Orange Container No. SZLU9260948.pdf, | 3. |  |  | 113 (Cara Cara) | ,133.168,18.256,114.912
M-139-2025 NGK Trading Company Pvt.Ltd - Orange Container No. SZLU9260948.pdf,4. |  |  | 113 (Cara Cara) |  | ,134.364,19.452,114.912
M-139-2025 NGK Trading Company Pvt.Ltd - Orange Container No. SZLU9260948.pdf, | 5. |  |  | 113 (Cara Cara) | ,133.810,18.898,114.912
M-139-2025 NGK Trading Company Pvt.Ltd - Orange Container No. SZLU9260948.pdf,6. |  |  | 113 (Cara Cara) |  | ,133.474,18.562,114.912
M-139-2025 NGK Trading Company Pvt.Ltd - Orange Container No. SZLU9260948.pdf, | 7. |  |  | 113 (Cara Cara) | ,134.214,19.302,114.912
M-139-2025 NGK Trading Company Pvt.Ltd - Orange Container No. SZLU9260948.pdf,8. |  |  | 113 (Cara Cara) |  | ,133.644,18.732,114.912
M-139-2025 NGK Trading Company Pvt.Ltd - Orange Container No. SZLU9260948.pdf, | 9. |  |  | 113 (Cara Cara) | ,132.440,17.528,114.912
M-139-2025 NGK Trading Company Pvt.Ltd - Orange Container No. SZLU9260948.pdf,10. |  |  | 113 (Cara Cara) |  | ,133.330,18.418,114.912
M-139-2025 NGK Trading Company Pvt.Ltd - Orange Container No. SZLU9260948.pdf, | Total 10 Boxes |  |  |  | ,205.44,186.32,19.12
M-140-2025 NGK Trading Company Pvt.Ltd - Orange Container No. SEGU9456650.pdf,1 |  |  | 138 |  | ,158.565,18.595,139.970
M-140-2025 NGK Trading Company Pvt.Ltd - Orange Container No. SEGU9456650.pdf, | 2 |  |  | 138 | ,158.960,18.99,139.970
M-140-2025 NGK Trading Company Pvt.Ltd - Orange Container No. SEGU9456650.pdf,3 |  |  | 138 |  | ,159.815,19.845,139.970
M-140-2025 NGK Trading Company Pvt.Ltd - Orange Container No. SEGU9456650.pdf, | 4 |  |  | 138 | ,159.055,19.085,139.970
M-140-2025 NGK Trading Company Pvt.Ltd - Orange Container No. SEGU9456650.pdf,5 |  |  | 138 |  | ,159.200,19.23,139.970
M-140-2025 NGK Trading Company Pvt.Ltd - Orange Container No. SEGU9456650.pdf, | 6 |  |  | 138 | ,158.715,18.745,139.970
M-140-2025 NGK Trading Company Pvt.Ltd - Orange Container No. SEGU9456650.pdf,7 |  |  | 138 |  | ,158.595,18.625,139.970
M-140-2025 NGK Trading Company Pvt.Ltd - Orange Container No. SEGU9456650.pdf, | 8 |  |  | 138 | ,158.795,18.825,139.970
M-140-2025 NGK Trading Company Pvt.Ltd - Orange Container No. SEGU9456650.pdf,9 |  |  | 113 |  | ,133.530,18.56,114.970
M-140-2025 NGK Trading Company Pvt.Ltd - Orange Container No. SEGU9456650.pdf, | 10 |  |  | 113 | ,134.010,19.04,114.970
M-140-2025 NGK Trading Company Pvt.Ltd - Orange Container No. SEGU9456650.pdf,Total 10 Boxes |  |  |  |  | ,209.24,189.54,19.70
M-168-2025 NGK Trading Orange Container No. OTPU6058274.pdf, | 1. |  |  | 138 | ,158.67,18.63,140.04
M-168-2025 NGK Trading Orange Container No. OTPU6058274.pdf,2. |  |  | 138 |  | ,158.835,18.795,140.040
M-168-2025 NGK Trading Orange Container No. OTPU6058274.pdf, | 3. |  |  | 138 | ,158.805,18.765,140.040
M-168-2025 NGK Trading Orange Container No. OTPU6058274.pdf,4. |  |  | 138 |  | ,158.695,18.655,140.040
M-168-2025 NGK Trading Orange Container No. OTPU6058274.pdf, | 5. |  |  | 138 | ,158.535,18.495,140.040
M-168-2025 NGK Trading Orange Container No. OTPU6058274.pdf,6. |  |  | 138 |  | ,158.80,18.76,140.04
M-168-2025 NGK Trading Orange Container No. OTPU6058274.pdf, | 7. |  |  | 113 | ,134.06,19.02,115.04
M-168-2025 NGK Trading Orange Container No. OTPU6058274.pdf,8.. |  |  | 113 |  | ,21.135,19.095,2.040
M-168-2025 NGK Trading Orange Container No. OTPU6058274.pdf, | 9. |  |  | 113 | ,134.035,18.995,115.040
M-168-2025 NGK Trading Orange Container No. OTPU6058274.pdf,10. |  |  | 113 |  | ,133.94,18.9,115.04
M-168-2025 NGK Trading Orange Container No. OTPU6058274.pdf, | 11. |  |  | 56 | ,76.20,18.16,58.04
M-168-2025 NGK Trading Orange Container No. OTPU6058274.pdf,12. |  |  | 88 |  | ,107.59,17.55,90.04
M-168-2025 NGK Trading Orange Container No. OTPU6058274.pdf, | Total 12 Boxes |  |  |  | ,248.30,223.82,24.48
M-169-2025 NGK Trading Orange Container No. TEMU9315750.pdf, | 1. |  |  | 138 | ,158.535,18.555,139.980
M-169-2025 NGK Trading Orange Container No. TEMU9315750.pdf,2. |  |  | 138 |  | ,158.430,18.450,139.980
M-169-2025 NGK Trading Orange Container No. TEMU9315750.pdf, | 3. |  |  | 138 | ,158.940,18.960,139.980
M-169-2025 NGK Trading Orange Container No. TEMU9315750.pdf,4. |  |  | 138 |  | ,158.350,18.370,139.980
M-169-2025 NGK Trading Orange Container No. TEMU9315750.pdf, | 5. |  |  | 138 | ,158.560,18.580,139.980
M-169-2025 NGK Trading Orange Container No. TEMU9315750.pdf,6. |  |  | 138 |  | ,158.425,18.445,139.980
M-169-2025 NGK Trading Orange Container No. TEMU9315750.pdf, | 7. |  |  | 138 | ,158.410,18.430,139.980
M-169-2025 NGK Trading Orange Container No. TEMU9315750.pdf,8. |  |  | 113 |  | ,134.030,19.050,114.980
M-169-2025 NGK Trading Orange Container No. TEMU9315750.pdf, | 9. |  |  | 113 | ,133.760,18.780,114.980
M-169-2025 NGK Trading Orange Container No. TEMU9315750.pdf,10. |  |  | 113 |  | ,133.985,19.005,114.980
M-169-2025 NGK Trading Orange Container No. TEMU9315750.pdf, | Total 11 Boxes |  |  |  | ,206.425,186.625,19.800
M-180-2025 Shri Blaji Fruits Orange Container No. MNBU0262982.pdf, | 1 |  |  | N0181 | ,325,72,253
M-180-2025 Shri Blaji Fruits Orange Container No. MNBU0262982.pdf,2 |  |  | N0181 |  | ,325,72,253
M-180-2025 Shri Blaji Fruits Orange Container No. MNBU0262982.pdf, | 3 |  |  | L7445 | ,7589,72,7517
M-180-2025 Shri Blaji Fruits Orange Container No. MNBU0262982.pdf,4 |  |  | L7445 |  | ,7589,72,7517
M-180-2025 Shri Blaji Fruits Orange Container No. MNBU0262982.pdf, | 5 |  |  | L7445 | ,7589,72,7517
M-180-2025 Shri Blaji Fruits Orange Container No. MNBU0262982.pdf,6 |  |  | L7445 |  | ,7589,72,7517
M-180-2025 Shri Blaji Fruits Orange Container No. MNBU0262982.pdf, | 7 |  |  | L7445 | ,7589,72,7517
M-180-2025 Shri Blaji Fruits Orange Container No. MNBU0262982.pdf,8 |  |  | L7445 |  | ,7589,72,7517
M-180-2025 Shri Blaji Fruits Orange Container No. MNBU0262982.pdf, | 9 |  |  | L7445 | ,7589,72,7517
M-180-2025 Shri Blaji Fruits Orange Container No. MNBU0262982.pdf,10 |  |  | L7445 |  | ,7589,72,7517
M-180-2025 Shri Blaji Fruits Orange Container No. MNBU0262982.pdf, | 11 |  |  | L7445 | ,7589,72,7517
M-180-2025 Shri Blaji Fruits Orange Container No. MNBU0262982.pdf,12 |  |  | L7445 |  | ,7589,72,7517
M-180-2025 Shri Blaji Fruits Orange Container No. MNBU0262982.pdf, | 1 |  |  | L7319 | ,7495,88,7407
M-180-2025 Shri Blaji Fruits Orange Container No. MNBU0262982.pdf,2 |  |  | L7319 |  | ,7495,88,7407
M-180-2025 Shri Blaji Fruits Orange Container No. MNBU0262982.pdf, | 3 |  |  | L7445 | ,7621,88,7533
M-180-2025 Shri Blaji Fruits Orange Container No. MNBU0262982.pdf,4 |  |  | L7445 |  | ,7621,88,7533
M-181-2025 Sarlachem India Orange Container No. MEDU9746225.pdf, | 1 |  |  | L2709 | ,2853,72,2781
M-181-2025 Sarlachem India Orange Container No. MEDU9746225.pdf,2 |  |  | L2931 |  | ,3075,72,3003
M-181-2025 Sarlachem India Orange Container No. MEDU9746225.pdf, | 3 |  |  | L1248 | ,1392,72,1320
M-181-2025 Sarlachem India Orange Container No. MEDU9746225.pdf,4 |  |  | L2709 |  | ,2853,72,2781
M-181-2025 Sarlachem India Orange Container No. MEDU9746225.pdf, | 5 |  |  | L2709 | ,2853,72,2781
M-181-2025 Sarlachem India Orange Container No. MEDU9746225.pdf,6 |  |  | L2931 |  | ,3075,72,3003
M-181-2025 Sarlachem India Orange Container No. MEDU9746225.pdf, | 7 |  |  | L2709 | ,2853,72,2781
M-181-2025 Sarlachem India Orange Container No. MEDU9746225.pdf,8 |  |  | L1248 |  | ,1392,72,1320
M-181-2025 Sarlachem India Orange Container No. MEDU9746225.pdf, | 1 |  | L1248 |  | ,1424,88,1336
M-181-2025 Sarlachem India Orange Container No. MEDU9746225.pdf,2 |  |  | L1248 |  | 88,1424,88,1336
M-181-2025 Sarlachem India Orange Container No. MEDU9746225.pdf, | 3 |  | L1248 |  | ,1424,88,1336
M-181-2025 Sarlachem India Orange Container No. MEDU9746225.pdf,4 |  |  | L2709 |  | 88,2885,88,2797
M-181-2025 Sarlachem India Orange Container No. MEDU9746225.pdf, | 5 |  | L1248 |  | ,1424,88,1336
M-181-2025 Sarlachem India Orange Container No. MEDU9746225.pdf,6 |  |  | L1248 |  | 88,1424,88,1336
M-181-2025 Sarlachem India Orange Container No. MEDU9746225.pdf, | 7 |  | L2709 |  | ,2885,88,2797
M-181-2025 Sarlachem India Orange Container No. MEDU9746225.pdf,8 |  |  | L1248 |  | 88,1424,88,1336
M-25-2025 Fresh Fruit Alliances - Orange Container No. OOLU6298538.pdf, | 1 |  |  | 15.71 | ,46.42,0.19,46.23
M-25-2025 Fresh Fruit Alliances - Orange Container No. OOLU6298538.pdf, | 2 |  |  | 15.77 | ,46.54,0.13,46.41
M-25-2025 Fresh Fruit Alliances - Orange Container No. OOLU6298538.pdf, | 3 |  |  | 15.85 | ,46.70,0.05,46.65
M-25-2025 Fresh Fruit Alliances - Orange Container No. OOLU6298538.pdf, | 4 |  |  | 15.76 | ,46.52,0.14,46.38
M-25-2025 Fresh Fruit Alliances - Orange Container No. OOLU6298538.pdf, | 5 |  |  | 15.55 | ,46.10,0.35,45.75
M-25-2025 Fresh Fruit Alliances - Orange Container No. OOLU6298538.pdf, | 6 |  |  | 15.67 | ,46.34,0.23,46.11
M-25-2025 Fresh Fruit Alliances - Orange Container No. OOLU6298538.pdf, | 7 |  |  | 15.59 | ,46.18,0.31,45.87
M-25-2025 Fresh Fruit Alliances - Orange Container No. OOLU6298538.pdf, | 8 |  |  | 15.5 | ,46.0,0.4,45.6
M-25-2025 Fresh Fruit Alliances - Orange Container No. OOLU6298538.pdf, | 9 |  |  | 15.61 | ,46.22,0.29,45.93
M-25-2025 Fresh Fruit Alliances - Orange Container No. OOLU6298538.pdf, | 10 |  |  | 15.72 | ,46.44,0.18,46.26
M-25-2025 Fresh Fruit Alliances - Orange Container No. OOLU6298538.pdf, | 11 |  |  | 15.73 | ,46.46,0.17,46.29
M-25-2025 Fresh Fruit Alliances - Orange Container No. OOLU6298538.pdf, | 12 |  |  | 15.61 | ,46.22,0.29,45.93
M-25-2025 Fresh Fruit Alliances - Orange Container No. OOLU6298538.pdf, | 13 |  |  | 15.76 | ,46.52,0.14,46.38
M-25-2025 Fresh Fruit Alliances - Orange Container No. OOLU6298538.pdf, | 14 |  |  | 15.75 | ,46.50,0.15,46.35
M-25-2025 Fresh Fruit Alliances - Orange Container No. OOLU6298538.pdf, | 15 |  |  | 15.48 | ,45.96,0.42,45.54
M-25-2025 Fresh Fruit Alliances - Orange Container No. OOLU6298538.pdf, | 16 |  |  | 15.41 | ,45.82,0.49,45.33
M-25-2025 Fresh Fruit Alliances - Orange Container No. OOLU6298538.pdf, | 17 |  |  | 15.74 | ,46.48,0.16,46.32
M-25-2025 Fresh Fruit Alliances - Orange Container No. OOLU6298538.pdf, | 18 |  |  | 15.54 | ,46.08,0.36,45.72
M-25-2025 Fresh Fruit Alliances - Orange Container No. OOLU6298538.pdf, | Total |  |  | 281.75 | ,551.75,4.45,547.30
M-30-2026 Reliance Retail (Agromoon for Import & Export) Orange Container No. TRKU1100323.pdf, | 1. |  |  | 72 | ,118.180,0.310,117.870
M-30-2026 Reliance Retail (Agromoon for Import & Export) Orange Container No. TRKU1100323.pdf,2. |  |  | 72 |  | ,118.070,0.365,117.705
M-30-2026 Reliance Retail (Agromoon for Import & Export) Orange Container No. TRKU1100323.pdf, | 3. |  |  | 72 | ,118.240,0.280,117.960
M-30-2026 Reliance Retail (Agromoon for Import & Export) Orange Container No. TRKU1100323.pdf,4. |  |  | 72 |  | ,118.100,0.350,117.750
M-30-2026 Reliance Retail (Agromoon for Import & Export) Orange Container No. TRKU1100323.pdf, | 5. |  |  | 72 | ,118.120,0.340,117.780
M-30-2026 Reliance Retail (Agromoon for Import & Export) Orange Container No. TRKU1100323.pdf,6. |  |  | 72 |  | ,118.080,0.360,117.720
M-30-2026 Reliance Retail (Agromoon for Import & Export) Orange Container No. TRKU1100323.pdf, | 7. |  |  | 80 | ,125.820,0.490,125.330
M-30-2026 Reliance Retail (Agromoon for Import & Export) Orange Container No. TRKU1100323.pdf,8. |  |  | 80 |  | ,126.490,0.155,126.335
M-30-2026 Reliance Retail (Agromoon for Import & Export) Orange Container No. TRKU1100323.pdf, | 9. |  |  | 80 | ,126.910,0.055,126.855
M-30-2026 Reliance Retail (Agromoon for Import & Export) Orange Container No. TRKU1100323.pdf,10. |  |  | 80 |  | ,126.400,0.200,126.200
M-30-2026 Reliance Retail (Agromoon for Import & Export) Orange Container No. TRKU1100323.pdf, | 11. |  |  | 80 | ,126.490,0.155,126.335
M-30-2026 Reliance Retail (Agromoon for Import & Export) Orange Container No. TRKU1100323.pdf,12. |  |  | 80 |  | ,126.600,0.100,126.500
M-30-2026 Reliance Retail (Agromoon for Import & Export) Orange Container No. TRKU1100323.pdf, | 13. |  |  | 80 | ,125.930,0.435,125.495
M-30-2026 Reliance Retail (Agromoon for Import & Export) Orange Container No. TRKU1100323.pdf,14. |  |  | 80 |  | ,126.350,0.225,126.125
M-30-2026 Reliance Retail (Agromoon for Import & Export) Orange Container No. TRKU1100323.pdf, | 15. |  |  | 88 | ,134.900,0.050,134.850
M-30-2026 Reliance Retail (Agromoon for Import & Export) Orange Container No. TRKU1100323.pdf,16. |  |  | 88 |  | ,134.890,0.045,134.845
M-30-2026 Reliance Retail (Agromoon for Import & Export) Orange Container No. TRKU1100323.pdf, | 17. |  |  | 88 | ,135.450,0.325,135.125
M-30-2026 Reliance Retail (Agromoon for Import & Export) Orange Container No. TRKU1100323.pdf,18. |  |  | 88 |  | ,135.110,0.155,134.955
M-30-2026 Reliance Retail (Agromoon for Import & Export) Orange Container No. TRKU1100323.pdf, | 18 Boxes |  |  |  | ,836.130,3.135,832.995
M-53-24B Aayush Impex - Orange Container No. CGMU5576861.pdf,1. | 1. |  |  | 100 | ,606,500,106
M-53-24B Aayush Impex - Orange Container No. CGMU5576861.pdf,2. |  |  |  | 113 | ,683,565,118
M-53-24B Aayush Impex - Orange Container No. CGMU5576861.pdf, | 10 Boxes Percentage |  |  |  | ,99.25,0.75,98.50
M-54-24B Aayush Impex  - Orange Container No. AMCU9392142.pdf,1. | 1. |  |  | 88 | ,445,352,93
M-54-24B Aayush Impex  - Orange Container No. AMCU9392142.pdf,2. |  |  |  | 100 | ,504,400,104
M-54-24B Aayush Impex  - Orange Container No. AMCU9392142.pdf,3. |  |  |  | 113 | ,569,452,117
M-54-24B Aayush Impex  - Orange Container No. AMCU9392142.pdf, | 12 Boxes Percentage |  |  |  | ,98.42,1.58,96.84
M-62-24B Reliance Retail Ltd Orange Container No. CGMU5575654.pdf,TOTAL |  |  | 36.59 | 12.59 | 20.8,61.95,1.46,60.49
M-68-2026 NGK Trading (Nile Establishment For International Trade Egypt) Orange Container No. HLBU9336475.pdf, | 1. |  |  | 72 | ,88.180,14.380,73.800
M-68-2026 NGK Trading (Nile Establishment For International Trade Egypt) Orange Container No. HLBU9336475.pdf,2. |  |  | 72 |  | ,88.240,14.440,73.800
M-68-2026 NGK Trading (Nile Establishment For International Trade Egypt) Orange Container No. HLBU9336475.pdf, | 3. |  |  | 72 | ,88.440,14.640,73.800
M-68-2026 NGK Trading (Nile Establishment For International Trade Egypt) Orange Container No. HLBU9336475.pdf,4. |  |  | 72 |  | ,88.255,14.455,73.800
M-68-2026 NGK Trading (Nile Establishment For International Trade Egypt) Orange Container No. HLBU9336475.pdf, | 5. |  |  | 72 | ,87.880,14.080,73.800
M-68-2026 NGK Trading (Nile Establishment For International Trade Egypt) Orange Container No. HLBU9336475.pdf,6. |  |  | 80 |  | ,96.230,14.430,81.800
M-68-2026 NGK Trading (Nile Establishment For International Trade Egypt) Orange Container No. HLBU9336475.pdf, | 7. |  |  | 80 | ,96.085,14.285,81.800
M-68-2026 NGK Trading (Nile Establishment For International Trade Egypt) Orange Container No. HLBU9336475.pdf,8. |  |  | 80 |  | ,96.270,14.470,81.800
M-68-2026 NGK Trading (Nile Establishment For International Trade Egypt) Orange Container No. HLBU9336475.pdf, | 9. |  |  | 80 | ,96.220,14.420,81.800
M-68-2026 NGK Trading (Nile Establishment For International Trade Egypt) Orange Container No. HLBU9336475.pdf,10. |  |  | 80 |  | ,96.230,14.430,81.800
M-68-2026 NGK Trading (Nile Establishment For International Trade Egypt) Orange Container No. HLBU9336475.pdf, | 11. |  |  | 88 | ,104.455,14.655,89.800
M-68-2026 NGK Trading (Nile Establishment For International Trade Egypt) Orange Container No. HLBU9336475.pdf,12. |  |  | 88 |  | ,103.335,13.535,89.800
M-68-2026 NGK Trading (Nile Establishment For International Trade Egypt) Orange Container No. HLBU9336475.pdf, | 13. |  |  | 88 | ,101.985,12.185,89.800
M-68-2026 NGK Trading (Nile Establishment For International Trade Egypt) Orange Container No. HLBU9336475.pdf,14. |  |  | 88 |  | ,103.865,14.065,89.800
M-68-2026 NGK Trading (Nile Establishment For International Trade Egypt) Orange Container No. HLBU9336475.pdf, | Total 14 Boxes |  |  |  | ,223.670,198.470,25.200
M-79-2026 Reliance Retail Ltd (Green Egypt Co.) Orange Container No. MNBU9042567.pdf, |  | Orange Valencia Agreen 15 Telescopic | 72 | 640,87,640,553
M-90-2026 AG International (AL Karma Foods) Orange # SZLU5022685.pdf,100 (Fiesta) |  |  |  | 7 | ,97,3,94
M-90-2026 AG International (AL Karma Foods) Orange # SZLU5022685.pdf, |  |  | 4 |  | ,87,9,78
M-90-2026 AG International (AL Karma Foods) Orange # SZLU5022685.pdf,100 (Agro) |  |  |  | 7 | ,98,2,96
M-90-2026 AG International (AL Karma Foods) Orange # SZLU5022685.pdf, |  |  | 14 |  | ,85,1,84
M-98-2026 Sunmoon Int. (Gauda For Agricultural) Oranges 2 # HLBU9537485 & SEGU9450672.pdf,100 |  | 3 |  | 21 | ,101,2,99
M-98-2026 Sunmoon Int. (Gauda For Agricultural) Oranges 2 # HLBU9537485 & SEGU9450672.pdf, |  |  |  |  | 9,85,6,79
MCAPL-009-24B HGS International - 3 Containers Oranges.pdf,1 | 72 | 11 | 415 | 351 | 26,875,792,83
MCAPL-009-24B HGS International - 3 Containers Oranges.pdf,2 | 88 | 5 | 200 | 232 | 08,533,440,93
MCAPL-015-24B Reliance Retail Ltd - 1 Container (Oranges).pdf,Top | 6.7 | 6.4 | 5.8,6.4,5.8,0.6
MCAPL-015-24B Reliance Retail Ltd - 1 Container (Oranges).pdf,Middle | 5.9 | 5.6 | 4.9,5.6,4.9,0.7
MCAPL-015-24B Reliance Retail Ltd - 1 Container (Oranges).pdf,Bottom | 3.6 | 4.3 | 3.8,4.3,3.8,0.5
MCAPL-015-24B Reliance Retail Ltd - 1 Container (Oranges).pdf,1. | 88 / (Midknights) | 5 | 440 | 440,533,440,93
MCAPL-015-24B Reliance Retail Ltd - 1 Container (Oranges).pdf,2. | 72 / (Midknights) | 5 | 360 | 360,437,360,77
MCAPL-015-24B Reliance Retail Ltd - 1 Container (Oranges).pdf,3. | 105 / (Midknights) | 14 | 1470 | 1470,1589,1470,119
MCAPL-38-24B Reliance Retail Ltd - (AMCU9305889 - Mandarin & Orange).pdf, | Total |  |  |  | ,581,584,3
M-150-2025 HGS International Pear Container No. ONEU9147811.pdf, |  | Packhams Triumph (Cat 1) | 70 (Red Box) | 720,71,720,649
M-203-2025 Gajumal Mulchand Pear Container No. EGSU5064133.pdf, | 20 Boxes Percentage |  |  |  | ,98.00,2.00,96.00
M-217-2025 NGK Trading Pear Container No. OOLU6487193.pdf, | 1. |  |  | 45 | ,55.205,8.695,46.510
M-217-2025 NGK Trading Pear Container No. OOLU6487193.pdf, | 2. |  |  | 45 | ,55.355,8.845,46.510
M-217-2025 NGK Trading Pear Container No. OOLU6487193.pdf, | 3. |  |  | 45 | ,55.305,8.795,46.510
M-217-2025 NGK Trading Pear Container No. OOLU6487193.pdf, | 4. |  |  | 50 | ,60.355,8.845,51.510
M-217-2025 NGK Trading Pear Container No. OOLU6487193.pdf, | 5. |  |  | 50 | ,60.405,8.895,51.510
M-217-2025 NGK Trading Pear Container No. OOLU6487193.pdf, | 6. |  |  | 50 | ,60.555,9.045,51.510
M-217-2025 NGK Trading Pear Container No. OOLU6487193.pdf, | 7. |  |  | 50 | ,60.255,8.745,51.510
M-217-2025 NGK Trading Pear Container No. OOLU6487193.pdf, | 8. |  |  | 50 | ,60.505,8.995,51.510
M-217-2025 NGK Trading Pear Container No. OOLU6487193.pdf, | 9. |  |  | 50 | ,60.355,8.845,51.510
M-217-2025 NGK Trading Pear Container No. OOLU6487193.pdf, | 10. |  |  | 50 | ,60.555,9.045,51.510
M-217-2025 NGK Trading Pear Container No. OOLU6487193.pdf, | 11. |  |  | 50 | ,60.405,8.895,51.510
M-217-2025 NGK Trading Pear Container No. OOLU6487193.pdf, | 12. |  |  | 55 | ,65.405,8.895,56.510
M-217-2025 NGK Trading Pear Container No. OOLU6487193.pdf, | 13. |  |  | 55 | ,65.405,8.895,56.510
M-217-2025 NGK Trading Pear Container No. OOLU6487193.pdf, | 14. |  |  | 55 | ,65.305,8.795,56.510
M-217-2025 NGK Trading Pear Container No. OOLU6487193.pdf, | 15. |  |  | 55 | ,65.405,8.895,56.510
M-217-2025 NGK Trading Pear Container No. OOLU6487193.pdf, | 16. |  |  | 55 | ,65.405,8.895,56.510
M-217-2025 NGK Trading Pear Container No. OOLU6487193.pdf, | 17. |  |  | 55 | ,65.305,8.795,56.510
M-217-2025 NGK Trading Pear Container No. OOLU6487193.pdf, | Total |  |  | 17 Boxes | ,176.485,150.815,25.670
M-33-2026 Archana Enterprises (Zest Fruit (PTY) Ltd) Pear Container No. TTNU8138735.pdf, | 60 / (PUC No. M003 & M0748) |  |  | 5 | ,665.0030748,3274,2608.9969252
M-33-2026 Archana Enterprises (Zest Fruit (PTY) Ltd) Pear Container No. TTNU8138735.pdf, | 70 / (PUC No. M003 & M0748) |  |  | 5 | ,775.0030748,75116,74340.9969252
M-33-2026 Archana Enterprises (Zest Fruit (PTY) Ltd) Pear Container No. TTNU8138735.pdf, | 80 / (PUC No. M0003) |  |  | 5 | ,885.0003,117160,116274.9997
M-33-2026 Archana Enterprises (Zest Fruit (PTY) Ltd) Pear Container No. TTNU8138735.pdf, | Total 15 Boxes |  |  |  | ,2100,160,1940
M-41-2026 NGK Fruits (GF Marketing Pty.Ltd) Pear Container No. OTPU6259113.pdf,"45 / 10 Pcs |  |  |  | 10.28,9.76,10.09,10.57,9.99,10.2,8.90,9.20, | ",19.47,1920,1900.53
M-41-2026 NGK Fruits (GF Marketing Pty.Ltd) Pear Container No. OTPU6259113.pdf,"52 / 10 Pcs |  |  |  | 9.76,10.53,8.27,9.2,10.23,9.70,9.72,9.53, | ",18.80,2122,2103.20
M-41-2026 NGK Fruits (GF Marketing Pty.Ltd) Pear Container No. OTPU6259113.pdf,"60 / 10 Pcs |  |  |  | 9.90,9.30,10.76,10.8,8.58,9.84,9.61,11.18, | ",19.76,2324,2304.24
M-41-2026 NGK Fruits (GF Marketing Pty.Ltd) Pear Container No. OTPU6259113.pdf,"70 / 10 Pcs |  |  |  | 10.95,9.3,8.47,8.48,9.7,9.76,8.81,9.65, | ",19.42,2526,2506.58
M-41-2026 NGK Fruits (GF Marketing Pty.Ltd) Pear Container No. OTPU6259113.pdf,"80 / 10 Pcs |  |  |  | 9.21,9.12,10.5,10.64,10.59,9.57,9.24,9.90 | ",19.59,2728,2708.41
M-41-2026 NGK Fruits (GF Marketing Pty.Ltd) Pear Container No. OTPU6259113.pdf,"80 / 10 Pcs |  |  |  | 14.54,14.38,13.05,14.23,13.76,13.30,16.42,14.50, | ",29.47,2930,2900.53
M-42-2026 NGK Fruits (GF Marketing Pty.Ltd) Pear Container No. CAIU5672463.pdf," | 70 / |  |  | 10.05,10.39,10.44,10.11,8.08,8.20,10.75,10.16 | ",18.83,19,0.17
M-42-2026 NGK Fruits (GF Marketing Pty.Ltd) Pear Container No. CAIU5672463.pdf,"80 / 10 Pcs |  |  |  | 9.85,10.03,10.59,11.00,10.50,10.93,9.00,10.88 | ",20.00,2122,2102.00
"M-57-24B Reliance Retail Ltd - (3 x Pear Container Nos. MNBU4179388, MNBU00470374 & MNBU0363289).pdf",1 | 52 |  |  | 5 | ,563,14,549
"M-57-24B Reliance Retail Ltd - (3 x Pear Container Nos. MNBU4179388, MNBU00470374 & MNBU0363289).pdf", |  | Percentage % |  |  | ,94.62,5.38,89.24
"M-57-24B Reliance Retail Ltd - (3 x Pear Container Nos. MNBU4179388, MNBU00470374 & MNBU0363289).pdf",2 |  | 60 |  |  | 5,617,48,569
"M-57-24B Reliance Retail Ltd - (3 x Pear Container Nos. MNBU4179388, MNBU00470374 & MNBU0363289).pdf", |  | Percentage % |  |  | ,84.00,16.00,68.00
"M-57-24B Reliance Retail Ltd - (3 x Pear Container Nos. MNBU4179388, MNBU00470374 & MNBU0363289).pdf",3 |  | 70 |  |  | 5,757,18,739
"M-57-24B Reliance Retail Ltd - (3 x Pear Container Nos. MNBU4179388, MNBU00470374 & MNBU0363289).pdf", |  | Percentage % |  |  | ,94.86,5.14,89.72
"M-57-24B Reliance Retail Ltd - (3 x Pear Container Nos. MNBU4179388, MNBU00470374 & MNBU0363289).pdf", |  | TOTAL 18 BOXES |  |  | ,1740,80,1660
"M-57-24B Reliance Retail Ltd - (3 x Pear Container Nos. MNBU4179388, MNBU00470374 & MNBU0363289).pdf", |  | PERCENTAGE % |  |  | ,91.21,8.79,82.42
M-59-24B NGK Trading - (Pear Container No. MNBU0563780.pdf, |  | Packham’s Triumph (Grade 1) | 70 | 180,71,180,109
M-59-24B NGK Trading - (Pear Container No. MNBU0563780.pdf, |  | Packham’s Triumph (Grade 1) | 80 | 90,81,90,9
M-59-24B NGK Trading - (Pear Container No. MNBU0563780.pdf,1. |  | 70- White Box |  | 10 | ,1469,11,1458
M-59-24B NGK Trading - (Pear Container No. MNBU0563780.pdf, |  | Percentage % |  |  | ,98.43,1.57,96.86
M-59-24B NGK Trading - (Pear Container No. MNBU0563780.pdf,2. |  | 70 - Green Boxes |  | 2 | ,351,1,350
M-59-24B NGK Trading - (Pear Container No. MNBU0563780.pdf, |  | Percentage % |  |  | ,99.29,0.71,98.58
M-59-24B NGK Trading - (Pear Container No. MNBU0563780.pdf,3. |  | 80- Green Box |  | 2 | ,401,1,400
M-59-24B NGK Trading - (Pear Container No. MNBU0563780.pdf, |  | Percentage % |  |  | ,99.38,0.62,98.76
M-59-24B NGK Trading - (Pear Container No. MNBU0563780.pdf,4. | 80 – White Boxes (Grade SA) |  |  | 6 | ,1040,6,1034
M-59-24B NGK Trading - (Pear Container No. MNBU0563780.pdf, |  | Percentage % |  |  | ,98.75,1.25,97.50
M-59-24B NGK Trading - (Pear Container No. MNBU0563780.pdf, |  | TOTAL 20 BOXES |  |  | ,2941,19,2922
M-59-24B NGK Trading - (Pear Container No. MNBU0563780.pdf, |  | PERCENTAGE % |  |  | ,98.72,1.28,97.44
M-60-24B NGK Trading - (Pear Container No. MNBU0381889.pdf,1. |  | 70- White Box |  | 10 | ,1476,4,1472
M-60-24B NGK Trading - (Pear Container No. MNBU0381889.pdf, |  | Percentage % |  |  | ,99.43,0.57,98.86
M-60-24B NGK Trading - (Pear Container No. MNBU0381889.pdf,2. |  | 80 - Green Boxes |  | 06 | ,1042,4,1038
M-60-24B NGK Trading - (Pear Container No. MNBU0381889.pdf, |  | Percentage % |  |  | ,99.17,0.83,98.34
M-60-24B NGK Trading - (Pear Container No. MNBU0381889.pdf,s |  | TOTAL 16 BOXES |  |  | ,2352,8,2344
M-60-24B NGK Trading - (Pear Container No. MNBU0381889.pdf, |  | PERCENTAGE % |  |  | ,99.32,0.68,98.64
M-61-24B NGK Trading - Pear Container No. MNBU3640432.pdf,5. |  | 70 / Packham’s Triumph |  | 2 | ,309,43,266
M-61-24B NGK Trading - Pear Container No. MNBU3640432.pdf, | Percentage % |  |  |  | ,69.29,30.71,38.58
M-61-24B NGK Trading - Pear Container No. MNBU3640432.pdf,6. |  | 80 / Packham’s Triumph |  | 2 | ,342,60,282
M-61-24B NGK Trading - Pear Container No. MNBU3640432.pdf, | Percentage % |  |  |  | ,62.50,37.50,25.00
M-61-24B NGK Trading - Pear Container No. MNBU3640432.pdf, |  | TOTAL 22 BOXES |  |  | ,2945,103,2842
M-61-24B NGK Trading - Pear Container No. MNBU3640432.pdf, | PERCENTAGE % |  |  |  | ,93.24,6.76,86.48
M-75-2026 Reliance Retail Ltd (Capespan South Africa (PTY) Ltd) Pear Container No. FSCU5735569.pdf, | 1. |  |  | Forelle 60 | ,61,2122,2061
M-75-2026 Reliance Retail Ltd (Capespan South Africa (PTY) Ltd) Pear Container No. FSCU5735569.pdf, | 2. |  |  | Forelle 70 | ,72,2324,2252
M-75-2026 Reliance Retail Ltd (Capespan South Africa (PTY) Ltd) Pear Container No. FSCU5735569.pdf, | 3. |  |  | Forelle 80 | ,83,2526,2443
M-75-2026 Reliance Retail Ltd (Capespan South Africa (PTY) Ltd) Pear Container No. FSCU5735569.pdf, | 4. |  |  | Forelle 90 | ,94,2728,2634
M-75-2026 Reliance Retail Ltd (Capespan South Africa (PTY) Ltd) Pear Container No. FSCU5735569.pdf, | 5. |  |  | Forelle 96 | ,101,2930,2829
M-75-2026 Reliance Retail Ltd (Capespan South Africa (PTY) Ltd) Pear Container No. FSCU5735569.pdf, | 6. |  |  | Beauty 60 | ,66,3132,3066
M-75-2026 Reliance Retail Ltd (Capespan South Africa (PTY) Ltd) Pear Container No. FSCU5735569.pdf, | 7. |  |  | Beauty 70 | ,77,3334,3257
M-75-2026 Reliance Retail Ltd (Capespan South Africa (PTY) Ltd) Pear Container No. FSCU5735569.pdf, | 8. |  |  | Beauty 90 | ,98,3536,3438
M-75-2026 Reliance Retail Ltd (Capespan South Africa (PTY) Ltd) Pear Container No. FSCU5735569.pdf, | 9. |  |  | Beauty 96 | ,105,3738,3633
M-75-2026 Reliance Retail Ltd (Capespan South Africa (PTY) Ltd) Pear Container No. FSCU5735569.pdf,Percentage |  |  |  |  | ,32.22,1,31.22
M-80-2026 NGK Trading (TYT Export SA) Pear Container No. PCIU6143360.pdf, | 1 |  |  | 50 | ,60.025,9.125,50.900
M-80-2026 NGK Trading (TYT Export SA) Pear Container No. PCIU6143360.pdf, | 2 |  |  | 50 | ,59.750,8.850,50.900
M-80-2026 NGK Trading (TYT Export SA) Pear Container No. PCIU6143360.pdf, | 3 |  |  | 50 | ,59.805,8.905,50.900
M-80-2026 NGK Trading (TYT Export SA) Pear Container No. PCIU6143360.pdf, | 4 |  |  | 50 | ,59.820,8.920,50.900
M-80-2026 NGK Trading (TYT Export SA) Pear Container No. PCIU6143360.pdf, | 5 |  |  | 50 | ,59.735,8.835,50.900
M-80-2026 NGK Trading (TYT Export SA) Pear Container No. PCIU6143360.pdf, | 6 |  |  | 55 | ,64.755,8.855,55.900
M-80-2026 NGK Trading (TYT Export SA) Pear Container No. PCIU6143360.pdf, | 7 |  |  | 55 | ,64.825,8.925,55.900
M-80-2026 NGK Trading (TYT Export SA) Pear Container No. PCIU6143360.pdf, | 8 |  | 55 |  | ,64.750,8.850,55.900
M-80-2026 NGK Trading (TYT Export SA) Pear Container No. PCIU6143360.pdf, | 9 |  | 60 |  | ,69.620,8.720,60.900
M-80-2026 NGK Trading (TYT Export SA) Pear Container No. PCIU6143360.pdf, | 10 |  | 60 |  | ,69.795,8.895,60.900
M-80-2026 NGK Trading (TYT Export SA) Pear Container No. PCIU6143360.pdf, | 11 |  | 60 |  | ,69.565,8.665,60.900
M-80-2026 NGK Trading (TYT Export SA) Pear Container No. PCIU6143360.pdf, | 12 |  | 60 |  | ,69.575,8.675,60.900
M-80-2026 NGK Trading (TYT Export SA) Pear Container No. PCIU6143360.pdf, | 13 |  | 60 |  | ,69.860,8.960,60.900
M-80-2026 NGK Trading (TYT Export SA) Pear Container No. PCIU6143360.pdf, | 14 |  | 60 |  | ,69.890,8.990,60.900
M-80-2026 NGK Trading (TYT Export SA) Pear Container No. PCIU6143360.pdf, | 15 |  | 60 |  | ,69.855,8.955,60.900
M-80-2026 NGK Trading (TYT Export SA) Pear Container No. PCIU6143360.pdf, | 16 |  | 60 |  | ,69.865,8.965,60.900
M-80-2026 NGK Trading (TYT Export SA) Pear Container No. PCIU6143360.pdf, | Total 16 Boxes |  |  |  | ,156.490,142.090,14.400
MCAPL-019-24B RB Impex (Apple & Pear)  Typos Revised.pdf,1. |  | 100 - |  |  | ,886,18,868
MCAPL-019-24B RB Impex (Apple & Pear)  Typos Revised.pdf, |  | Percentage % |  |  | ,95.50,4.5,91.00
MCAPL-019-24B RB Impex (Apple & Pear)  Typos Revised.pdf,2. |  | 110 - |  |  | ,764,9,755
MCAPL-019-24B RB Impex (Apple & Pear)  Typos Revised.pdf, |  | Percentage % |  |  | ,97.27,2.73,94.54
MCAPL-019-24B RB Impex (Apple & Pear)  Typos Revised.pdf, |  |  | TOTAL 7 BOXES |  | ,1433,27,1406
MCAPL-019-24B RB Impex (Apple & Pear)  Typos Revised.pdf, |  |  |  | TOTAL | ,96.30,3.70,92.60
MCAPL-37-24B Reliance Retail Ltd - (MNBU3410050 - Pear).pdf,1. |  | 70 FRL |  |  | 4,556,78,478
MCAPL-37-24B Reliance Retail Ltd - (MNBU3410050 - Pear).pdf, |  | Percentage % |  |  | ,72.14,27.86,44.28
MCAPL-37-24B Reliance Retail Ltd - (MNBU3410050 - Pear).pdf,2. |  | 70 PTR |  |  | 7,1006,51,955
MCAPL-37-24B Reliance Retail Ltd - (MNBU3410050 - Pear).pdf, |  | Percentage % |  |  | ,89.59,10.41,79.18
MCAPL-37-24B Reliance Retail Ltd - (MNBU3410050 - Pear).pdf,3. |  | 80 PTR |  |  | 7,1154,53,1101
MCAPL-37-24B Reliance Retail Ltd - (MNBU3410050 - Pear).pdf, |  | Percentage % |  |  | ,90.53,9.47,81.06
MCAPL-37-24B Reliance Retail Ltd - (MNBU3410050 - Pear).pdf, |  | TOTAL 18 BOXES |  |  | ,2478,182,2296
MCAPL-37-24B Reliance Retail Ltd - (MNBU3410050 - Pear).pdf, |  | PERCENTAGE % |  |  | ,86.32,13.68,72.64
M-102-2025 Pawanai Ventures - Plum Container No. SEGU 9979141.doc,50 | 8 | 714 | 74 | 101 | 45,1926,39100,37174
M-102-2025 Pawanai Ventures - Plum Container No. SEGU 9979141.doc,Percentage | Percentage | 76.45% | 7.92% | 10.81% | 4.82%,200.00,39100,38900.00
M-102-2025 Pawanai Ventures - Plum Container No. SEGU 9979141.doc,55 | 8 | 566 | 76 | 85 | 34,1585,101149,99564
M-102-2025 Pawanai Ventures - Plum Container No. SEGU 9979141.doc,Percentage | Percentage | 74.37% | 9.99% | 11.17% | 4.47%,200.00,101149,100949.00
M-102-2025 Pawanai Ventures - Plum Container No. SEGU 9979141.doc,60 | 8 | 456 | 40 | 46 | 35,1232,150200,148968
M-102-2025 Pawanai Ventures - Plum Container No. SEGU 9979141.doc,Percentage | Percentage | 78.35% | 6.87% | 7.90% | 6.02%,200.00,150200,150000.00
M-102-2025 Pawanai Ventures - Plum Container No. SEGU 9979141.doc,"Total 24 Boxes | Total 24 Boxes | 1,736 | 190 | 232 | 114",4578,200,4378
M-102-2025 Pawanai Ventures - Plum Container No. SEGU 9979141.pdf,50 |  | 8 |  |  | 714,1926,39100,37174
M-102-2025 Pawanai Ventures - Plum Container No. SEGU 9979141.pdf,55 |  | 8 |  |  | 566,1585,101149,99564
M-102-2025 Pawanai Ventures - Plum Container No. SEGU 9979141.pdf,60 |  | 8 |  |  | 456,1232,150200,148968
M-102-2025 Pawanai Ventures - Plum Container No. SEGU 9979141.pdf,"Total 24 Boxes |  |  |  |  | 1,736",4554,200,4354
M-102-2025 Pawanai Ventures - Plum Container No. SEGU9979141.pdf,50 |  | 8 |  |  | 714,1926,39100,37174
M-102-2025 Pawanai Ventures - Plum Container No. SEGU9979141.pdf,55 |  | 8 |  |  | 566,1585,101149,99564
M-102-2025 Pawanai Ventures - Plum Container No. SEGU9979141.pdf,60 |  | 8 |  |  | 456,1232,150200,148968
M-102-2025 Pawanai Ventures - Plum Container No. SEGU9979141.pdf,"Total 24 Boxes |  |  |  |  | 1,736",4554,200,4354
M-112-2025 Gajumal Mulchand Plum Container No. OOLU6501305 - (Bangalore).pdf,50 | 5 | 434 | 22 | 63 | 14,1181,1953,772
M-112-2025 Gajumal Mulchand Plum Container No. OOLU6501305 - (Bangalore).pdf,55 | 5 | 340 | 14 | 62 | 13,956,5499,4543
M-112-2025 Gajumal Mulchand Plum Container No. OOLU6501305 - (Bangalore).pdf,60 | 5 | 248 | 14 | 48 | 16,779,100140,99361
M-112-2025 Gajumal Mulchand Plum Container No. OOLU6501305 - (Bangalore).pdf,Total 15 Boxes |  | 1022 | 50 | 173 | 43,2736,140,2596
M-143-2026 Gajumal Mulchand (Qinglan Fruits) # Plum FSCU5968072 - Tamil Nadu.pdf, | 55 |  |  | 1 | ,97,4,93
M-21-2026 NGK Trading (Freshness First (Pty) Ltd Plum Container No. MNBU3926278.pdf, |  | 84C Ruby Star | 48-53 mm | 460,4853,460,4393
M-21-2026 NGK Trading (Freshness First (Pty) Ltd Plum Container No. MNBU3926278.pdf, |  | 84C ARC-PR-2-African Delight | 48-53 mm | 920,4853,920,3933
M-21-2026 NGK Trading (Freshness First (Pty) Ltd Plum Container No. MNBU3926278.pdf, |  | A-ARC-PR-2-African Delight | 50-55 mm | 1150,5055,1150,3905
