filename,row_preview,computed_total,stated_total,difference
G-1649-23B KLJ Resources (Vanway - PIng An) Final SR.docx,TK No.112 | 986.088 | 976.304 | 980.600 | -4.296 | -6.399,2938.696,-6.399,2945.095
G-1941-22B Balkrishna Industries {DPS Ref No. IND-00223-HVT} 2nd PLA.docx,12 | 12 | 9208 | 9208 | 36 Bales | 180 to 187,9232,9208,24
G-1941-22B Balkrishna Industries {DPS Ref No. IND-00223-HVT} 2nd PLA.docx,13 | 13 | 7159 | 7159 | 36 Bales | 36 Bales,7185,7159,26
G-1941-22B Balkrishna Industries {DPS Ref No. IND-00223-HVT} 2nd PLA.docx,14 | 14 | 9288 | 9288 | 36 Bales | 36 Bales,9316,9288,28
G-1941-22B Balkrishna Industries {DPS Ref No. IND-00223-HVT} 2nd PLA.docx,16 | 16 | 7109 | 7109 | 36 Bales | 36 Bales,7141,7109,32
G-1941-22B Balkrishna Industries {DPS Ref No. IND-00223-HVT} 2nd PLA.docx,17 | 17 | 9243 | 9243 | 36 Bales | 36 Bales,9277,9243,34
G-1941-22B Balkrishna Industries {DPS Ref No. IND-00223-HVT} 2nd PLA.docx,18 | 18 | 9222 | 9222 | 36 Bales | 36 Bales,9258,9222,36
G-1941-22B Balkrishna Industries {DPS Ref No. IND-00223-HVT} 2nd PLA.docx,19 | 19 | 9239 | 9239 | 36 Bales | 36 Bales,9277,9239,38
G-1941-22B Balkrishna Industries {DPS Ref No. IND-00223-HVT} 2nd PLA.docx,20 | 20 | 7157 | 7157 | 36 Bales | 36 Bales,7197,7157,40
G-1941-22B Balkrishna Industries {DPS Ref No. IND-00223-HVT} 2nd PLA.docx,22 | 22 | 9273 | 9273 | 36 Bales | 36 Bales,9317,9273,44
G-1941-22B Balkrishna Industries {DPS Ref No. IND-00223-HVT} 2nd PLA.docx,23 | 23 | 7090 | 7090 | 36 Bales | 36 Bales,7136,7090,46
G-1941-22B Balkrishna Industries {DPS Ref No. IND-00223-HVT} 2nd PLA.docx,24 | 24 | 9138 | 9138 | 36 Bales | 36 Bales,9186,9138,48
G-1941-22B Balkrishna Industries {DPS Ref No. IND-00223-HVT} 2nd PLA.docx,25 | 25 | 7657 | 7657 | 36 Bales | 36 Bales,7707,7657,50
G-1941-22B Balkrishna Industries {DPS Ref No. IND-00223-HVT} 2nd PLA.docx,"34 | 7196 | 36 | 347 to 357 | Upon checking,  all the 36 bales were found with white spots at places in varying degrees.",7230,36,7194
G-1941-22B Balkrishna Industries {DPS Ref No. IND-00223-HVT} 2nd PLA.docx,35 | 9147 | 36 | 358 to 366 | All 6 bales placed at the bottom row was found with black spots at places in varying degrees.,9182,36,9146
G-1024-24B Narmada Pipes (Vanway - Ping An) PLA.docx,1 | 25.160 | 1 | 25.180,27.160,25.180,1.980
G-1024-24B Narmada Pipes (Vanway - Ping An) PLA.docx,1 | 25.180 | 1 | 25.190,27.180,25.190,1.990
G-1024-24B Narmada Pipes (Vanway - Ping An) PLA.docx,1 | 25.220 | 1 | 25.150,27.220,25.150,2.070
G-1024-24B Narmada Pipes (Vanway - Ping An) PLA.docx,1 | 25.190 | 1 | 25.200,27.190,25.200,1.990
G-1024-24B Narmada Pipes (Vanway - Ping An) PLA.docx,1 | 25.210 | 1 | 25.210,27.210,25.210,2.000
G-1024-24B Narmada Pipes (Vanway - Ping An) PLA.docx,1 | 25.190 | 1 | 25.230,27.190,25.230,1.960
G-1024-24B Narmada Pipes (Vanway - Ping An) PLA.docx,1 | 25.200 | 1 | 25.190,27.200,25.190,2.010
G-1024-24B Narmada Pipes (Vanway - Ping An) PLA.docx,1 | 25.150 | 1 | 25.190,27.150,25.190,1.960
G-1024-24B Narmada Pipes (Vanway - Ping An) PLA.docx,1 | 25.200 | 1 | 25.210,27.200,25.210,1.990
G-1024-24B Narmada Pipes (Vanway - Ping An) PLA.docx,1 | 25.200 | 1 | 25.190,27.200,25.190,2.010
G-1024-24B Narmada Pipes (Vanway - Ping An) PLA.docx,1 | 25.200 | 1 | 25.220,27.200,25.220,1.980
G-1024-24B Narmada Pipes (Vanway - Ping An) PLA.docx,1 | 25.180 | 1 | 25.220,27.180,25.220,1.960
G-1024-24B Narmada Pipes (Vanway - Ping An) PLA.docx,1 | 25.180 | 1 | 25.160,27.180,25.160,2.020
G-1024-24B Narmada Pipes (Vanway - Ping An) PLA.docx,1 | 25.100 | 1 | 25.200,27.100,25.200,1.900
G-1024-24B Narmada Pipes (Vanway - Ping An) PLA.docx,1 | 25.200 | 1 | 25.220,27.200,25.220,1.980
G-1024-24B Narmada Pipes (Vanway - Ping An) PLA.docx,1 | 25.180 | 1 | 25.200,27.180,25.200,1.980
G-1024-24B Narmada Pipes (Vanway - Ping An) PLA.docx,1 | 25.200 | 1 | 25.240,27.200,25.240,1.960
G-1024-24B Narmada Pipes (Vanway - Ping An) PLA.docx,1 | 25.160 | 1 | 25.180,27.160,25.180,1.980
G-1024-24B Narmada Pipes (Vanway - Ping An) PLA.docx,1 | 25.140 | 1 | 25.180,27.140,25.180,1.960
G-1024-24B Narmada Pipes (Vanway - Ping An) PLA.docx,1 | 25.180 | 1 | 25.230,27.180,25.230,1.950
G-1109-23B Sheemit Agro {DPS Ref.No. IND-05323-LVDM} H.O PLA.docx,1 | 150 | 10 | 1500 | 1013 | 190,2955,206,2749
G-1109-23B Sheemit Agro {DPS Ref.No. IND-05323-LVDM} H.O PLA.docx,2 | 138 | 5 | 690 | 477 | 46,1430,95,1335
G-1607-23G Sagar Polytechnik (Vanway-Ping An) PLA - Wet bags.docx,4 | 99.910 | 4 | 99.950 | 4 | 100.020,419.940,99.920,320.020
G-1607-23G Sagar Polytechnik (Vanway-Ping An) PLA - Wet bags.docx,4 | 100.100 | 4 | 100.000 | 4 | 100.140,420.340,100.050,320.290
G-1607-23G Sagar Polytechnik (Vanway-Ping An) PLA - Wet bags.docx,4 | 99.920 | 4 | 99.970 | 4 | 99.900,419.740,100.100,319.640
G-1607-23G Sagar Polytechnik (Vanway-Ping An) PLA - Wet bags.docx,4 | 100.080 | 4 | 100.020 | 4 | 99.950,420.150,100.100,320.050
G-1607-23G Sagar Polytechnik (Vanway-Ping An) PLA - Wet bags.docx,4 | 99.780 | 4 | 998.770 | 4 | 100.100,1318.730,98.970,1219.760
G-1607-23G Sagar Polytechnik (Vanway-Ping An) PLA - Wet bags.docx,20 | 499.790 | 20 | 499.810 | 20 | 500.110,2100.000,499.140,1600.860
G-1607-23G Sagar Polytechnik (Vanway-Ping An) PLA - Wet bags.docx,Total No of bags | Total No of bags | Total No of bags | Total No of bags | 100 | 100,500,100,400
G-1607-23G Sagar Polytechnik (Vanway-Ping An) PLA - Wet bags.docx,"Total gross weight found of 100 bags | Total gross weight found of 100 bags | Total gross weight found of 100 bags | Total gross weight found of 100 bags | 2,499.14 | 2,499.14",12495.70,2499.14,9996.56
G-1607-23G Sagar Polytechnik (Vanway-Ping An) PLA - Wet bags.docx,Ascertained gross weight of bag 1 bag | Ascertained gross weight of bag 1 bag | Ascertained gross weight of bag 1 bag | Ascertained gross weight of bag 1 bag | 24.99 | 24.99,124.95,24.99,99.96
MITSUI CHEMICAL - JOINT SURVEY REPORT - 23-03-2024.docx,1 | 24.850 | 1 | 24.850,26.850,24.850,2.000
MITSUI CHEMICAL - JOINT SURVEY REPORT - 23-03-2024.docx,1 | 24.850 | 1 | 24.850,26.850,24.850,2.000
MITSUI CHEMICAL - JOINT SURVEY REPORT - 23-03-2024.docx,1 | 24.850 | 1 | 24.850,26.850,24.850,2.000
MITSUI CHEMICAL - JOINT SURVEY REPORT - 23-03-2024.docx,1 | 24.850 | 1 | 24.850,26.850,24.850,2.000
MITSUI CHEMICAL - JOINT SURVEY REPORT - 23-03-2024.docx,1 | 24.850 | 1 | 24.850,26.850,24.850,2.000
G-1915-22B Smooth Run (Huatai) Desktop Review Report.docx,"CT42028 | Vacuum Cleaner | 30 | 59.37 | 1,781.02",89.37,1781.02,1691.65
G-1915-22B Smooth Run (Huatai) Desktop Review Report.docx,CT42029 | Vacuum Cleaner | 4 | 106.30 | 425.21,110.30,425.21,314.91
G-1915-22B Smooth Run (Huatai) Desktop Review Report.docx,"CT42030 | Vacuum Cleaner | 10 | 115.82 | 1,158.23",125.82,1158.23,1032.41
G-1915-22B Smooth Run (Huatai) Desktop Review Report.docx,CT42032F | Vacuum Cleaner | 5 | 115.36 | 576.78,120.36,576.78,456.42
G-1915-22B Smooth Run (Huatai) Desktop Review Report.docx,CT42045 | Vacuum Cleaner | 10 | 37.14 | 371.38,47.14,371.38,324.24
G-1915-22B Smooth Run (Huatai) Desktop Review Report.docx,"CT42027 | Vacuum Cleaner | 45 | 47.83 | 2,152.24",92.83,2152.24,2059.41
G-1915-22B Smooth Run (Huatai) Desktop Review Report.docx,CT63001HX | DC Vacuum Cleaner | 4 | 21.60 | 86.41,25.60,86.41,60.81
G-1915-22B Smooth Run (Huatai) Desktop Review Report.docx,"CT34077WE | Gensets | 20 | 190.76 | 3,815.16",210.76,3815.16,3604.40
G-1915-22B Smooth Run (Huatai) Desktop Review Report.docx,"CT34080WE | Gensets | 10 | 377.03 | 3,770.32",387.03,3770.32,3383.29
G-1915-22B Smooth Run (Huatai) Desktop Review Report.docx,"SZ-3000 WE | Gasoline Engine Generator | 39 | 170.00 | 6,630.00",209.00,6630.00,6421.00
G-1915-22B Smooth Run (Huatai) Desktop Review Report.docx,"SZ-5500 WE | Gasoline Engine Generator | 50 | 280.00 | 14,000.00",330.00,14000.00,13670.00
G-1915-22B Smooth Run (Huatai) Desktop Review Report.docx,"SZ-7500 WE | Generator | 20 | 330.00 | 6,600.00",350.00,6600.00,6250.00
G-1915-22B Smooth Run (Huatai) Desktop Review Report.docx,"Total | Total | 247 | 1,851.21 | 41,366.75",2098.21,41366.75,39268.54
G-1887-22B Morde Foods (JLB) PLA.docx,"CMAU7446998 | 41,590 | 16,540 | 25,050 | 25,411.60 | -361.60",108591.60,-361.60,108953.20
G-1887-22B Morde Foods (JLB) PLA.docx,"APHU7392424 | 40,540 | 15,250 | 25,290 | 25,411.60 | -121.60",106491.60,-121.60,106613.20
G-1887-22B Morde Foods (JLB) PLA.docx,"CMAU7981968 | 41,270 | 16,100 | 25,170 | 25,411.60 | -241.60",107951.60,-241.60,108193.20
G-1887-22B Morde Foods (JLB) PLA.docx,"BEAU4132506 | 42,130 | 17,190 | 24,940 | 25,411.60 | -471.60",109671.60,-471.60,110143.20
G-1887-22B Morde Foods (JLB) PLA.docx,"Total | 165,530 | 65,080 | 100,450 | 101,646.40 | -1,196.40",432706.40,-1196.40,433902.80
G-1887-22B Morde Foods (JLB) PLA.docx,"APHU7392424 | 41,840 | 16,660 | 25,180 | 25,411.600 | -231.6",109091.600,-231.6,109323.200
G-1887-22B Morde Foods (JLB) PLA.docx,"BEAU4132506 | 41,760 | 16,510 | 25,250 | 25,411.600 | -161.6",108931.600,-161.6,109093.200
G-1887-22B Morde Foods (JLB) PLA.docx,"CMAU7981968 | 41,760 | 16,540 | 25,220 | 25,411.600 | -191.6",108931.600,-191.6,109123.200
G-1887-22B Morde Foods (JLB) PLA.docx,"CMAU7446998 | 41,800 | 17,030 | 24,770 | 25,411.600 | -641.6",109011.600,-641.6,109653.200
G-1887-22B Morde Foods (JLB) PLA.docx,"Total | 167,160 | 66,740 | 100,420 | 101,646.40 | -1,226.4",435966.40,-1226.4,437192.80
G-1887-22B Morde Foods (JLB) PLA.docx,1 | 63.190 | 1 | 62.280 | 1 | 63.100,192.570,63.030,129.540
G-1887-22B Morde Foods (JLB) PLA.docx,1 | 62.510 | 1 | 61.380 | 1 | 63.140,191.030,63.540,127.490
G-1887-22B Morde Foods (JLB) PLA.docx,1 | 63.720 | 1 | 61.530 | 1 | 64.200,193.450,58.540,134.910
G-1887-22B Morde Foods (JLB) PLA.docx,1 | 63.500 | 1 | 57.660 | 1 | 62.850,188.010,63.200,124.810
G-1887-22B Morde Foods (JLB) PLA.docx,1 | 63.920 | 1 | 63.070 | 1 | 63.000,193.990,62.060,131.930
G-1887-22B Morde Foods (JLB) PLA.docx,1 | 63.230 | 1 | 63.340 | 1 | 62.080,192.650,62.900,129.750
G-1887-22B Morde Foods (JLB) PLA.docx,1 | 61.960 | 1 | 62.560 | 1 | 63.020,191.540,63.000,128.540
G-1887-22B Morde Foods (JLB) PLA.docx,1 | 63.160 | 1 | 63.100 | 1 | 62.540,192.800,62.560,130.240
G-1887-22B Morde Foods (JLB) PLA.docx,1 | 62.980 | 1 | 62.690 | 1 | 63.800,193.470,63.100,130.370
G-1887-22B Morde Foods (JLB) PLA.docx,1 | 63.090 | 1 | 63.040 | 1 | 62.130,192.260,63.380,128.880
G-1887-22B Morde Foods (JLB) PLA.docx,1 | 63.130 | 1 | 63.100 | 1 | 63.680,193.910,62.440,131.470
G-1887-22B Morde Foods (JLB) PLA.docx,1 | 62.380 | 1 | 63.500 | 1 | 61.800,191.680,63.020,128.660
G-1887-22B Morde Foods (JLB) PLA.docx,1 | 63.520 | 1 | 64.120 | 1 | 63.300,194.940,63.600,131.340
G-1887-22B Morde Foods (JLB) PLA.docx,1 | 63.390 | 1 | 63.090 | 1 | 62.010,192.490,63.200,129.290
G-1887-22B Morde Foods (JLB) PLA.docx,1 | 60.710 | 1 | 61.380 | 1 | 61.530,125.090,61.530,63.560
G-1887-22B Morde Foods (JLB) PLA.docx,1 | 61.700 | 1 | 62.510 | 1 | 62.280,127.210,62.280,64.930
G-1887-22B Morde Foods (JLB) PLA.docx,1 | 61.300 | 1 | 61.680 | 1 | 62.280,125.980,62.280,63.700
G-1887-22B Morde Foods (JLB) PLA.docx,1 | 61.980 | 1 | 62.380 | 10 bags | 617.750,126.360,617.750,491.390
G-1887-22B Morde Foods (JLB) PLA.docx,1 | 60.860 | 1 | 61.300 | 1 | 61.600,187.760,61.310,126.450
G-1887-22B Morde Foods (JLB) PLA.docx,1 | 60.650 | 1 | 61.980 | 1 | 60.990,187.620,60.700,126.920
G-1887-22B Morde Foods (JLB) PLA.docx,1 | 60.530 | 1 | 60.460 | 1 | 60.920,185.910,60.480,125.430
G-1887-22B Morde Foods (JLB) PLA.docx,1 | 60.670 | 1 | 61.380 | 1 | 61.830,187.880,61.780,126.100
G-1887-22B Morde Foods (JLB) PLA.docx,1 | 60.710 | 1 | 61.710 | 1 | 60.990,187.410,60.630,126.780
G-1887-22B Morde Foods (JLB) PLA.docx,1 | 60.840 | 1 | 61.730 | 1 | 61.450,188.020,60.760,127.260
G-1887-22B Morde Foods (JLB) PLA.docx,1 | 61.700 | 1 | 60.280 |  | ,123.980,1588.240,1464.260
G-1887-22B Morde Foods (JLB) PLA.docx,1 | 61.020 | 1 | 60.430 | 1 | 61.310,124.450,61.310,63.140
G-1887-22B Morde Foods (JLB) PLA.docx,1 | 60.970 | 1 | 60.220 | 1 | 60.280,124.190,60.280,63.910
G-1887-22B Morde Foods (JLB) PLA.docx,1 | 62.710 | 1 | 60.410 | 10 bags | 610.830,125.120,610.830,485.710
G-1887-22B Morde Foods (JLB) PLA.docx,1 | 60.780 | 1 | 62.700 | 10 bags | 610.830,125.480,610.830,485.350
G-1887-22B Morde Foods (JLB) PLA.docx,1 | 61.450 | 1 | 64.390 | 1 | 62.820,192.660,62.500,130.160
G-1887-22B Morde Foods (JLB) PLA.docx,1 | 64.030 | 1 | 62.550 | 1 | 64.480,195.060,64.920,130.140
G-1887-22B Morde Foods (JLB) PLA.docx,1 | 63.160 | 1 | 63.980 | 1 | 63.660,194.800,65.690,129.110
G-1887-22B Morde Foods (JLB) PLA.docx,1 | 55.980 | 1 | 63.050 | 1 | 62.920,185.950,62.850,123.100
G-1887-22B Morde Foods (JLB) PLA.docx,1 | 63.750 | 1 | 62.380 | 1 | 61.090,191.220,63.800,127.420
G-1887-22B Morde Foods (JLB) PLA.docx,1 | 62.710 | 1 | 62.740 | 1 | 62.820,192.270,64.910,127.360
G-1887-22B Morde Foods (JLB) PLA.docx,1 | 63.990 | 1 | 62.380 | 1 | 63.780,194.150,63.880,130.270
G-1887-22B Morde Foods (JLB) PLA.docx,1 | 64.000 | 1 | 62.850 | 1 | 62.380,193.230,62.580,130.650
G-1887-22B Morde Foods (JLB) PLA.docx,1 | 64.630 | 1 | 57.380 | 1 | 63.450,189.460,63.660,125.800
G-1887-22B Morde Foods (JLB) PLA.docx,1 | 62.700 | 1 | 64.540 | 1 | 62.070,193.310,64.200,129.110
G-1887-22B Morde Foods (JLB) PLA.docx,1 | 61.960 | 1 | 63.010 | 1 | 61.700,190.670,63.680,126.990
G-1887-22B Morde Foods (JLB) PLA.docx,1 | 62.550 | 1 | 64.570 | 1 | 62.540,193.660,62.710,130.950
G-1887-22B Morde Foods (JLB) PLA.docx,1 | 62.950 | 1 | 64.110 | 1 | 63.150,194.210,62.210,132.000
G-1887-22B Morde Foods (JLB) PLA.docx,1 | 63.810 | 1 | 62.220 | 1 | 63.880,193.910,62.060,131.850
G-1887-22B Morde Foods (JLB) PLA.docx,1 | 63.920 | 1 | 61.820 | 1 | 64.850,194.590,63.260,131.330
G-1887-22B Morde Foods (JLB) PLA.docx,1 | 64.150 | 1 | 64.300 | 1 | 64.690,197.140,63.040,134.100
G-1887-22B Morde Foods (JLB) PLA.docx,1 | 62.410 | 1 | 62.030 | 1 | 62.280,190.720,63.280,127.440
G-1887-22B Morde Foods (JLB) PLA.docx,1 | 63.020 | 1 | 63.920 | 1 | 63.920,194.860,63.000,131.860
G-1887-22B Morde Foods (JLB) PLA.docx,1 | 62.880 | 1 | 63.060 | 1 | 62.290,192.230,62.720,129.510
G-1887-22B Morde Foods (JLB) PLA.docx,1 | 62.450 | Total | Total | Total | Total,63.450,4855.500,4792.050
G-1887-22B Morde Foods (JLB) PLA.docx,1 | 61.830 | 1 | 62.150 | 1 | 62.210,126.980,62.210,64.770
G-1887-22B Morde Foods (JLB) PLA.docx,1 | 62.730 | 1 | 61.980 | 1 | 61.100,127.710,61.100,66.610
G-1887-22B Morde Foods (JLB) PLA.docx,1 | 61.790 | 1 | 62.500 | 10 bags | 618.670,126.290,618.670,492.380
G-1887-22B Morde Foods (JLB) PLA.docx,1 | 61.430 | 1 | 60.950 | 10 bags | 618.670,124.380,618.670,494.290
G-1887-22B Morde Foods (JLB) PLA.docx,1 | 60.590 | 1 | 62.610 | 1 | 60.830,188.030,63.320,124.710
G-1887-22B Morde Foods (JLB) PLA.docx,1 | 62.950 | 1 | 62.690 | 1 | 63.060,192.700,61.590,131.110
G-1887-22B Morde Foods (JLB) PLA.docx,1 | 62.960 | 1 | 63.240 | 1 | 62.740,192.940,63.190,129.750
G-1887-22B Morde Foods (JLB) PLA.docx,1 | 62.990 | 1 | 62.970 | 1 | 62.980,192.940,63.130,129.810
G-1887-22B Morde Foods (JLB) PLA.docx,1 | 62.710 | 1 | 62.870 | 1 | 63.100,192.680,63.480,129.200
G-1887-22B Morde Foods (JLB) PLA.docx,1 | 63.310 | 1 | 63.290 | 1 | 63.570,194.170,63.290,130.880
G-1887-22B Morde Foods (JLB) PLA.docx,1 | 63.290 | 1 | 63.620 | 1 | 62.780,193.690,63.700,129.990
G-1887-22B Morde Foods (JLB) PLA.docx,1 | 62.100 | 1 | 61.880 | 1 | 63.810,191.790,63.850,127.940
G-1887-22B Morde Foods (JLB) PLA.docx,1 | 63.780 | 1 | 63.370 | 1 | 62.240,193.390,64.290,129.100
G-1887-22B Morde Foods (JLB) PLA.docx,1 | 63.030 | 1 | 63.390 | 1 | 63.070,193.490,62.970,130.520
G-1887-22B Morde Foods (JLB) PLA.docx,1 | 63.720 | 1 | 63.490 | 1 | 63.700,194.910,63.060,131.850
G-1887-22B Morde Foods (JLB) PLA.docx,1 | 62.600 | 1 | 63.090 | 1 | 63.030,192.720,63.040,129.680
G-1887-22B Morde Foods (JLB) PLA.docx,1 | 62.890 | 1 | 62.770 | 1 | 61.920,191.580,63.000,128.580
G-1887-22B Morde Foods (JLB) PLA.docx,1 | 63.980 | Total | Total | Total | Total,64.980,3338.920,3273.940
G-1887-22B Morde Foods (JLB) PLA.docx,1 | 62.220 | 1 | 61.980 | 1 | 62.820,127.200,62.820,64.380
G-1887-22B Morde Foods (JLB) PLA.docx,1 | 62.320 | 1 | 62.590 | 1 | 62.450,127.910,62.450,65.460
G-1887-22B Morde Foods (JLB) PLA.docx,1 | 62.440 | 1 | 61.690 | 10 bags | 622.690,126.130,622.690,496.560
G-1887-22B Morde Foods (JLB) PLA.docx,1 | 61.690 | 1 | 62.490 | 10 bags | 622.690,126.180,622.690,496.510
G-2115-21B TT Steel {Mitsui- Japan} H.O PLA.docx,GR-65051 | X057112 | 11/18/2021 | JAC980YN | 45/45 | 1,882,5750,4868
G-2115-21B TT Steel {Mitsui- Japan} H.O PLA.docx,GR-65051 | X057116 | 11/19/2021 | JSC780YN | Not Produced | 1.4,997.4,4440,3442.6
G-2115-21B TT Steel {Mitsui- Japan} H.O PLA.docx,GR-65051 | X057140 | 11/18/2021 | JSC780YN | Not Produced | 1.4,997.4,9680,8682.6
G-2115-21B TT Steel {Mitsui- Japan} H.O PLA.docx,1 | 81-49570 | JAC980YNN | 1.0X1040XC | 7.130 | 1.146.990,8.130,8178.039,8169.909
G-2115-21B TT Steel {Mitsui- Japan} H.O PLA.docx,"2 | 54-07582 | JSC980YLNN | 2X1138XC | 7.450 | 1,075.920",1085.370,8015.604,6930.234
G-2115-21B TT Steel {Mitsui- Japan} H.O PLA.docx,"3 | 81-48987 | JAC980YNN | 1X1310XC | 7.800 | 1,156.900",1167.700,9023.820,7856.120
G-2115-21B TT Steel {Mitsui- Japan} H.O PLA.docx,"4 | 81-48986 | JAC980YNN | 1X1310XC | 7.840 | 1,156.900",1168.740,9070.096,7901.356
G-2115-21B TT Steel {Mitsui- Japan} H.O PLA.docx,"5 | 81-48112 | JAC980YNN | 1X1310XC | 7.830 | 1,156.900",1169.730,9058.527,7888.797
G-2115-21B TT Steel {Mitsui- Japan} H.O PLA.docx,"6 | 81-49604 | JAC980YNN | 1X1310XC | 8.460 | 1,156.900",1171.360,9787.374,8616.014
G-2115-21B TT Steel {Mitsui- Japan} H.O PLA.docx,"7 | 62-92772 | JAC980YNN | 2X990XC | 5.320 | 1,163.830",1176.150,6191.576,5015.426
G-2115-21B TT Steel {Mitsui- Japan} H.O PLA.docx,"8 | 81-50012 | JAC980YNN | 1X1310XC | 8.520 | 1,156.900",1173.420,9856.788,8683.368
G-2115-21B TT Steel {Mitsui- Japan} H.O PLA.docx,"9 | 54-05748 | JSC980YLNN | 2X1138XC | 7.940 | 1,075.670",1092.610,8540.820,7448.210
G-2115-21B TT Steel {Mitsui- Japan} H.O PLA.docx,"10 | 62-92136 | JSC780YNN | 1.4X995XC | 4.740 | 1,041.990",1056.730,4939.033,3882.303
G-2115-21B TT Steel {Mitsui- Japan} H.O PLA.docx,"11 | 81-49229 | JAC980YNN | 2X990XC | 9.520 | 1,163.830",1184.350,11079.662,9895.312
G-2115-21B TT Steel {Mitsui- Japan} H.O PLA.docx,"12 | 81-49323 | JAC980YNN | 2X965XC | 9.190 | 1,163.830",1185.020,10695.598,9510.578
G-2115-21B TT Steel {Mitsui- Japan} H.O PLA.docx,"13 | 62-21023 | JSC980YLNN | 2X1138XC | 5.910 | 1,075.670",1094.580,6357.210,5262.630
G-2115-21B TT Steel {Mitsui- Japan} H.O PLA.docx,"14 | 81-49236 | JAC980YNN | 1.0X1040XC | 7.070 | 1,146.990",1168.060,8109.219,6941.159
G-2115-21B TT Steel {Mitsui- Japan} H.O PLA.docx,"15 | 81-49567 | JAC980YNN | 1.00X1040XC | 7.130 | 1,146.990",1169.120,8178.039,7008.919
G-2115-21B TT Steel {Mitsui- Japan} H.O PLA.docx,"16 | 81-49237 | JAC980YNN | 1.00X1040XC | 7.010 | 1,146.990",1170.000,8040.400,6870.400
G-2115-21B TT Steel {Mitsui- Japan} H.O PLA.docx,"17 | 54-07577 | JSC980YLNN | 2X1138XC | 6.530 | 1,075.670",1099.200,7024.125,5924.925
G-2115-21B TT Steel {Mitsui- Japan} H.O PLA.docx,"18 | 62-92776 | JAC980YNN | 2X965XC | 7.280 | 1,163.830",1189.110,8472.682,7283.572
G-2115-21B TT Steel {Mitsui- Japan} H.O PLA.docx,"19 | 81-49597 | JAC980YNN | 1X1310XC | 8.320 | 1,156.900",1184.220,9625.408,8441.188
G-2115-21B TT Steel {Mitsui- Japan} H.O PLA.docx,"20 | 8149543 | JAC980YNN | 1X880XC | 5.750 | 1,156.900",8150725.650,6652.175,8144073.475
G-2115-21B TT Steel {Mitsui- Japan} H.O PLA.docx,"21 | 6391327 | JSC780YN | 1.4X995XC | 4.440 | 1,042.210",6392394.650,4627.412,6387767.238
G-2115-21B TT Steel {Mitsui- Japan} H.O PLA.docx,"22 | 5410603 | JSC780YN | 1.4X995XC | 9.680 | 1,041.990",5411676.670,10086.463,5401590.207
G-2115-21B TT Steel {Mitsui- Japan} H.O PLA.docx,1 | 54-15435 | JSC980YNN | 1.4X990XC | 7.760 | 7.760,1098.130,8393.29,7295.160
G-2115-21B TT Steel {Mitsui- Japan} H.O PLA.docx,2 | 63-29598 | JAC980YNN | 2X965XC | 6.740 | 6.740,1179.310,7844.21,6664.900
G-2115-21B TT Steel {Mitsui- Japan} H.O PLA.docx,3 | 81-52944 | JAC980YNN | 1X1310XC | 5.790 | 5.790,1171.480,6698.45,5526.970
G-2142-21B TT Steel {Mitsui- Japan} H.O Desktop Review Report.docx,"1 | 81-52943 | JSC980YNN | 1X1310XC | 5,780 | 5,780",12717.900,6686.882,6031.018
G-1449-23B Phoolchand Bhagatsingh (Ping An - Vanway) PLA.docx,"Sai Kripa Weigh Bridge, Panvel | 5,990 | 4,180 | 1,810 | 2,040 | 230",14020,230,13790
G-1449-23B Phoolchand Bhagatsingh (Ping An - Vanway) PLA.docx,"Kalher Weigh Bridge, Bhiwandi | 5,970 | 4,165 | 1,805 | 2,040 | 235",13980,235,13745
G-1449-23B Phoolchand Bhagatsingh (Ping An - Vanway) PLA.docx,1 | 182.60 | 255.00 | -72.40,438.60,-72.40,511.00
G-1449-23B Phoolchand Bhagatsingh (Ping An - Vanway) PLA.docx,1 | 193.60 | 255.00 | -61.40,449.60,-61.40,511.00
G-1449-23B Phoolchand Bhagatsingh (Ping An - Vanway) PLA.docx,1 | 255.00 | 255.00 | 0.00,511.00,0.00,511.00
G-1449-23B Phoolchand Bhagatsingh (Ping An - Vanway) PLA.docx,1 | 255.00 | 255.00 | 0.00,511.00,0.00,511.00
G-1449-23B Phoolchand Bhagatsingh (Ping An - Vanway) PLA.docx,1 | 255.00 | 255.00 | 0.00,511.00,0.00,511.00
G-1449-23B Phoolchand Bhagatsingh (Ping An - Vanway) PLA.docx,1 | 254.80 | 255.00 | -0.20,510.80,-0.20,511.00
G-1449-23B Phoolchand Bhagatsingh (Ping An - Vanway) PLA.docx,1 | 183.00 | 255.00 | -72.00,439.00,-72.00,511.00
G-1449-23B Phoolchand Bhagatsingh (Ping An - Vanway) PLA.docx,1 | 197.40 | 255.00 | -57.60,453.40,-57.60,511.00
G-1449-23B Phoolchand Bhagatsingh (Ping An - Vanway) PLA.docx,"Total 8 drums | 1,776.40 | 2040.00 | -263.60",3816.40,-263.60,4080.00
G-1586-23B Lupin Ltd (Vanway-Ping An) H.O PLA.docx,"1 | 20230722 | 5/80 | 014351 | 014372 | Outer stretch wrapper, pallet and warehouse floor found stained with leaked out cargo. 
4 nos. drums surface were found stained with leaked out materials and rusted, blistered condition. Paint on the drums found peeling off. 
(Photo Nos.7 to 18)",20245074,14372,20230702
G-1586-23B Lupin Ltd (Vanway-Ping An) H.O PLA.docx,"2 | 20230722 | 8/80 | 013063 | 013087 | Outer stretch wrapper, pallet and warehouse floor found stained with leaked out cargo. 
4 nos. drums surface were found stained with leaked out materials and rusted, blistered condition. Paint on the drums found peeling off. 
(Photo Nos.7 to 18)",20243787,13087,20230700
G-1586-23B Lupin Ltd (Vanway-Ping An) H.O PLA.docx,"3 | 20230722 | 7/80 | 013060 | 013046 | Outer stretch wrapper, pallet and warehouse floor found stained with leaked out cargo. 
4 nos. drums surface were found stained with leaked out materials and rusted, blistered condition. Paint on the drums found peeling off. 
(Photo Nos.7 to 18)",20243785,13046,20230739
G-1586-23B Lupin Ltd (Vanway-Ping An) H.O PLA.docx,"4 | 20230722 | 6/80 | 014303 | 014317 | Outer stretch wrapper, pallet and warehouse floor found stained with leaked out cargo. 
4 nos. drums surface were found stained with leaked out materials and rusted, blistered condition. Paint on the drums found peeling off. 
(Photo Nos.7 to 18)",20245029,14317,20230712
G-1586-23B Lupin Ltd (Vanway-Ping An) H.O PLA.docx,"5 | 20230722 | 1/80 | 013040 | 013065 | Outer stretch wrapper, pallet and warehouse floor found stained with leaked out cargo. 
4 nos. drums surface were found stained with leaked out materials and rusted, blistered condition. Paint on the drums found peeling off. 
Base of drum No. 02/80 found dented at one place from where slight leakage and smoke was detected.
(Photo Nos.19 to 47)",20243767,13065,20230702
G-1586-23B Lupin Ltd (Vanway-Ping An) H.O PLA.docx,"6 | 20230722 | 2/80 | 013035 | 013034 | Outer stretch wrapper, pallet and warehouse floor found stained with leaked out cargo. 
4 nos. drums surface were found stained with leaked out materials and rusted, blistered condition. Paint on the drums found peeling off. 
Base of drum No. 02/80 found dented at one place from where slight leakage and smoke was detected.
(Photo Nos.19 to 47)",20243763,13034,20230729
G-1586-23B Lupin Ltd (Vanway-Ping An) H.O PLA.docx,"7 | 20230722 | 3/80 | 013030 | 013083 | Outer stretch wrapper, pallet and warehouse floor found stained with leaked out cargo. 
4 nos. drums surface were found stained with leaked out materials and rusted, blistered condition. Paint on the drums found peeling off. 
Base of drum No. 02/80 found dented at one place from where slight leakage and smoke was detected.
(Photo Nos.19 to 47)",20243759,13083,20230676
G-1586-23B Lupin Ltd (Vanway-Ping An) H.O PLA.docx,"8 | 20230722 | 4/80 | 014318 | 014380 | Outer stretch wrapper, pallet and warehouse floor found stained with leaked out cargo. 
4 nos. drums surface were found stained with leaked out materials and rusted, blistered condition. Paint on the drums found peeling off. 
Base of drum No. 02/80 found dented at one place from where slight leakage and smoke was detected.
(Photo Nos.19 to 47)",20245048,14380,20230668
G-1586-23B Lupin Ltd (Vanway-Ping An) H.O PLA.docx,"9 | 20230726 | 25/80 | 013065 | 013009 | Outer stretch wrapper, pallet and warehouse floor found stained with leaked out cargo. 
4 nos. drums surface were found stained with leaked out materials and rusted, blistered condition. Paint on the drums found peeling off. 
Drum No. 27/80 screw cap seal no. 013074 found broken. The screw cap was opened and slight gap was observed between the screw cap and the inner thread cap at one end. 
Drum No. 28/80 bung hole seal was found missing. The bung hole plastic cap was found fully tight hence we could not open to check the inner thread cap.
(Photo Nos.48 to 62)",20243800,13009,20230791
G-1586-23B Lupin Ltd (Vanway-Ping An) H.O PLA.docx,"10 | 20230726 | 26/80 | 013028 | 013075 | Outer stretch wrapper, pallet and warehouse floor found stained with leaked out cargo. 
4 nos. drums surface were found stained with leaked out materials and rusted, blistered condition. Paint on the drums found peeling off. 
Drum No. 27/80 screw cap seal no. 013074 found broken. The screw cap was opened and slight gap was observed between the screw cap and the inner thread cap at one end. 
Drum No. 28/80 bung hole seal was found missing. The bung hole plastic cap was found fully tight hence we could not open to check the inner thread cap.
(Photo Nos.48 to 62)",20243764,13075,20230689
G-1586-23B Lupin Ltd (Vanway-Ping An) H.O PLA.docx,"11 | 20230726 | 27/80 | 013074 | 013099 | Outer stretch wrapper, pallet and warehouse floor found stained with leaked out cargo. 
4 nos. drums surface were found stained with leaked out materials and rusted, blistered condition. Paint on the drums found peeling off. 
Drum No. 27/80 screw cap seal no. 013074 found broken. The screw cap was opened and slight gap was observed between the screw cap and the inner thread cap at one end. 
Drum No. 28/80 bung hole seal was found missing. The bung hole plastic cap was found fully tight hence we could not open to check the inner thread cap.
(Photo Nos.48 to 62)",20243811,13099,20230712
G-1586-23B Lupin Ltd (Vanway-Ping An) H.O PLA.docx,"12 | 20230726 | 28/80 | 013081 | Seal missing | Outer stretch wrapper, pallet and warehouse floor found stained with leaked out cargo. 
4 nos. drums surface were found stained with leaked out materials and rusted, blistered condition. Paint on the drums found peeling off. 
Drum No. 27/80 screw cap seal no. 013074 found broken. The screw cap was opened and slight gap was observed between the screw cap and the inner thread cap at one end. 
Drum No. 28/80 bung hole seal was found missing. The bung hole plastic cap was found fully tight hence we could not open to check the inner thread cap.
(Photo Nos.48 to 62)",20230738,13081,20217657
G-1586-23B Lupin Ltd (Vanway-Ping An) H.O PLA.docx,"13 | 20230728 | 45/80 | 013003 | 013056 | Outer stretch wrapper, pallet and warehouse floor found stained with leaked out cargo. 
4 nos. drums surface were found stained with leaked out materials and rusted, blistered condition. Paint on the drums found peeling off. 
Drum No. 46/80 outer metal surface found cut / holed at one place near the top side along with the inner plastic drum. Cut area was found corroded with leaked out materials. 
(Photo Nos.63 to 75)",20243744,13056,20230688
G-1586-23B Lupin Ltd (Vanway-Ping An) H.O PLA.docx,"14 | 20230728 | 46/80 | 013097 | 013043 | Outer stretch wrapper, pallet and warehouse floor found stained with leaked out cargo. 
4 nos. drums surface were found stained with leaked out materials and rusted, blistered condition. Paint on the drums found peeling off. 
Drum No. 46/80 outer metal surface found cut / holed at one place near the top side along with the inner plastic drum. Cut area was found corroded with leaked out materials. 
(Photo Nos.63 to 75)",20243839,13043,20230796
G-1586-23B Lupin Ltd (Vanway-Ping An) H.O PLA.docx,"15 | 20230728 | 47/80 | 013026 | 013047 | Outer stretch wrapper, pallet and warehouse floor found stained with leaked out cargo. 
4 nos. drums surface were found stained with leaked out materials and rusted, blistered condition. Paint on the drums found peeling off. 
Drum No. 46/80 outer metal surface found cut / holed at one place near the top side along with the inner plastic drum. Cut area was found corroded with leaked out materials. 
(Photo Nos.63 to 75)",20243769,13047,20230722
G-1586-23B Lupin Ltd (Vanway-Ping An) H.O PLA.docx,"16 | 20230728 | 48/80 | 013008 | 013019 | Outer stretch wrapper, pallet and warehouse floor found stained with leaked out cargo. 
4 nos. drums surface were found stained with leaked out materials and rusted, blistered condition. Paint on the drums found peeling off. 
Drum No. 46/80 outer metal surface found cut / holed at one place near the top side along with the inner plastic drum. Cut area was found corroded with leaked out materials. 
(Photo Nos.63 to 75)",20243752,13019,20230733
G-1586-23B Lupin Ltd (Vanway-Ping An) H.O PLA.docx,"17 | 20230801 | 73/80 | 014310 | 014385 | Outer stretch wrapper, pallet and warehouse floor found stained with leaked out cargo. 
4 nos. drums surface were found stained with leaked out materials and rusted, blistered condition. Paint on the drums found peeling off. 
(Photo Nos.76 to 88)",20245128,14385,20230743
G-1586-23B Lupin Ltd (Vanway-Ping An) H.O PLA.docx,"18 | 20230801 | 74/80 | 014368 | 014337 | Outer stretch wrapper, pallet and warehouse floor found stained with leaked out cargo. 
4 nos. drums surface were found stained with leaked out materials and rusted, blistered condition. Paint on the drums found peeling off. 
(Photo Nos.76 to 88)",20245187,14337,20230850
G-1586-23B Lupin Ltd (Vanway-Ping An) H.O PLA.docx,"19 | 20230801 | 75/80 | 014341 | 014332 | Outer stretch wrapper, pallet and warehouse floor found stained with leaked out cargo. 
4 nos. drums surface were found stained with leaked out materials and rusted, blistered condition. Paint on the drums found peeling off. 
(Photo Nos.76 to 88)",20245161,14332,20230829
G-1586-23B Lupin Ltd (Vanway-Ping An) H.O PLA.docx,"20 | 20230801 | 76/80 | 014348 | 014311 | Outer stretch wrapper, pallet and warehouse floor found stained with leaked out cargo. 
4 nos. drums surface were found stained with leaked out materials and rusted, blistered condition. Paint on the drums found peeling off. 
(Photo Nos.76 to 88)",20245169,14311,20230858
G-1586-23B Lupin Ltd (Vanway-Ping An) Second H.O PLA.docx,73/80 | 266.700 | 275.00 | -8.3,541.700,-8.3,550.000
G-1586-23B Lupin Ltd (Vanway-Ping An) Second H.O PLA.docx,4/80 | 268.100 | 275.00 | -6.9,543.100,-6.9,550.000
G-1586-23B Lupin Ltd (Vanway-Ping An) Second H.O PLA.docx,76/80 | 260.900 | 275.00 | -14.1,535.900,-14.1,550.000
G-1586-23B Lupin Ltd (Vanway-Ping An) Second H.O PLA.docx,1/80 | 266.850 | 275.00 | -8.15,541.850,-8.15,550.000
G-1586-23B Lupin Ltd (Vanway-Ping An) Second H.O PLA.docx,45/80 | 269.700 | 275.00 | -5.3,544.700,-5.3,550.000
G-1586-23B Lupin Ltd (Vanway-Ping An) Second H.O PLA.docx,6/80 | 251.450 | 275.00 | -23.55,526.450,-23.55,550.000
G-1586-23B Lupin Ltd (Vanway-Ping An) Second H.O PLA.docx,5/80 | 264.050 | 275.00 | -10.95,539.050,-10.95,550.000
G-1586-23B Lupin Ltd (Vanway-Ping An) Second H.O PLA.docx,3/80 | 279.200 | 275.00 | -4.2,554.200,-4.2,558.400
G-1586-23B Lupin Ltd (Vanway-Ping An) Second H.O PLA.docx,"8 drums | 2,126.95 | 2,200 | -73.05",4326.95,-73.05,4400.00
G-2025-22B Shanpar Industries {DPS Ref No. IND-02023-JS} PLA.docx,1. | 25.120 | 21. | 25.160,47.120,25.160,21.960
G-2025-22B Shanpar Industries {DPS Ref No. IND-02023-JS} PLA.docx,2. | 25.160 | 22. | 25.160,49.160,25.160,24.000
G-2025-22B Shanpar Industries {DPS Ref No. IND-02023-JS} PLA.docx,3. | 25.160 | 23. | 25.160,51.160,25.160,26.000
G-2025-22B Shanpar Industries {DPS Ref No. IND-02023-JS} PLA.docx,4. | 25.200 | 24. | 25.160,53.200,25.160,28.040
G-2025-22B Shanpar Industries {DPS Ref No. IND-02023-JS} PLA.docx,5. | 25.140 | 25. | 25.160,55.140,25.160,29.980
G-2025-22B Shanpar Industries {DPS Ref No. IND-02023-JS} PLA.docx,6. | 25.140 | 26. | 25.120,57.140,25.120,32.020
G-2025-22B Shanpar Industries {DPS Ref No. IND-02023-JS} PLA.docx,7. | 25.140 | 27. | 25.160,59.140,25.160,33.980
G-2025-22B Shanpar Industries {DPS Ref No. IND-02023-JS} PLA.docx,8. | 25.140 | 28. | 25.140,61.140,25.140,36.000
G-2025-22B Shanpar Industries {DPS Ref No. IND-02023-JS} PLA.docx,9. | 25.180 | 29. | 25.140,63.180,25.140,38.040
G-2025-22B Shanpar Industries {DPS Ref No. IND-02023-JS} PLA.docx,10. | 25.180 | 30. | 25.160,65.180,25.160,40.020
G-2025-22B Shanpar Industries {DPS Ref No. IND-02023-JS} PLA.docx,11. | 25.160 | 31. | 25.140,67.160,25.140,42.020
G-2025-22B Shanpar Industries {DPS Ref No. IND-02023-JS} PLA.docx,12. | 25.160 | 32. | 25.160,69.160,25.160,44.000
G-2025-22B Shanpar Industries {DPS Ref No. IND-02023-JS} PLA.docx,13. | 25.160 | 33. | 25.160,71.160,25.160,46.000
G-2025-22B Shanpar Industries {DPS Ref No. IND-02023-JS} PLA.docx,14. | 25.160 | 34. | 25.180,73.160,25.180,47.980
G-2025-22B Shanpar Industries {DPS Ref No. IND-02023-JS} PLA.docx,15. | 25.140 | 35. | 25.180,75.140,25.180,49.960
G-2025-22B Shanpar Industries {DPS Ref No. IND-02023-JS} PLA.docx,16. | 25.140 | 36. | 25.200,77.140,25.200,51.940
G-2025-22B Shanpar Industries {DPS Ref No. IND-02023-JS} PLA.docx,17. | 25.180 | 37. | 25.160,79.180,25.160,54.020
G-2025-22B Shanpar Industries {DPS Ref No. IND-02023-JS} PLA.docx,18. | 25.160 | 38. | 25.140,81.160,25.140,56.020
G-2025-22B Shanpar Industries {DPS Ref No. IND-02023-JS} PLA.docx,19. | 25.160 | 39. | 25.180,83.160,25.180,57.980
G-2025-22B Shanpar Industries {DPS Ref No. IND-02023-JS} PLA.docx,20. | 25.160 | 40. | 25.200,85.160,25.200,59.960
G-2025-22B Shanpar Industries {DPS Ref No. IND-02023-JS} PLA.docx,"Shanghai Port, China | 20 | 2 | 5.3 | 12/01/2023 | Empty container to shipper on 12 January 2023

Loading Port Storage  


Container laden on board on 18 January 2023",22,5.3,16.7
G-2025-22B Shanpar Industries {DPS Ref No. IND-02023-JS} PLA.docx,"Shanghai Port, China | 18 | 11 | 30.7 | 13/01/2023 | Empty container to shipper on 12 January 2023

Loading Port Storage  


Container laden on board on 18 January 2023",29,30.7,1.7
G-2025-22B Shanpar Industries {DPS Ref No. IND-02023-JS} PLA.docx,"Shanghai Port, China | 13 | 3 | 14.2 | 14/01/2023 | Empty container to shipper on 12 January 2023

Loading Port Storage  


Container laden on board on 18 January 2023",16,14.2,1.8
G-2025-22B Shanpar Industries {DPS Ref No. IND-02023-JS} PLA.docx,"Shanghai Port, China | 4 | 1 | 1.0 | 15/01/2023 | Empty container to shipper on 12 January 2023

Loading Port Storage  


Container laden on board on 18 January 2023",5,1.0,4.0
G-2025-22B Shanpar Industries {DPS Ref No. IND-02023-JS} PLA.docx,"Shanghai Port, China | 3 | 2 | 0.0 | 16/01/2023 | Empty container to shipper on 12 January 2023

Loading Port Storage  


Container laden on board on 18 January 2023",5,0.0,5.0
G-2025-22B Shanpar Industries {DPS Ref No. IND-02023-JS} PLA.docx,"Shanghai Port, China | 6 | 2 | 0.0 | 17/01/2023 | Empty container to shipper on 12 January 2023

Loading Port Storage  


Container laden on board on 18 January 2023",8,0.0,8.0
G-2025-22B Shanpar Industries {DPS Ref No. IND-02023-JS} PLA.docx,"Shanghai Port, China | 8 | 2 | 0.0 | 18/01/2023 | Empty container to shipper on 12 January 2023

Loading Port Storage  


Container laden on board on 18 January 2023",10,0.0,10.0
G-2025-22B Shanpar Industries {DPS Ref No. IND-02023-JS} PLA.docx,"Shanghai Port, China | 11 | 3 | 0.0 | 19/01/2023 | Empty container to shipper on 12 January 2023

Loading Port Storage  


Container laden on board on 18 January 2023",14,0.0,14.0
G-2025-22B Shanpar Industries {DPS Ref No. IND-02023-JS} PLA.docx,"Shanghai Port, China | 10 | 3 | 0.0 | 20/01/2023 | Empty container to shipper on 12 January 2023

Loading Port Storage  


Container laden on board on 18 January 2023",13,0.0,13.0
G-2025-22B Shanpar Industries {DPS Ref No. IND-02023-JS} PLA.docx,"Shanghai Port, China | 10 | 3 | 1.5 | 21/01/2023 | Empty container to shipper on 12 January 2023

Loading Port Storage  


Container laden on board on 18 January 2023",13,1.5,11.5
G-2025-22B Shanpar Industries {DPS Ref No. IND-02023-JS} PLA.docx,"Shanghai Port, China | 9 | 4 | 7.1 | 22/01/2023 | Empty container to shipper on 12 January 2023

Loading Port Storage  


Container laden on board on 18 January 2023",13,7.1,5.9
G-2025-22B Shanpar Industries {DPS Ref No. IND-02023-JS} PLA.docx,"Shanghai Port, China | 8 | 2 | 3.3 | 23/01/2023 | Empty container to shipper on 12 January 2023

Loading Port Storage  


Container laden on board on 18 January 2023",10,3.3,6.7
G-2025-22B Shanpar Industries {DPS Ref No. IND-02023-JS} PLA.docx,"Nhava Sheva, India | 36 | 19 | 0.0 | 09/02/2023 | Discharge port landing and storage before loading onto rail wagon",55,0.0,55.0
G-2025-22B Shanpar Industries {DPS Ref No. IND-02023-JS} PLA.docx,"Nhava Sheva, India | 34 | 19 | 0.0 | 10/02/2023 | Discharge port landing and storage before loading onto rail wagon",53,0.0,53.0
G-2025-22B Shanpar Industries {DPS Ref No. IND-02023-JS} PLA.docx,"Nhava Sheva, India | 34 | 18 | 0.0 | 11/02/2023 | Discharge port landing and storage before loading onto rail wagon",52,0.0,52.0
G-2025-22B Shanpar Industries {DPS Ref No. IND-02023-JS} PLA.docx,"ICD Dasharath, Vadodara | 33 | 16 | 0.0 | 12/02/2023 | Storage at ICD Dasharath, Vadodara, Gujarat",49,0.0,49.0
G-2025-22B Shanpar Industries {DPS Ref No. IND-02023-JS} PLA.docx,"ICD Dasharath, Vadodara | 32 | 15 | 0.0 | 13/02/2023 | Storage at ICD Dasharath, Vadodara, Gujarat",47,0.0,47.0
G-2025-22B Shanpar Industries {DPS Ref No. IND-02023-JS} PLA.docx,"ICD Dasharath, Vadodara | 34 | 14 | 0.0 | 14/02/2023 | Storage at ICD Dasharath, Vadodara, Gujarat",48,0.0,48.0
G-2025-22B Shanpar Industries {DPS Ref No. IND-02023-JS} PLA.docx,"ICD Dasharath, Vadodara | 36 | 13 | 0.0 | 15/02/2023 | Storage at ICD Dasharath, Vadodara, Gujarat",49,0.0,49.0
G-2025-22B Shanpar Industries {DPS Ref No. IND-02023-JS} PLA.docx,"ICD Dasharath, Vadodara | 38 | 14 | 0.0 | 16/02/2023 | Storage at ICD Dasharath, Vadodara, Gujarat",52,0.0,52.0
G-2025-22B Shanpar Industries {DPS Ref No. IND-02023-JS} PLA.docx,"ICD Dasharath, Vadodara | 37 | 14 | 0.0 | 17/02/2023 | Storage at ICD Dasharath, Vadodara, Gujarat",51,0.0,51.0
G-2025-22B Shanpar Industries {DPS Ref No. IND-02023-JS} PLA.docx,"ICD Dasharath, Vadodara | 37 | 15 | 0.0 | 18/02/2023 | Storage at ICD Dasharath, Vadodara, Gujarat",52,0.0,52.0
G-2025-22B Shanpar Industries {DPS Ref No. IND-02023-JS} PLA.docx,"ICD Dasharath, Vadodara | 38 | 16 | 0.0 | 19/02/2023 | Storage at ICD Dasharath, Vadodara, Gujarat",54,0.0,54.0
G-2025-22B Shanpar Industries {DPS Ref No. IND-02023-JS} PLA.docx,"ICD Dasharath, Vadodara | 37 | 16 | 0.0 | 20/02/2023 | Storage at ICD Dasharath, Vadodara, Gujarat",53,0.0,53.0
G-2025-22B Shanpar Industries {DPS Ref No. IND-02023-JS} PLA.docx,"Consignees factory at Vadodara, Gujarat | 35 | 15 | 0.0 | 21/02/2023 | Consignees factory at Vadodara, Gujarat",50,0.0,50.0
Option 2 - G-1382-22B Envision (PICC) - 3rd FINAL-WH【20240409.docx,"4. | 4. | 211294197 | 211294197 | Pitch Bearing found oxidized on outer ring and rusted on inner ring’s teeth at places in varying degrees. 
(Photo No. 813 to 817) | Pitch Bearing found oxidized on outer ring and rusted on inner ring’s teeth at places in varying degrees. 
(Photo No. 813 to 817)",211294205,211294197,8
Option 2 - G-1382-22B Envision (PICC) - 3rd FINAL-WH【20240409.docx,67 | IV1203B220614-04 | IV1203B220614-04 | 220594332 | 220594332 | Bottom inner ring surface was found with slight depression / scratches on surface at places in varying degrees.,220594399,220594332,67
Option 2 - G-1382-22B Envision (PICC) - 3rd FINAL-WH【20240409.docx,"72 | IV1203B220614-04 | IV1203B220614-04 | 220194285 | 220194285 | Bottom outer ring edge was found rusted at places in varying degrees.
Pitch bearing outer surface found scratched & dent at places, in varying degrees.",220194357,220194285,72
Option 2 - G-1382-22B Envision (PICC) - 3rd FINAL-WH【20240409.docx,"73 | IV1203B220614-04 | IV1203B220614-04 | 220194311 | 220194311 | Bottom outer ring edge was found with rusty at places.
Front outer ring edge was found with depression / dent on surface at places in varying degrees.",220194384,220194311,73
Option 2 - G-1382-22B Envision (PICC) - 3rd FINAL-WH【20240409.docx,"84 | IV1203B220614-04 | IV1203B220614-04 | 211294234 | 211294234 | Outer ring surface was found with depression on surface at 2 places.
Front ring edge was found with depression on surface at 1 place.",211294318,211294234,84
Option 2 - G-1382-22B Envision (PICC) - 3rd FINAL-WH【20240409.docx,"99 | IV1203B220614-04 | IV1203B220614-04 | 211294224 | 211294224 | Bottom rubber gasket sealing was found cut / deformed at 1 place.
Outer ring surface was found with depression on surface at 2 places.",211294323,211294224,99
Option 2 - G-1382-22B Envision (PICC) - 3rd FINAL-WH【20240409.docx,"100 | IV1203B220614-04 | IV1203B220614-04 | 220194321 | 220194321 | Outer ring surface was found with depression on surface at 1 place. 
Bottom rubber gasket sealing was found cut / deformed at 1 place.",220194421,220194321,100
Option 2 - G-1382-22B Envision (PICC) - 3rd FINAL-WH【20240409.docx,"104 | IV1203B220614-04 | IV1203B220614-04 | 211294225 | 211294225 | Front portion gasket/rubber sealing was found slightly cut at 2 places.
Bottom edge near gasket/rubber sealing was found cut / deformed at  place.
Pitch bearing outer surface found with scratches  at olaces in varying degrees.",211294329,211294225,104
Option 2 - G-1382-22B Envision (PICC) - 3rd FINAL-WH【20240409.docx,"108 | IV123B220614-04 | 220194283 | 220194283 | Bottom gasket/rubber sealing was found cut  / deformed at 2 places.
Front gasket/rubber sealing was found pressed / cut / deformed at 3 places.
Front outer ring edge was found with depression on surface at places in varying degrees. | Bottom gasket/rubber sealing was found cut  / deformed at 2 places.
Front gasket/rubber sealing was found pressed / cut / deformed at 3 places.
Front outer ring edge was found with depression on surface at places in varying degrees.",220194391,220194283,108
Option 2 - G-1382-22B Envision (PICC) - 3rd FINAL-WH【20240409.docx,"109 | IV123B220614-04 | 220394331 | 220394331 | Outer ring surface was found with scratches at 2 places.
Front inner ring edge was found with depression on surface at 1 place. | Outer ring surface was found with scratches at 2 places.
Front inner ring edge was found with depression on surface at 1 place.",220394440,220394331,109
Option 2 - G-1382-22B Envision (PICC) - 3rd FINAL-WH【20240409.docx,"110 | IV123B220614-04 | 211294192 | 211294192 | Bottom outer ring edge was found with depression on surface due to impact/dented at 2 places.
 Bottom gasket/rubber sealing not found / missing.
Outer ring surface was found with depression on surface at 1 place.
Outer ring surface 2 nos. plug found broken / missing and 4 plugs found cfafed / chipped.
Front gasket/rubber sealing was found pressed/cut at 1 place.
Front inner ring was found with scratches. | Bottom outer ring edge was found with depression on surface due to impact/dented at 2 places.
 Bottom gasket/rubber sealing not found / missing.
Outer ring surface was found with depression on surface at 1 place.
Outer ring surface 2 nos. plug found broken / missing and 4 plugs found cfafed / chipped.
Front gasket/rubber sealing was found pressed/cut at 1 place.
Front inner ring was found with scratches.",211294302,211294192,110
Option 2 - G-1382-22B Envision (PICC) - 3rd FINAL-WH【20240409.docx," |  | TOTAL | CNY
116,64,959.80 | 110 | 8",163,91,72
G-1434-23B MV International (Vanway Ref No. VW16923-AY) HO PLA.docx,1 | 3.745 | 3.150 | 6.895,7.895,6.895,1.000
G-1434-23B MV International (Vanway Ref No. VW16923-AY) HO PLA.docx,1 | 3.741 | 2.954 | 6.695,7.695,6.695,1.000
G-1434-23B MV International (Vanway Ref No. VW16923-AY) HO PLA.docx,1 | 3.915 | 3.026 | 6.941,7.941,6.941,1.000
G-1434-23B MV International (Vanway Ref No. VW16923-AY) HO PLA.docx,1 | 3.267 | 3.689 | 6.956,7.956,6.956,1.000
G-1434-23B MV International (Vanway Ref No. VW16923-AY) HO PLA.docx,1 | 3.298 | 3.683 | 6.981,7.981,6.981,1.000
G-1434-23B MV International (Vanway Ref No. VW16923-AY) HO PLA.docx,1 | 3.137 | 3.851 | 6.988,7.988,6.988,1.000
G-1434-23B MV International (Vanway Ref No. VW16923-AY) HO PLA.docx,1 | 3.208 | 3.696 | 6.904,7.904,6.904,1.000
G-1434-23B MV International (Vanway Ref No. VW16923-AY) HO PLA.docx,1 | 3.208 | 3.669 | 6.877,7.877,6.877,1.000
G-1434-23B MV International (Vanway Ref No. VW16923-AY) HO PLA.docx,1 | 4.834 | 2.150 | 6.984,7.984,6.984,1.000
G-1434-23B MV International (Vanway Ref No. VW16923-AY) HO PLA.docx,1 | 2.995 | 4.017 | 7.012,8.012,7.012,1.000
G-1485-23B MV International (Vanway Global) H.O PLA.docx,1 | 4.560 | 2.480 | 7.040,8.040,7.040,1.000
G-1485-23B MV International (Vanway Global) H.O PLA.docx,1 | 4.740 | 2.340 | 7.080,8.080,7.080,1.000
G-1485-23B MV International (Vanway Global) H.O PLA.docx,1 | 4.120 | 2.800 | 6.920,7.920,6.920,1.000
G-1485-23B MV International (Vanway Global) H.O PLA.docx,1 | 4.560 | 2.360 | 6.920,7.920,6.920,1.000
G-1485-23B MV International (Vanway Global) H.O PLA.docx,1 | 3.720 | 3.200 | 6.920,7.920,6.920,1.000
G-1485-23B MV International (Vanway Global) H.O PLA.docx,1 | 3.920 | 3.060 | 6.980,7.980,6.980,1.000
G-1485-23B MV International (Vanway Global) H.O PLA.docx,1 | 5.020 | 1.960 | 6.980,7.980,6.980,1.000
G-1485-23B MV International (Vanway Global) H.O PLA.docx,1 | 5.180 | 1.840 | 7.020,8.020,7.020,1.000
G-1485-23B MV International (Vanway Global) H.O PLA.docx,1 | 3.840 | 3.000 | 6.840,7.840,6.840,1.000
G-1485-23B MV International (Vanway Global) H.O PLA.docx,1 | 5.340 | 1.560 | 6.900,7.900,6.900,1.000
G-1485-23B MV International (Vanway Global) H.O PLA.docx,1 | 7.020 | Nil | 7.020,8.020,7.020,1.000
G-1485-23B MV International (Vanway Global) H.O PLA.docx,1 | 7.040 | Nil | 7.040,8.040,7.040,1.000
G-1663-23B R B Impex (Vanway - CPIC) H.O Final.docx,1 | 4.690 | 1.785 | 0.240 | 0.240 | 6.715,14.670,6.715,7.955
G-1663-23B R B Impex (Vanway - CPIC) H.O Final.docx,1 | 3.640 | 2.880 | 0.425 | 0.425 | 6.945,15.315,6.945,8.370
G-1663-23B R B Impex (Vanway - CPIC) H.O Final.docx,1 | 2.915 | 3.635 | 0.270 | 0.270 | 6.82,14.910,6.82,8.090
G-1663-23B R B Impex (Vanway - CPIC) H.O Final.docx,1 | 3.810 | 2.510 | 0.490 | 0.490 | 6.81,15.110,6.81,8.300
G-1663-23B R B Impex (Vanway - CPIC) H.O Final.docx,1 | 4.220 | 2.585 | 0.085 | 0.085 | 6.89,14.865,6.89,7.975
G-1663-23B R B Impex (Vanway - CPIC) H.O Final.docx,1 | 4.420 | 2.240 | 0.350 | 0.350 | 7.01,15.370,7.01,8.360
G-1663-23B R B Impex (Vanway - CPIC) H.O Final.docx,1 | 3.100 | 3.365 | 0.480 | 0.480 | 6.945,15.370,6.945,8.425
G-1663-23B R B Impex (Vanway - CPIC) H.O Final.docx,1 | 2.810 | 3.850 | 0.250 | 0.250 | 6.91,15.070,6.91,8.160
G-1663-23B R B Impex (Vanway - CPIC) H.O Final.docx,1 | 3.885 | 2.930 | 0.295 | 0.295 | 7.11,15.515,7.11,8.405
G-1663-23B R B Impex (Vanway - CPIC) H.O Final.docx,1 | 3.435 | 3.125 | 0.400 | 0.400 | 6.96,15.320,6.96,8.360
G-1663-23B R B Impex (Vanway - CPIC) H.O Final.docx,1 | 4.495 | 2.435 | 0.270 | 0.270 | 7.2,15.670,7.2,8.470
G-1663-23B R B Impex (Vanway - CPIC) H.O Final.docx,1 | 4.490 | 2.190 | 2.190 | 0.215 | 0.215,17.195,6.895,10.300
G-1663-23B R B Impex (Vanway - CPIC) H.O Final.docx,1 | 3.375 | 2.935 | 2.935 | 0.520 | 0.520,18.115,6.83,11.285
G-1663-23B R B Impex (Vanway - CPIC) H.O Final.docx,1 | 3.930 | 2.545 | 2.545 | 0.610 | 0.610,18.325,7.085,11.240
G-1663-23B R B Impex (Vanway - CPIC) H.O Final.docx,1 | 3.830 | 2.725 | 2.725 | 0.365 | 0.365,17.930,6.92,11.010
G-1663-23B R B Impex (Vanway - CPIC) H.O Final.docx,Total 15 crates | 57.045 | 41.735 | 41.735 | 5.265 | 5.265,255.090,104.045,151.045
G-1663-23B R B Impex (Vanway - CPIC) H.O PLA.docx,1 | 4.690 | 1.785 | 0.240 | 6.715,7.715,6.715,1.000
G-1663-23B R B Impex (Vanway - CPIC) H.O PLA.docx,1 | 3.640 | 2.880 | 0.425 | 6.945,7.945,6.945,1.000
G-1663-23B R B Impex (Vanway - CPIC) H.O PLA.docx,1 | 2.915 | 3.635 | 0.270 | 6.82,7.820,6.82,1.000
G-1663-23B R B Impex (Vanway - CPIC) H.O PLA.docx,1 | 3.810 | 2.510 | 0.490 | 6.81,7.810,6.81,1.000
G-1663-23B R B Impex (Vanway - CPIC) H.O PLA.docx,1 | 4.220 | 2.585 | 0.085 | 6.89,7.890,6.89,1.000
G-1663-23B R B Impex (Vanway - CPIC) H.O PLA.docx,1 | 4.420 | 2.240 | 0.350 | 7.01,8.010,7.01,1.000
G-1663-23B R B Impex (Vanway - CPIC) H.O PLA.docx,1 | 3.100 | 3.365 | 0.480 | 6.945,7.945,6.945,1.000
G-1663-23B R B Impex (Vanway - CPIC) H.O PLA.docx,1 | 2.810 | 3.850 | 0.250 | 6.91,7.910,6.91,1.000
G-1663-23B R B Impex (Vanway - CPIC) H.O PLA.docx,1 | 3.885 | 2.930 | 0.295 | 7.11,8.110,7.11,1.000
G-1663-23B R B Impex (Vanway - CPIC) H.O PLA.docx,1 | 3.435 | 3.125 | 0.400 | 6.96,7.960,6.96,1.000
G-1663-23B R B Impex (Vanway - CPIC) H.O PLA.docx,1 | 4.495 | 2.435 | 0.270 | 7.2,8.200,7.2,1.000
G-1663-23B R B Impex (Vanway - CPIC) H.O PLA.docx,1 | 4.490 | 2.190 | 0.215 | 6.895,7.895,6.895,1.000
G-1663-23B R B Impex (Vanway - CPIC) H.O PLA.docx,1 | 3.375 | 2.935 | 0.520 | 6.83,7.830,6.83,1.000
G-1663-23B R B Impex (Vanway - CPIC) H.O PLA.docx,1 | 3.930 | 2.545 | 0.610 | 7.085,8.085,7.085,1.000
G-1663-23B R B Impex (Vanway - CPIC) H.O PLA.docx,1 | 3.830 | 2.725 | 0.365 | 6.92,7.920,6.92,1.000
G-1680-23B Unifresh Exim (Vanway-Ping An) H.O PLA.docx,1 | 4.2 | 1.7 | 0.55 | 6.45,7.45,6.45,1.00
G-1680-23B Unifresh Exim (Vanway-Ping An) H.O PLA.docx,1 | 5.05 | 1.4 | 0.35 | 6.8,7.80,6.8,1.00
G-1680-23B Unifresh Exim (Vanway-Ping An) H.O PLA.docx,1 | 4.2 | 1.75 | 0.5 | 6.45,7.45,6.45,1.00
G-1680-23B Unifresh Exim (Vanway-Ping An) H.O PLA.docx,1 | 4.9 | 1.2 | 0.2 | 6.3,7.3,6.3,1.0
G-1680-23B Unifresh Exim (Vanway-Ping An) H.O PLA.docx,1 | 3.9 | 1.85 | 0.55 | 6.3,7.30,6.3,1.00
G-1680-23B Unifresh Exim (Vanway-Ping An) H.O PLA.docx,1 | 5.85 | 0.5 | 0.3 | 6.65,7.65,6.65,1.00
G-1680-23B Unifresh Exim (Vanway-Ping An) H.O PLA.docx,1 | 4.6 | 1.85 | 0.2 | 6.65,7.65,6.65,1.00
G-1680-23B Unifresh Exim (Vanway-Ping An) H.O PLA.docx,1 | 5.8 | 1 | 0.15 | 6.95,7.95,6.95,1.00
G-1680-23B Unifresh Exim (Vanway-Ping An) H.O PLA.docx,1 | 5.3 | 1.2 | 0.2 | 6.7,7.7,6.7,1.0
G-1680-23B Unifresh Exim (Vanway-Ping An) H.O PLA.docx,1 | 5.05 | 1.3 | 0 | 6.35,7.35,6.35,1.00
G-1680-23B Unifresh Exim (Vanway-Ping An) H.O PLA.docx,1 | 4.6 | 1.75 | 0.15 | 6.5,7.50,6.5,1.00
G-1680-23B Unifresh Exim (Vanway-Ping An) H.O PLA.docx,1 | 4 | 2.2 | 0 | 6.2,7.2,6.2,1.0
G-1680-23B Unifresh Exim (Vanway-Ping An) H.O PLA.docx,1 | 4.2 | 1.95 | 0.4 | 6.55,7.55,6.55,1.00
G-1680-23B Unifresh Exim (Vanway-Ping An) H.O PLA.docx,1 | 5.15 | 1.65 | 0.15 | 6.95,7.95,6.95,1.00
G-1680-23B Unifresh Exim (Vanway-Ping An) H.O PLA.docx,1 | 3.75 | 2.8 | 0.3 | 6.85,7.85,6.85,1.00
G-1706-23B HGS International (Vanway - CPIC) H.O Final.docx,1 | 1 | 1.000 | 1.000 | 4.800 | 4.800,22.850,6.95,15.900
G-1706-23B HGS International (Vanway - CPIC) H.O Final.docx,1 | 1 | 1.800 | 1.800 | 3.150 | 3.150,22.700,6.9,15.800
G-1706-23B HGS International (Vanway - CPIC) H.O Final.docx,1 | 1 | 1.500 | 1.500 | 4.650 | 4.650,22.550,6.85,15.700
G-1706-23B HGS International (Vanway - CPIC) H.O Final.docx,1 | 1 | 3.100 | 3.100 | 1.550 | 1.550,23.150,7.05,16.100
G-1706-23B HGS International (Vanway - CPIC) H.O Final.docx,1 | 1 | 1.550 | 1.550 | 3.600 | 3.600,23.000,7,16.000
G-1706-23B HGS International (Vanway - CPIC) H.O Final.docx,1 | 1 | 1.500 | 1.500 | 3.950 | 3.950,21.650,6.55,15.100
G-1706-23B HGS International (Vanway - CPIC) H.O Final.docx,1 | 1 | 1.200 | 1.200 | 2.850 | 2.850,23.000,7,16.000
G-1706-23B HGS International (Vanway - CPIC) H.O Final.docx,1 | 1 | 2.000 | 2.000 | 1.800 | 1.800,22.250,6.75,15.500
G-1706-23B HGS International (Vanway - CPIC) H.O Final.docx,1 | 1 | 2.450 | 2.450 | 2.850 | 2.850,22.850,6.95,15.900
G-1706-23B HGS International (Vanway - CPIC) H.O Final.docx,1 | 1 | 1.650 | 1.650 | 3.100 | 3.100,22.250,6.75,15.500
G-1706-23B HGS International (Vanway - CPIC) H.O Final.docx,1 | 1 | 3.200 | 3.200 | 2.250 | 2.250,22.100,6.7,15.400
G-1706-23B HGS International (Vanway - CPIC) H.O Final.docx,1 | 1 | 1.400 | 1.400 | 4.150 | 4.150,23.300,7.1,16.200
G-1706-23B HGS International (Vanway - CPIC) H.O Final.docx,1 | 1 | 1.550 | 1.550 | 4.100 | 4.100,22.850,6.95,15.900
G-1706-23B HGS International (Vanway - CPIC) H.O Final.docx,1 | 1 | .950 | .950 | 4.450 | 4.450,22.100,6.7,15.400
G-1706-23B HGS International (Vanway - CPIC) H.O Final.docx,1 | 1 | 1.600 | 1.600 | 4.200 | 4.200,24.200,7.4,16.800
G-1706-23B HGS International (Vanway - CPIC) H.O Final.docx,15 boxes | 15 boxes | 26.45 | 26.45 | 51.45 | 51.45,310.80,103.6,207.20
Grapes Spot Survey Report - Unifresh Exim.docx,1 | 4.2 | 1.7 | 0.55 | 6.45,7.45,6.45,1.00
Grapes Spot Survey Report - Unifresh Exim.docx,1 | 5.05 | 1.4 | 0.35 | 6.8,7.80,6.8,1.00
Grapes Spot Survey Report - Unifresh Exim.docx,1 | 4.2 | 1.75 | 0.5 | 6.45,7.45,6.45,1.00
Grapes Spot Survey Report - Unifresh Exim.docx,1 | 4.9 | 1.2 | 0.2 | 6.3,7.3,6.3,1.0
Grapes Spot Survey Report - Unifresh Exim.docx,1 | 3.9 | 1.85 | 0.55 | 6.3,7.30,6.3,1.00
Grapes Spot Survey Report - Unifresh Exim.docx,1 | 5.85 | 0.5 | 0.3 | 6.65,7.65,6.65,1.00
Grapes Spot Survey Report - Unifresh Exim.docx,1 | 4.6 | 1.85 | 0.2 | 6.65,7.65,6.65,1.00
Grapes Spot Survey Report - Unifresh Exim.docx,1 | 5.8 | 1 | 0.15 | 6.95,7.95,6.95,1.00
Grapes Spot Survey Report - Unifresh Exim.docx,1 | 5.3 | 1.2 | 0.2 | 6.7,7.7,6.7,1.0
Grapes Spot Survey Report - Unifresh Exim.docx,1 | 5.05 | 1.3 | 0 | 6.35,7.35,6.35,1.00
Grapes Spot Survey Report - Unifresh Exim.docx,1 | 4.6 | 1.75 | 0.15 | 6.5,7.50,6.5,1.00
Grapes Spot Survey Report - Unifresh Exim.docx,1 | 4 | 2.2 | 0 | 6.2,7.2,6.2,1.0
Grapes Spot Survey Report - Unifresh Exim.docx,1 | 4.2 | 1.95 | 0.4 | 6.55,7.55,6.55,1.00
Grapes Spot Survey Report - Unifresh Exim.docx,1 | 5.15 | 1.65 | 0.15 | 6.95,7.95,6.95,1.00
Grapes Spot Survey Report - Unifresh Exim.docx,1 | 3.75 | 2.8 | 0.3 | 6.85,7.85,6.85,1.00
G-1666-23BW R Fresh Import {WKW Ref. No. 554-23-35161-C} H.O.docx,1. | 90 | 2 | 180 | 21 | 90,450,3,447
G-1666-23BW R Fresh Import {WKW Ref. No. 554-23-35161-C} H.O.docx,2. | 100 | 2 | 200 | 130 | 23,499,5,494
G-1666-23BW R Fresh Import {WKW Ref. No. 554-23-35161-C} H.O.docx,3. | 110 | 2 | 220 | 149 | 31,553,2,551
G-1666-23BW R Fresh Import {WKW Ref. No. 554-23-35161-C} H.O.docx,4. | 120 | 2 | 240 | 169 | 21,606,0,606
G-1666-23BW R Fresh Import {WKW Ref. No. 554-23-35161-C} H.O.docx,5. | 135 | 2 | 270 | 156 | 49,680,2,678
G-1666-23BW R Fresh Import {WKW Ref. No. 554-23-35161-C} H.O.docx,6. | 150 | 2 | 300 | 194 | 50,753,5,748
G-1666-23BW R Fresh Import {WKW Ref. No. 554-23-35161-C} H.O.docx,7. | 163 | 2 | 326 | 202 | 35,824,0,824
G-1666-23BW R Fresh Import {Your Ref WKW Ref 554-23-35161-C}.docx,1. | 90 | 2 | 180 | 21 | 90,450,3,447
G-1666-23BW R Fresh Import {Your Ref WKW Ref 554-23-35161-C}.docx,2. | 100 | 2 | 200 | 130 | 23,499,5,494
G-1666-23BW R Fresh Import {Your Ref WKW Ref 554-23-35161-C}.docx,3. | 110 | 2 | 220 | 149 | 31,553,2,551
G-1666-23BW R Fresh Import {Your Ref WKW Ref 554-23-35161-C}.docx,4. | 120 | 2 | 240 | 169 | 21,606,0,606
G-1666-23BW R Fresh Import {Your Ref WKW Ref 554-23-35161-C}.docx,5. | 135 | 2 | 270 | 156 | 49,680,2,678
G-1666-23BW R Fresh Import {Your Ref WKW Ref 554-23-35161-C}.docx,6. | 150 | 2 | 300 | 194 | 50,753,5,748
G-1666-23BW R Fresh Import {Your Ref WKW Ref 554-23-35161-C}.docx,7. | 163 | 2 | 326 | 202 | 35,824,0,824
G-1664-23BW Aeden Fruit (WKW Ref. No. 554-23-35043-C) H.O Corrected.docx,Top | 7.5 | 5.5 | 3.5,13.0,3.5,9.5
G-1664-23BW Aeden Fruit (WKW Ref. No. 554-23-35043-C) H.O Corrected.docx,Middle | 7.5 | 4.1 | 1.9,11.6,1.9,9.7
G-1664-23BW Aeden Fruit (WKW Ref. No. 554-23-35043-C) H.O Corrected.docx,Bottom | 7.0 | 3.8 | 2.8,10.8,2.8,8.0
G-1664-23BW Aeden Fruit (WKW Ref. No. 554-23-35043-C) H.O Corrected.docx,1 | 18.700 | 1.400 | 17.300 | 18.000 | 0.700,56.400,0.700,55.700
G-1664-23BW Aeden Fruit (WKW Ref. No. 554-23-35043-C) H.O Corrected.docx,1 | 19.300 | 1.400 | 17.900 | 18.000 | 0.100,57.600,0.100,57.500
G-1664-23BW Aeden Fruit (WKW Ref. No. 554-23-35043-C) H.O Corrected.docx,1 | 18.250 | 1.500 | 16.750 | 18.000 | 1.250,55.500,1.250,54.250
G-1664-23BW Aeden Fruit (WKW Ref. No. 554-23-35043-C) H.O Corrected.docx,1 | 18.350 | 1.550 | 16.800 | 18.000 | 1.200,55.700,1.200,54.500
G-1664-23BW Aeden Fruit (WKW Ref. No. 554-23-35043-C) H.O Corrected.docx,1 | 19.100 | 1.350 | 17.750 | 18.000 | 0.250,57.200,0.250,56.950
G-1664-23BW Aeden Fruit (WKW Ref. No. 554-23-35043-C) H.O Corrected.docx,1 | 19.100 | 1.600 | 17.500 | 18.000 | 0.500,57.200,0.500,56.700
G-1664-23BW Aeden Fruit (WKW Ref. No. 554-23-35043-C) H.O Corrected.docx,1 | 18.650 | 1.350 | 17.300 | 18.000 | 0.700,56.300,0.700,55.600
G-1664-23BW Aeden Fruit (WKW Ref. No. 554-23-35043-C) H.O Corrected.docx,1 | 18.800 | 1.400 | 17.400 | 18.000 | 0.600,56.600,0.600,56.000
G-1664-23BW Aeden Fruit (WKW Ref. No. 554-23-35043-C) H.O Corrected.docx,1 | 1 | 19.100 | 19.100 | 1.400 | 17.700,77.300,0.300,77.000
G-1664-23BW Aeden Fruit (WKW Ref. No. 554-23-35043-C) H.O Corrected.docx,1 | 1 | 18.850 | 18.850 | 1.350 | 17.500,76.550,0.500,76.050
G-1664-23BW Aeden Fruit (WKW Ref. No. 554-23-35043-C) H.O Corrected.docx,1 | 1 | 18.700 | 18.700 | 1.600 | 17.100,76.100,0.900,75.200
G-1664-23BW Aeden Fruit (WKW Ref. No. 554-23-35043-C) H.O Corrected.docx,1 | 1 | 18.300 | 18.300 | 1.400 | 16.900,74.900,1.100,73.800
G-1664-23BW Aeden Fruit (WKW Ref. No. 554-23-35043-C) H.O Corrected.docx,1 | 1 | 18.550 | 18.550 | 1.400 | 17.150,75.650,0.850,74.800
G-1664-23BW Aeden Fruit (WKW Ref. No. 554-23-35043-C) H.O Corrected.docx,1 | 1 | 18.400 | 18.400 | 1.400 | 17.000,75.200,1.000,74.200
G-1664-23BW Aeden Fruit (WKW Ref. No. 554-23-35043-C) H.O Corrected.docx,Total 14 boxes | Total 14 boxes | 262.150 | 262.150 | 20.100 | 242.050,1038.450,9.950,1028.500
G-1664-23BW Aeden Fruit (WKW Ref. No. 554-23-35043-C) H.O Corrected.docx,1. | 100 | 2 | 200 | 84 | 38,498,5,493
G-1664-23BW Aeden Fruit (WKW Ref. No. 554-23-35043-C) H.O Corrected.docx,2. | 135 | 2 | 270 | 103 | 35,670,9,661
G-1664-23BW Aeden Fruit (WKW Ref. No. 554-23-35043-C) H.O Corrected.docx,3. | 110 | 2 | 220 | 109 | 26,550,5,545
G-1664-23BW Aeden Fruit (WKW Ref. No. 554-23-35043-C) H.O Corrected.docx,4. | 120 | 8 | 960 | 503 | 123,2023,29,1994
G-1749-23B R Fresh Imports (Chubb - Italy) H.O PLA.docx,100 | 3 | 300 | 203 | 52 | 18,681,22,659
G-1749-23B R Fresh Imports (Chubb - Italy) H.O PLA.docx,113 | 3 | 339 | 228 | 49 | 24,765,29,736
G-1749-23B R Fresh Imports (Chubb - Italy) H.O PLA.docx,125 | 3 | 375 | 285 | 50 | 27,868,10,858
G-1749-23B R Fresh Imports (Chubb - Italy) H.O PLA.docx,138 | 3 | 414 | 318 | 64 | 19,957,12,945
G-1749-23B R Fresh Imports (Chubb - Italy) H.O PLA.docx,150 | 3 | 450 | 343 | 85 | 19,1052,1,1051
Dev Bhumi.docx," | EMCU
5337516 | 100 | 113 | 163 | 163",679,140,539
Dev Bhumi.docx," | EMCU
5337516 | 113 | 102 | 175 | 175",670,105,565
Dev Bhumi.docx," | EMCU
5337516 | 125 | 147 | 198 | 198",857,189,668
Dev Bhumi.docx," | EMCU
5337516 | 138 | 147 | 216 | 216",733,16,717
Dev Bhumi.docx," | EMCU
5263218 | 100 | 76 | 175 | 175",662,136,526
Dev Bhumi.docx," | EMCU
5263218 | 113 | 81 | 198 | 198",725,135,590
Dev Bhumi.docx," | EMCU
5263218 | 125 | 272 | 216 | 216",854,25,829
Dev Bhumi.docx," | EMCU
5263218 | 138 | 91 | 88 | 88",453,48,405
Dev Bhumi.docx," | EMCU
5263218 | 150 | 119 | 80 | 80",434,5,429
Dev Bhumi.docx,175 premium | 1 | 106 | 40 | 3 | 1,176,175,1
Dev Bhumi.docx,138 premium | 1 | 55 | 76 | 3 | 0,139,138,1
Dev Bhumi.docx,125 premium | 1 | 69 | 48 | 3 | 0,126,125,1
Dev Bhumi.docx,175 ex-fancy | 1 | 101 | 64 | 2 | 4,176,175,1
Dev Bhumi.docx,113 choice | 1 | 68 | 37 | 2 | 0,114,113,1
Dev Bhumi.docx,100 fancy | 1 | 46 | 46 | 0 | 0,101,100,1
Dev Bhumi.docx,163 fancy | 1 | 89 | 66 | 2 | 0,164,163,1
Dev Bhumi.docx,175 fancy | 1 | 84 | 76 | 1 | 0,176,175,1
Dev Bhumi.docx,198 premium | 1 | 109 | 49 | 2 | 0,199,198,1
Dev Bhumi.docx,198 ex-fancy | 1 | 121 | 36 | 0 | 32,199,198,1
Dev Bhumi.docx,198 fancy | 1 | 116 | 49 | 2 | 19,199,198,1
Dev Bhumi.docx,88 choice | 1 | 32 | 46 | 0 | 0,89,88,1
Dev Bhumi.docx,80 choice | 1 | 27 | 37 | 0 | 1,81,80,1
Dev Bhumi.docx,100 ex-fancy | 1 | 51 | 42 | 2 | 0,101,100,1
Dev Bhumi.docx,150 premium | 1 | 98 | 43 | 2 | 1,151,150,1
Dev Bhumi.docx,163 premium | 1 | 101 | 37 | 0 | 17,164,163,1
Dev Bhumi.docx,125 premium | 1 | 75 | 46 | 1 | 0,126,125,1
Dev Bhumi.docx,138 premium | 1 | 71 | 45 | 2 | 2,139,138,1
Dev Bhumi.docx,175 premium | 1 | 91 | 76 | 0 | 3,176,175,1
Dev Bhumi.docx,113 premium | 1 | 68 | 34 | 0 | 6,114,113,1
Dev Bhumi.docx,198 premium | 1 | 132 | 43 | 2 | 6,199,198,1
Dev Bhumi.docx,216 fancy | 1 | 119 | 94 | 0 | 0,217,216,1
G-1022-24B Aayush Impex (DPS Ref.IND-04324-MK) PLA.docx,Category: | TTNU8102901 | 138 | 952 | 150 | 224,1240,224,1016
G-1022-24B Aayush Impex (DPS Ref.IND-04324-MK) PLA.docx,Category: | TEMU9170148 | 138 | 952 | 150 | 224,1240,224,1016
G-1022-24B Aayush Impex (DPS Ref.IND-04324-MK) PLA.docx,Top | 5.1 | 5.1 | 4.7,10.2,4.7,5.5
G-1022-24B Aayush Impex (DPS Ref.IND-04324-MK) PLA.docx,Middle | 5.2 | 5.8 | 4.2,11.0,4.2,6.8
G-1022-24B Aayush Impex (DPS Ref.IND-04324-MK) PLA.docx,Bottom | 4.3 | 3.8 | 2.3,8.1,2.3,5.8
G-1022-24B Aayush Impex (DPS Ref.IND-04324-MK) PLA.docx,"1. | 138 | 8 | 1,104
(100%) | 808
(73.19%) | 80
(07.25%)",139,8,131
G-1022-24B Aayush Impex (DPS Ref.IND-04324-MK) PLA.docx,"2. | 150 | 4 | 600
(100%) | 457
(76.17%) | 25
(04.17%)",152,4,148
G-1022-24B Aayush Impex (DPS Ref.IND-04324-MK) PLA.docx,Top | 4.8 | 5.8 | 1.3 | 2.1,11.9,2.1,9.8
G-1022-24B Aayush Impex (DPS Ref.IND-04324-MK) PLA.docx,Middle | 2.7 | 4.5 | 0.8 | 2.0,8.0,2.0,6.0
G-1022-24B Aayush Impex (DPS Ref.IND-04324-MK) PLA.docx,Bottom | 2.2 | 3.3 | -0.3 | -0.3,5.2,-0.3,5.5
G-1022-24B Aayush Impex (DPS Ref.IND-04324-MK) PLA.docx,"1. | 138 | 8 | 1104
(100%) | 854
(77.36%) | 54
(4.89%)",139,8,131
G-1022-24B Aayush Impex (DPS Ref.IND-04324-MK) PLA.docx,"2. | 150 | 4 | 600
(100%) | 430
(71.67%) | 55
(9.17%)",152,4,148
G-1057-24B Kashmir Fruit Bazar (DPS Ref. IND-05324-MK.) PLA.docx,100 | 5 | 500 | 274 | 19 | 80,1055,50,1005
G-1057-24B Kashmir Fruit Bazar (DPS Ref. IND-05324-MK.) PLA.docx,113 | 5 | 565 | 293 | 07 | 111,1186,62,1124
G-1057-24B Kashmir Fruit Bazar (DPS Ref. IND-05324-MK.) PLA.docx,125 | 5 | 625 | 351 | 14 | 112,1303,77,1226
G-1335-23B Reliance Retail (DPS Ref No  IND-09123-NA PLA (Apple fruit).docx,Category: | HLBU9537612 | 125 | 448 | Extra Fancy | 18,573,18,555
G-1335-23B Reliance Retail (DPS Ref No  IND-09123-NA PLA (Apple fruit).docx,Category: | HLBU9537612 | 138 | 448 | Extra Fancy | 18,586,18,568
G-1335-23B Reliance Retail (DPS Ref No  IND-09123-NA PLA (Apple fruit).docx,Category: | HLBU9537612 | 150 | 280 | Extra Fancy | 18,430,18,412
G-1335-23B Reliance Retail (DPS Ref No  IND-09123-NA PLA (Apple fruit).docx,Category: | HLBU9748770 | 125 | 466 | Extra Fancy | 18,591,18,573
G-1335-23B Reliance Retail (DPS Ref No  IND-09123-NA PLA (Apple fruit).docx,Category: | HLBU9748770 | 138 | 430 | Extra Fancy | 18,568,18,550
G-1335-23B Reliance Retail (DPS Ref No  IND-09123-NA PLA (Apple fruit).docx,Category: | HLBU9748770 | 150 | 280 | Extra Fancy | 18,430,18,412
G-1335-23B Reliance Retail (DPS Ref No  IND-09123-NA PLA (Apple fruit).docx,1. | 125 | 1 | Royal Gala | 125 | 100,375,2,373
G-1335-23B Reliance Retail (DPS Ref No  IND-09123-NA PLA (Apple fruit).docx,2. | 125 | 1 | Royal Gala | 125 | 107,376,2,374
G-1335-23B Reliance Retail (DPS Ref No  IND-09123-NA PLA (Apple fruit).docx,3. | 125 | 1 | Royal Gala | 125 | 91,376,3,373
G-1335-23B Reliance Retail (DPS Ref No  IND-09123-NA PLA (Apple fruit).docx,4. | 125 | 1 | Royal Gala | 125 | 106,379,1,378
G-1335-23B Reliance Retail (DPS Ref No  IND-09123-NA PLA (Apple fruit).docx,5. | 125 | 1 | Royal Gala | 125 | 103,380,1,379
G-1335-23B Reliance Retail (DPS Ref No  IND-09123-NA PLA (Apple fruit).docx,6. | 138 | 1 | Royal Gala | 138 | 108,420,1,419
G-1335-23B Reliance Retail (DPS Ref No  IND-09123-NA PLA (Apple fruit).docx,7. | 138 | 1 | Royal Gala | 138 | 120,421,1,420
G-1335-23B Reliance Retail (DPS Ref No  IND-09123-NA PLA (Apple fruit).docx,8. | 138 | 1 | Royal Gala | 138 | 121,422,1,421
G-1335-23B Reliance Retail (DPS Ref No  IND-09123-NA PLA (Apple fruit).docx,9. | 138 | 1 | Royal Gala | 138 | 114,423,1,422
G-1335-23B Reliance Retail (DPS Ref No  IND-09123-NA PLA (Apple fruit).docx,10. | 138 | 1 | Royal Gala | 138 | 116,422,3,419
G-1335-23B Reliance Retail (DPS Ref No  IND-09123-NA PLA (Apple fruit).docx,11. | 150 | 1 | Royal Gala | 150 | 120,458,4,454
G-1335-23B Reliance Retail (DPS Ref No  IND-09123-NA PLA (Apple fruit).docx,12. | 150 | 1 | Royal Gala | 150 | 125,460,3,457
G-1335-23B Reliance Retail (DPS Ref No  IND-09123-NA PLA (Apple fruit).docx,1. | 125 | 1 | Royal Gala | 125 | 107,364,13,351
G-1335-23B Reliance Retail (DPS Ref No  IND-09123-NA PLA (Apple fruit).docx,2. | 125 | 1 | Royal Gala | 125 | 112,368,10,358
G-1335-23B Reliance Retail (DPS Ref No  IND-09123-NA PLA (Apple fruit).docx,3. | 125 | 1 | Royal Gala | 125 | 112,377,2,375
G-1335-23B Reliance Retail (DPS Ref No  IND-09123-NA PLA (Apple fruit).docx,4. | 125 | 1 | Royal Gala | 125 | 110,369,11,358
G-1335-23B Reliance Retail (DPS Ref No  IND-09123-NA PLA (Apple fruit).docx,5. | 125 | 1 | Royal Gala | 125 | 109,380,1,379
G-1335-23B Reliance Retail (DPS Ref No  IND-09123-NA PLA (Apple fruit).docx,6. | 125 | 1 | Royal Gala | 125 | 107,381,1,380
G-1335-23B Reliance Retail (DPS Ref No  IND-09123-NA PLA (Apple fruit).docx,7. | 138 | 1 | Royal Gala | 138 | 121,418,4,414
G-1335-23B Reliance Retail (DPS Ref No  IND-09123-NA PLA (Apple fruit).docx,8. | 138 | 1 | Royal Gala | 138 | 111,422,1,421
G-1335-23B Reliance Retail (DPS Ref No  IND-09123-NA PLA (Apple fruit).docx,9. | 138 | 1 | Royal Gala | 138 | 109,420,4,416
G-1335-23B Reliance Retail (DPS Ref No  IND-09123-NA PLA (Apple fruit).docx,10. | 138 | 1 | Royal Gala | 138 | 111,422,3,419
G-1335-23B Reliance Retail (DPS Ref No  IND-09123-NA PLA (Apple fruit).docx,11. | 138 | 1 | Royal Gala | 138 | 109,424,2,422
G-1335-23B Reliance Retail (DPS Ref No  IND-09123-NA PLA (Apple fruit).docx,12. | 138 | 1 | Royal Gala | 138 | 108,426,1,425
G-1373-23 G. T. Fruitech (Vanway - Ping An) PLA Grapes.docx,1 | 1.95 | 0.45 | 3.95 | 0.60 | 6.95,7.95,6.95,1.00
G-1373-23 G. T. Fruitech (Vanway - Ping An) PLA Grapes.docx,2 | 4.90 | 0.55 | 1.30 | 0.15 | 6.90,8.90,6.90,2.00
G-1373-23 G. T. Fruitech (Vanway - Ping An) PLA Grapes.docx,3 | 1.70 | 3.20 | 0.65 | 0.90 | 6.45,9.45,6.45,3.00
G-1373-23 G. T. Fruitech (Vanway - Ping An) PLA Grapes.docx,4 | 2.25 | 1.20 | 3.15 | 0.40 | 7.00,11.00,7.00,4.00
G-1373-23 G. T. Fruitech (Vanway - Ping An) PLA Grapes.docx,5 | 4.10 | 0.55 | 1.85 | 0.25 | 6.75,11.75,6.75,5.00
G-1373-23 G. T. Fruitech (Vanway - Ping An) PLA Grapes.docx,6 | 2.25 | 1.65 | 2.35 | 0.70 | 6.95,12.95,6.95,6.00
G-1373-23 G. T. Fruitech (Vanway - Ping An) PLA Grapes.docx,7 | 2.95 | 1.70 | 1.70 | 0.65 | 7.00,14.00,7.00,7.00
G-1373-23 G. T. Fruitech (Vanway - Ping An) PLA Grapes.docx,8 | 3.0 | 1.05 | 2.25 | 0.80 | 7.10,15.10,7.10,8.00
G-1373-23 G. T. Fruitech (Vanway - Ping An) PLA Grapes.docx,9 | 3.15 | 1.25 | 2.0 | 0.65 | 7.05,16.05,7.05,9.00
G-1373-23 G. T. Fruitech (Vanway - Ping An) PLA Grapes.docx,10 | 3.70 | 1.45 | 1.25 | 0.60 | 7.00,17.00,7.00,10.00
G-1373-23 G. T. Fruitech (Vanway - Ping An) PLA Grapes.docx,11 | 2.55 | 1.35 | 2.75 | 0.35 | 7.00,18.00,7.00,11.00
G-1373-23 G. T. Fruitech (Vanway - Ping An) PLA Grapes.docx,12 | 3.45 | 1.45 | 1.40 | 0.70 | 7.00,19.00,7.00,12.00
G-1373-23 G. T. Fruitech (Vanway - Ping An) PLA Grapes.docx,13 | 3.40 | 1.35 | 1.75 | 0.45 | 6.95,19.95,6.95,13.00
G-1373-23 G. T. Fruitech (Vanway - Ping An) PLA Grapes.docx,14 | 3.35 | 0.80 | 2.60 | 0.25 | 7.00,21.00,7.00,14.00
G-1373-23 G. T. Fruitech (Vanway - Ping An) PLA Grapes.docx,15 | 3.75 | 1.20 | 1.35 | 0.75 | 7.05,22.05,7.05,15.00
G-1413-23B Aayush Impex {DPS REF No. IND-10923-EY} H.O APPLE.docx,Top | 4.4 | 4.2 | 3.4 | 3.4,12.0,3.4,8.6
G-1413-23B Aayush Impex {DPS REF No. IND-10923-EY} H.O APPLE.docx,Middle | 3.8 | 3.4 | 3.2 | 2.4,10.4,2.4,8.0
G-1413-23B Aayush Impex {DPS REF No. IND-10923-EY} H.O APPLE.docx,Bottom | 3.5 | 3.4 | 1.9 | 1.7,8.8,1.7,7.1
G-1413-23B Aayush Impex {DPS REF No. IND-10923-EY} H.O APPLE.docx,"1. | 100 | 5 | 500
(100%) | 295
(59.00%) | 120
(24.00%)",101,5,96
G-1413-23B Aayush Impex {DPS REF No. IND-10923-EY} H.O APPLE.docx,"2. | 113 | 5 | 565
(100%) | 382
(67.61%) | 84
(14.87%)",115,5,110
G-1413-23B Aayush Impex {DPS REF No. IND-10923-EY} H.O APPLE.docx,"3. | 125 | 3 | 375
(100%) | 267
(71.20%) | 65
(17.33%)",128,3,125
G-2165-23B Reliance Retail (DPS Ref No  IND-03324-MK PLA (Apple fruit).docx,Category: | FBIU5073055 | 80 | 56 | Gala | 18,136,18,118
G-2165-23B Reliance Retail (DPS Ref No  IND-03324-MK PLA (Apple fruit).docx,Category: | FBIU5073055 | 88 | 672 | Gala | 18,760,18,742
G-2165-23B Reliance Retail (DPS Ref No  IND-03324-MK PLA (Apple fruit).docx,Category: | FBIU5073055 | 88 | 41 | Gala | 18,129,18,111
G-2165-23B Reliance Retail (DPS Ref No  IND-03324-MK PLA (Apple fruit).docx,Category: | FBIU5073055 | 100 | 392 | Story | 18,492,18,474
G-2165-23B Reliance Retail (DPS Ref No  IND-03324-MK PLA (Apple fruit).docx,Category: | FBIU5073055 | 100 | 3 | Kissabel | 18,103,18,85
G-2165-23B Reliance Retail (DPS Ref No  IND-03324-MK PLA (Apple fruit).docx,Category: | FBIU5073055 | 113 | 3 | Kissabel | 18,116,18,98
G-2165-23B Reliance Retail (DPS Ref No  IND-03324-MK PLA (Apple fruit).docx,Category: | FBIU5073055 | 125 | 2 | Kissabel | 18,127,18,109
G-2165-23B Reliance Retail (DPS Ref No  IND-03324-MK PLA (Apple fruit).docx,Category: | FBIU5073055 | 138 | 2 | Kissabel | 18,140,18,122
G-2165-23B Reliance Retail (DPS Ref No  IND-03324-MK PLA (Apple fruit).docx,Category: | FBIU5073055 | 88 | 5 | Kissabel | 18,93,18,75
G-2165-23B Reliance Retail (DPS Ref No  IND-03324-MK PLA (Apple fruit).docx,"1. | 80
(Gala) | 1 | 80 | 61 | 1",162,0,162
G-2165-23B Reliance Retail (DPS Ref No  IND-03324-MK PLA (Apple fruit).docx,"2. | 88
(Gala) | 6 | 528 | 400 | 8",1062,2,1060
G-2165-23B Reliance Retail (DPS Ref No  IND-03324-MK PLA (Apple fruit).docx,"3. | 100
(Story) | 3 | 300 | 284 | 0",606,0,606
G-2165-23B Reliance Retail (DPS Ref No  IND-03324-MK PLA (Apple fruit).docx,"4. | 100 
(Kissabel) | 1 | 100 | 78 | 3",205,0,205
G-2165-23B Reliance Retail (DPS Ref No  IND-03324-MK PLA (Apple fruit).docx,"5. | 88
(Kissabel) | 1 | 88 | 66 | 1",182,0,182
G-2178-21B NKA Fruits {DPS Ref.No. IND-02322-LVDM} PLA APPLE.docx,"1. | 125 | 2 | 250
(100%) | 170
(68.00%) | 32
(12.80%)",126,2,124
G-2178-21B NKA Fruits {DPS Ref.No. IND-02322-LVDM} PLA APPLE.docx,"2. | 138 | 5 | 690
(100%) | 468
(67.83%) | 137
(19.86%)",140,5,135
G-2212-21B Nexgen Krishak {DPS Ref.No. IND-02822-MDE) H.O PLA.docx,"1. | 90 | 3 | 270
(100%) | 118 | 37",360,4,356
G-2212-21B Nexgen Krishak {DPS Ref.No. IND-02822-MDE) H.O PLA.docx,"2. | 100 | 3 | 300
(100%) | 197 | 14",398,7,391
G-2212-21B Nexgen Krishak {DPS Ref.No. IND-02822-MDE) H.O PLA.docx,"3. | 126 | 3 | 378
(100%) | 237 | 32",505,5,500
G-2212-21B Nexgen Krishak {DPS Ref.No. IND-02822-MDE) H.O PLA.docx,"4. | 112 | 3 | 336
(100%) | 206 | 34",450,5,445
G-2213-21B Reliance Retail {DPS Ref.No. IND-02722-LS) H.O PLA APPLE.docx,Top | 5.4 | 5.2 | 4.1 | 3.9,14.7,3.9,10.8
G-2213-21B Reliance Retail {DPS Ref.No. IND-02722-LS) H.O PLA APPLE.docx,Middle | 5.1 | 4.2 | 3.2 | 3.4,12.5,3.4,9.1
G-2213-21B Reliance Retail {DPS Ref.No. IND-02722-LS) H.O PLA APPLE.docx,Bottom | 4.8 | 3.8 | 2.8 | 2.5,11.4,2.5,8.9
G-2213-21B Reliance Retail {DPS Ref.No. IND-02722-LS) H.O PLA APPLE.docx,"1. | 125 | 3 | 375
(100%) | 294 | 17",486,18,468
G-2213-21B Reliance Retail {DPS Ref.No. IND-02722-LS) H.O PLA APPLE.docx,"2. | 138 | 3 | 414
(100%) | 340 | 27",544,13,531
G-2213-21B Reliance Retail {DPS Ref.No. IND-02722-LS) H.O PLA APPLE.docx,"3. | 150 | 3 | 450
(100%) | 343 | 53",601,5,596
G-2213-21B Reliance Retail {DPS Ref.No. IND-02722-LS) H.O PLA APPLE.docx,"4. | 163 | 3 | 489
(100%) | 339 | 68",635,24,611
FOR REF.docx,SEGU2882972 | 42 | 26 | 250 | C2S MATT 150 | 605*910,341.081712,710,368.918288
G-2107-22B Bliss GVS (DPS ref. IND-02723-IC) H.O PLA.docx,"Dalian Port, China | -7 | -11 | 0.0 | 23/12/2022 | From 23/123/2022 to 02/01/2023",-18,0.0,18.0
G-2107-22B Bliss GVS (DPS ref. IND-02723-IC) H.O PLA.docx,"Dalian Port, China | -3 | -11 | 0.0 | 24/12/2022 | From 23/123/2022 to 02/01/2023",-14,0.0,14.0
G-2107-22B Bliss GVS (DPS ref. IND-02723-IC) H.O PLA.docx,"Dalian Port, China | -3 | -7 | 0.0 | 25/12/2022 | From 23/123/2022 to 02/01/2023",-10,0.0,10.0
G-2107-22B Bliss GVS (DPS ref. IND-02723-IC) H.O PLA.docx,"Dalian Port, China | 0 | -7 | 0.0 | 26/12/2022 | From 23/123/2022 to 02/01/2023",-7,0.0,7.0
G-2107-22B Bliss GVS (DPS ref. IND-02723-IC) H.O PLA.docx,"Dalian Port, China | 4 | -5 | 0.0 | 27/12/2022 | From 23/123/2022 to 02/01/2023",-1,0.0,1.0
G-2107-22B Bliss GVS (DPS ref. IND-02723-IC) H.O PLA.docx,"Dalian Port, China | 0 | -5 | 0.0 | 28/12/2022 | From 23/123/2022 to 02/01/2023",-5,0.0,5.0
G-2107-22B Bliss GVS (DPS ref. IND-02723-IC) H.O PLA.docx,"Dalian Port, China | 3 | -5 | 0.0 | 29/12/2022 | From 23/123/2022 to 02/01/2023",-2,0.0,2.0
G-2107-22B Bliss GVS (DPS ref. IND-02723-IC) H.O PLA.docx,"Dalian Port, China | 3 | -5 | 0.0 | 30/12/2022 | From 23/123/2022 to 02/01/2023",-2,0.0,2.0
G-2107-22B Bliss GVS (DPS ref. IND-02723-IC) H.O PLA.docx,"Dalian Port, China | 6 | -5 | 0.0 | 31/12/2022 | From 23/123/2022 to 02/01/2023",1,0.0,1.0
G-2107-22B Bliss GVS (DPS ref. IND-02723-IC) H.O PLA.docx,"Dalian Port, China | 1 | -4 | 0.0 | 01/01/2023 | From 23/123/2022 to 02/01/2023",-3,0.0,3.0
G-2107-22B Bliss GVS (DPS ref. IND-02723-IC) H.O PLA.docx,"Dalian Port, China | -1 | -5 | 0.0 | 02/01/2023 | From 23/123/2022 to 02/01/2023",-6,0.0,6.0
G-2107-22B Bliss GVS (DPS ref. IND-02723-IC) H.O PLA.docx,"Qingdao Port, China | 6 | -1 | 0.0 | 01/01/2023 | From 01/01/2023 to 10/01/2023",5,0.0,5.0
G-2107-22B Bliss GVS (DPS ref. IND-02723-IC) H.O PLA.docx,"Qingdao Port, China | 4 | -2 | 0.0 | 02/01/2023 | From 01/01/2023 to 10/01/2023",2,0.0,2.0
G-2107-22B Bliss GVS (DPS ref. IND-02723-IC) H.O PLA.docx,"Qingdao Port, China | 5 | -2 | 0.0 | 03/01/2023 | From 01/01/2023 to 10/01/2023",3,0.0,3.0
G-2107-22B Bliss GVS (DPS ref. IND-02723-IC) H.O PLA.docx,"Qingdao Port, China | 8 | -2 | 0.0 | 04/01/2023 | From 01/01/2023 to 10/01/2023",6,0.0,6.0
G-2107-22B Bliss GVS (DPS ref. IND-02723-IC) H.O PLA.docx,"Qingdao Port, China | 8 | 1 | 0.0 | 05/01/2023 | From 01/01/2023 to 10/01/2023",9,0.0,9.0
G-2107-22B Bliss GVS (DPS ref. IND-02723-IC) H.O PLA.docx,"Qingdao Port, China | 9 | 1 | 0.0 | 06/01/2023 | From 01/01/2023 to 10/01/2023",10,0.0,10.0
G-2107-22B Bliss GVS (DPS ref. IND-02723-IC) H.O PLA.docx,"Qingdao Port, China | 9 | 2 | 0.0 | 07/01/2023 | From 01/01/2023 to 10/01/2023",11,0.0,11.0
G-2107-22B Bliss GVS (DPS ref. IND-02723-IC) H.O PLA.docx,"Qingdao Port, China | 10 | 2 | 0.0 | 08/01/2023 | From 01/01/2023 to 10/01/2023",12,0.0,12.0
G-2107-22B Bliss GVS (DPS ref. IND-02723-IC) H.O PLA.docx,"Qingdao Port, China | 8 | 0 | 0.0 | 09/01/2023 | From 01/01/2023 to 10/01/2023",8,0.0,8.0
G-2107-22B Bliss GVS (DPS ref. IND-02723-IC) H.O PLA.docx,"Qingdao Port, China | 5 | -1 | 0.0 | 10/01/2023 | From 01/01/2023 to 10/01/2023",4,0.0,4.0
G-2107-22B Bliss GVS (DPS ref. IND-02723-IC) H.O PLA.docx,"Qingdao Port, China | 8 | -1 | 0.0 | 11/01/2023 | From 01/01/2023 to 10/01/2023",7,0.0,7.0
G-2107-22B Bliss GVS (DPS ref. IND-02723-IC) H.O PLA.docx,"Qingdao Port, China | 11 | 3 | 3.8 | 12/01/2023 | From 01/01/2023 to 10/01/2023",14,3.8,10.2
G-2107-22B Bliss GVS (DPS ref. IND-02723-IC) H.O PLA.docx,"Qingdao Port, China | 10 | 1 | 0.0 | 13/01/2023 | From 01/01/2023 to 10/01/2023",11,0.0,11.0
G-2107-22B Bliss GVS (DPS ref. IND-02723-IC) H.O PLA.docx,"Qingdao Port, China | 2 | -6 | 0.0 | 14/01/2023 | From 01/01/2023 to 10/01/2023",-4,0.0,4.0
G-2107-22B Bliss GVS (DPS ref. IND-02723-IC) H.O PLA.docx,"Qingdao Port, China | -3 | -6 | 0.0 | 15/01/2023 | From 01/01/2023 to 10/01/2023",-9,0.0,9.0
G-2107-22B Bliss GVS (DPS ref. IND-02723-IC) H.O PLA.docx,"Uran, Nhava Sheva Port & CFS Storage | 30 | 20 | 0.0 | 30/01/2023 | Discharge port / CFS from 30/01/2023 to 6/02/2023",50,0.0,50.0
G-2107-22B Bliss GVS (DPS ref. IND-02723-IC) H.O PLA.docx,"Uran, Nhava Sheva Port & CFS Storage | 33 | 20 | 0.0 | 31/01/2023 | Discharge port / CFS from 30/01/2023 to 6/02/2023",53,0.0,53.0
G-2107-22B Bliss GVS (DPS ref. IND-02723-IC) H.O PLA.docx,"Uran, Nhava Sheva Port & CFS Storage | 34 | 22 | 0.0 | 01/02/2023 | Discharge port / CFS from 30/01/2023 to 6/02/2023",56,0.0,56.0
G-2107-22B Bliss GVS (DPS ref. IND-02723-IC) H.O PLA.docx,"Uran, Nhava Sheva Port & CFS Storage | 35 | 25 | 0.0 | 02/02/2023 | Discharge port / CFS from 30/01/2023 to 6/02/2023",60,0.0,60.0
G-2107-22B Bliss GVS (DPS ref. IND-02723-IC) H.O PLA.docx,"Uran, Nhava Sheva Port & CFS Storage | 34 | 20 | 0.0 | 03/02/2023 | Discharge port / CFS from 30/01/2023 to 6/02/2023",54,0.0,54.0
G-2107-22B Bliss GVS (DPS ref. IND-02723-IC) H.O PLA.docx,"Uran, Nhava Sheva Port & CFS Storage | 33 | 19 | 0.0 | 04/02/2023 | Discharge port / CFS from 30/01/2023 to 6/02/2023",52,0.0,52.0
G-2107-22B Bliss GVS (DPS ref. IND-02723-IC) H.O PLA.docx,"Uran, Nhava Sheva Port & CFS Storage | 34 | 19 | 0.0 | 05/02/2023 | Discharge port / CFS from 30/01/2023 to 6/02/2023",53,0.0,53.0
G-2107-22B Bliss GVS (DPS ref. IND-02723-IC) H.O PLA.docx,"Uran, Nhava Sheva Port & CFS Storage | 32 | 28 | 0.0 | 06/02/2023 | Discharge port / CFS from 30/01/2023 to 6/02/2023",60,0.0,60.0
G-2107-22B Bliss GVS (DPS ref. IND-02723-IC) H.O PLA.docx,Consignees’ Factory at Palghar | 31 | 19 | 0.0 | 07/02/2023 | Consignees storage till unpacking from 7/02/2023 to 14/02/2023,50,0.0,50.0
G-2107-22B Bliss GVS (DPS ref. IND-02723-IC) H.O PLA.docx,Consignees’ Factory at Palghar | 34 | 19 | 0.0 | 08/02/2023 | Consignees storage till unpacking from 7/02/2023 to 14/02/2023,53,0.0,53.0
G-2107-22B Bliss GVS (DPS ref. IND-02723-IC) H.O PLA.docx,Consignees’ Factory at Palghar | 36 | 19 | 0.0 | 09/02/2023 | Consignees storage till unpacking from 7/02/2023 to 14/02/2023,55,0.0,55.0
G-2107-22B Bliss GVS (DPS ref. IND-02723-IC) H.O PLA.docx,Consignees’ Factory at Palghar | 34 | 19 | 0.0 | 10/02/2023 | Consignees storage till unpacking from 7/02/2023 to 14/02/2023,53,0.0,53.0
G-2107-22B Bliss GVS (DPS ref. IND-02723-IC) H.O PLA.docx,Consignees’ Factory at Palghar | 34 | 18 | 0.0 | 11/02/2023 | Consignees storage till unpacking from 7/02/2023 to 14/02/2023,52,0.0,52.0
G-2107-22B Bliss GVS (DPS ref. IND-02723-IC) H.O PLA.docx,Consignees’ Factory at Palghar | 36 | 17 | 0.0 | 12/02/2023 | Consignees storage till unpacking from 7/02/2023 to 14/02/2023,53,0.0,53.0
G-2107-22B Bliss GVS (DPS ref. IND-02723-IC) H.O PLA.docx,Consignees’ Factory at Palghar | 37 | 24 | 0.0 | 13/02/2023 | Consignees storage till unpacking from 7/02/2023 to 14/02/2023,61,0.0,61.0
G-2107-22B Bliss GVS (DPS ref. IND-02723-IC) H.O PLA.docx,Consignees’ Factory at Palghar | 36 | 19 | 0.0 | 14/02/2023 | Consignees storage till unpacking from 7/02/2023 to 14/02/2023,55,0.0,55.0
G-1280-23G Sappi - TSL ROSEMARY (DPS REF. IND-07523-HVT).docx,1 | 1374 | 2215.000,1375,2215.000,840.000
G-1280-23G Sappi - TSL ROSEMARY (DPS REF. IND-07523-HVT).docx,2 | 4145 | 6633.000,4147,6633.000,2486.000
G-1280-23G Sappi - TSL ROSEMARY (DPS REF. IND-07523-HVT).docx,3 | 4104 | 6566.000,4107,6566.000,2459.000
G-1280-23G Sappi - TSL ROSEMARY (DPS REF. IND-07523-HVT).docx,4 | 4078 | 6526.000,4082,6526.000,2444.000
G-1280-23G Sappi - TSL ROSEMARY (DPS REF. IND-07523-HVT).docx,5 | 2070 | 3332.536,2075,3332.536,1257.536
G-1280-23G Sappi - TSL ROSEMARY (DPS REF. IND-07523-HVT).docx,Final Stowage Qty | 1374 | 10992 | 4145 | 33160 | 4104,157710,126168,31542
G-1280-23G Sappi - TSL ROSEMARY (DPS REF. IND-07523-HVT).docx,08-07-2023 | 44 | 352 | 526 | 4208 | 579,14110,11288,2822
G-1280-23G Sappi - TSL ROSEMARY (DPS REF. IND-07523-HVT).docx,09-07-2023 | 651 | 5208 | 168 | 1344 | 274,27310,21848,5462
G-1280-23G Sappi - TSL ROSEMARY (DPS REF. IND-07523-HVT).docx,10-07-2023 | 431 | 3448 | 0 | 0 | 335,10970,8776,2194
G-1280-23G Sappi - TSL ROSEMARY (DPS REF. IND-07523-HVT).docx,11-07-2023 | 248 | 1984 | 775 | 6200 | 358,22190,17752,4438
G-1280-23G Sappi - TSL ROSEMARY (DPS REF. IND-07523-HVT).docx,12-07-2023 | 0 | 0 | 1276 | 10208 | 658,31740,25392,6348
G-1280-23G Sappi - TSL ROSEMARY (DPS REF. IND-07523-HVT).docx,13-07-2023 | 0 | 0 | 886 | 7088 | 606,21730,17384,4346
G-1280-23G Sappi - TSL ROSEMARY (DPS REF. IND-07523-HVT).docx,14-07-2023 | 0 | 0 | 514 | 4112 | 756,21500,17200,4300
G-1280-23G Sappi - TSL ROSEMARY (DPS REF. IND-07523-HVT).docx,15-07-2023 | 0 | 0 | 0 | 0 | 538,8160,6528,1632
G-1280-23G Sappi - TSL ROSEMARY (DPS REF. IND-07523-HVT).docx,Total | 1374 | 10992 | 4145 | 33160 | 4104,157710,126168,31542
G-1280A-23G Sappi - TSL ROSEMARY (DPS REF. IND-07623-HVT).docx,5 | 2070 | 3332.536,2075,3332.536,1257.536
PMS24024 Cargo Condition Report-MV LU YANG SHUN (Final Version) H.O Corrected.docx,"1 | PTM Iberica Unipessoal, LDA Portugal | Aveiro, Portugal | Prime Hot Rolled Steel Coils | 176 | 4,171.75",177,4171.75,3994.75
PMS24024 Cargo Condition Report-MV LU YANG SHUN (Final Version) H.O Corrected.docx,"1 | Stemcor Distribution Ltd | Newport, U.K | Prime Hot Dipped Galvanised Steel Coils | 34 | 769.83",804.83,773.18,31.65
PMS24024 Cargo Condition Report-MV LU YANG SHUN (Final Version) H.O Corrected.docx,"2 | Salzgitter Mannesmann UK.Ltd | Newport, U.K | Prime Hot Dipped Galvanised Steel Coils as per EN10346 | 50 | 867.045",919.045,868.735,50.310
PMS24024 Cargo Condition Report-MV LU YANG SHUN (Final Version) H.O Corrected.docx,"3 | Duferco UK Ltd | Newport, U.K | Prime Cold Rolled Steel Coils | 461 | 4,749.612",5213.612,4782.867,430.745
PMS24024 Cargo Condition Report-MV LU YANG SHUN (Final Version) H.O Corrected.docx,"1 | Primex Steel Trading GmbH | Fredericia, Denmark | Prime Hot Rolled Steel Plates | 3,762 | 5,124.227",8887.227,5124.227,3763.000
PMS24024 Cargo Condition Report-MV LU YANG SHUN (Final Version) H.O Corrected.docx,"2 | Primex Steel Trading GmbH | Fredericia, Denmark | Prime Hot Rolled Steel Plates | 571 | 3,005.379",3578.379,3005.379,573.000
PMS24024 Cargo Condition Report-MV LU YANG SHUN (Final Version) H.O Corrected.docx,"3 | Primex Steel Trading GmbH | Fredericia, Denmark | Prime Hot Rolled Steel Plates | 747 | 5,172.220",5922.220,5198.365,723.855
PMS24024 Cargo Condition Report-MV LU YANG SHUN (Final Version) H.O Corrected.docx,"4 | Primex Steel Trading GmbH | Fredericia, Denmark | Prime Hot Rolled Steel Plates | 12 | 79.950",95.950,80.85,15.100
PMS24024 Cargo Condition Report-MV LU YANG SHUN (Final Version) H.O Corrected.docx,"1 | PTM Iberica Unipessoal, LDA Portugal | AVE 01 | 6864971 & 6987224 | Aveiro, Portugal | Prime Hot Rolled Steel Coils",4348.75,4172.75,176.00
PMS24024 Cargo Condition Report-MV LU YANG SHUN (Final Version) H.O Corrected.docx,"1 | Stemcor Distribution Ltd | NEW 01 | 6867907 & 6948456 | Newport, U.K | Prime Hot Dipped Galvanised Steel Coils",804.83,773.18,31.65
PMS24024 Cargo Condition Report-MV LU YANG SHUN (Final Version) H.O Corrected.docx,"2 | Salzgitter Mannesmann UK.Ltd | NEW 02 | 6898976 | Newport, U.K | Prime Hot Dipped Galvanised Steel Coils as per EN10346",6899895.045,868.735,6899026.310
PMS24024 Cargo Condition Report-MV LU YANG SHUN (Final Version) H.O Corrected.docx,"3 | Duferco UK Ltd | NEW 03 | 6864969, 7025624 & 7114014 | Newport, U.K | Prime Cold Rolled Steel Coils",5213.612,4782.867,430.745
PMS24024 Cargo Condition Report-MV LU YANG SHUN (Final Version) H.O Corrected.docx,"1 | Primex Steel Trading GmbH | FRED 01 | 6867902, 6948444, 6984003, 7025617 & 7081944 | Fredericia, Denmark | Prime Hot Rolled Steel Plates",8887.227,5124.227,3763.000
PMS24024 Cargo Condition Report-MV LU YANG SHUN (Final Version) H.O Corrected.docx,"2 | Primex Steel Trading GmbH | FRED 02 | 6867902, 6948444, 6984003, 7025617 & 7081944 | Fredericia, Denmark | Prime Hot Rolled Steel Plates",3578.379,3005.379,573.000
PMS24024 Cargo Condition Report-MV LU YANG SHUN (Final Version) H.O Corrected.docx,"3 | Primex Steel Trading GmbH | FRED 03 | 6867898 & 6948466 | Fredericia, Denmark | Prime Hot Rolled Steel Plates",5922.220,5198.365,723.855
PMS24024 Cargo Condition Report-MV LU YANG SHUN (Final Version) H.O Corrected.docx,"4 | Primex Steel Trading GmbH | FRED 04 | 7009771 | Fredericia, Denmark | Prime Hot Rolled Steel Plates",7009866.950,80.85,7009786.100
PMS24024 Cargo Condition Report-MV LU YANG SHUN (Final Version) H.O Corrected.docx,1 | 222 | 0 | 0,223,0,223
PMS24024 Cargo Condition Report-MV LU YANG SHUN (Final Version) H.O Corrected.docx,2 | 0 | 0 | 1929,2,1929,1927
PMS24024 Cargo Condition Report-MV LU YANG SHUN (Final Version) H.O Corrected.docx,3 | 0 | 176 | 1147,179,1147,968
PMS24024 Cargo Condition Report-MV LU YANG SHUN (Final Version) H.O Corrected.docx,4 | 0 | 0 | 2016,4,2016,2012
PMS24024 Cargo Condition Report-MV LU YANG SHUN (Final Version) H.O Corrected.docx,5 | 323 | 0 | 0,328,0,328
G-1073-24B - MV AGIOS PORFYRIOS (DPS Ref. IND-03624-HVT).docx,22.04.2024 | 154.720 | 304.000 | 541.000 | 630.000 | 1625.000,1629.720,1625.000,4.720
G-1073-24B - MV AGIOS PORFYRIOS (DPS Ref. IND-03624-HVT).docx,WOOVEN BAGS | 0 | 0 | 0 | 9.149 | 10.199,9.149,10.199,1.050
G-1044-23B Sappi - FEDERAL BALTIC (DPS Ref No. IND-04323-HVT) H.O PLA.docx,"1 | 1,415 | 2,267.035",1416,2267.035,851.035
G-1044-23B Sappi - FEDERAL BALTIC (DPS Ref No. IND-04323-HVT) H.O PLA.docx,"2 | 3,369 | 5,397.266",3371,5397.266,2026.266
G-1044-23B Sappi - FEDERAL BALTIC (DPS Ref No. IND-04323-HVT) H.O PLA.docx,"3 | 3,440 | 5,510.010",3443,5510.010,2067.010
G-1044-23B Sappi - FEDERAL BALTIC (DPS Ref No. IND-04323-HVT) H.O PLA.docx,"4 | 2,317 | 3,716.285",2321,3716.285,1395.285
G-1044-23B Sappi - FEDERAL BALTIC (DPS Ref No. IND-04323-HVT) H.O PLA.docx,"5 | 3,182 | 5,103.677",3187,5103.677,1916.677
G-1044-23B Sappi - FEDERAL BALTIC (DPS Ref No. IND-04323-HVT) H.O PLA.docx,"6 | 1,536 | 2,462.039",1542,2462.039,920.039
G-1044-23B Sappi - FEDERAL BALTIC (DPS Ref No. IND-04323-HVT) H.O PLA.docx,23.04.2023 | 0 | 0 | 0 | 1048 | 8384,21163.896,1789.434,19374.462
G-1044-23B Sappi - FEDERAL BALTIC (DPS Ref No. IND-04323-HVT) H.O PLA.docx,24.04.2023 | 1030 | 8240 | 1650.061 | 804 | 6432,22360.069,519.048,21841.021
G-1044-23B Sappi - FEDERAL BALTIC (DPS Ref No. IND-04323-HVT) H.O PLA.docx,26.04.2023 | 385 | 3080 | 616.974 | 426 | 3408,16284.426,1368.108,14916.318
G-1044-23B Sappi - FEDERAL BALTIC (DPS Ref No. IND-04323-HVT) H.O PLA.docx,27.04.2023 | 0 | 0 | 0 | 1091 | 8728,21871.910,1834.420,20037.490
G-1044-23B Sappi - FEDERAL BALTIC (DPS Ref No. IND-04323-HVT) H.O PLA.docx,Total | 1415 | 11320 | 2267.035 | 3369 | 26952,81680.301,5511.010,76169.291
G-1044-23B Sappi - FEDERAL BALTIC (DPS Ref No. IND-04323-HVT) H.O PLA.docx,1033 | 8264 | 1654.866 | 916 | 7328 | 1467.432,20663.298,0,20663.298
G-1044-23B Sappi - FEDERAL BALTIC (DPS Ref No. IND-04323-HVT) H.O PLA.docx,883 | 7064 | 1414.566 | 74 | 592 | 118.548,18372.114,1464.228,16907.886
G-1044-23B Sappi - FEDERAL BALTIC (DPS Ref No. IND-04323-HVT) H.O PLA.docx,67 | 536 | 107.334 | 758 | 6064 | 1214.316,14344.650,997.811,13346.839
G-1044-23B Sappi - FEDERAL BALTIC (DPS Ref No. IND-04323-HVT) H.O PLA.docx,334 | 2672 | 539.519 | 1287 | 10296 | 2047.051,17175.570,0,17175.570
G-1044-23B Sappi - FEDERAL BALTIC (DPS Ref No. IND-04323-HVT) H.O PLA.docx,0 | 0 | 0 | 147 | 1176 | 256.330,1579.330,0,1579.330
G-1044-23B Sappi - FEDERAL BALTIC (DPS Ref No. IND-04323-HVT) H.O PLA.docx,2317 | 18536 | 3716.285 | 3182 | 25456 | 5103.677,72134.962,2462.039,69672.923
G-1044-23B Sappi - FEDERAL BALTIC (DPS).docx,"1 | 1,415 | 2,267.035",1416,2267.035,851.035
G-1044-23B Sappi - FEDERAL BALTIC (DPS).docx,"2 | 3,369 | 5,397.266",3371,5397.266,2026.266
G-1044-23B Sappi - FEDERAL BALTIC (DPS).docx,"3 | 3,440 | 5,510.010",3443,5510.010,2067.010
G-1044-23B Sappi - FEDERAL BALTIC (DPS).docx,"4 | 2,317 | 3,716.285",2321,3716.285,1395.285
G-1044-23B Sappi - FEDERAL BALTIC (DPS).docx,"5 | 3,182 | 5,103.677",3187,5103.677,1916.677
G-1044-23B Sappi - FEDERAL BALTIC (DPS).docx,"6 | 1,536 | 2,462.039",1542,2462.039,920.039
G-1044-23B Sappi - FEDERAL BALTIC (DPS).docx,23.04.2023 | 0 | 0 | 0 | 1048 | 8384,21163.896,1789.434,19374.462
G-1044-23B Sappi - FEDERAL BALTIC (DPS).docx,24.04.2023 | 1030 | 8240 | 1650.061 | 804 | 6432,22360.069,519.048,21841.021
G-1044-23B Sappi - FEDERAL BALTIC (DPS).docx,26.04.2023 | 385 | 3080 | 616.974 | 426 | 3408,16284.426,1368.108,14916.318
G-1044-23B Sappi - FEDERAL BALTIC (DPS).docx,27.04.2023 | 0 | 0 | 0 | 1091 | 8728,21871.910,1834.420,20037.490
G-1044-23B Sappi - FEDERAL BALTIC (DPS).docx,Total | 1415 | 11320 | 2267.035 | 3369 | 26952,81680.301,5511.010,76169.291
G-1044-23B Sappi - FEDERAL BALTIC (DPS).docx,1033 | 8264 | 1654.866 | 916 | 7328 | 1467.432,20663.298,0,20663.298
G-1044-23B Sappi - FEDERAL BALTIC (DPS).docx,883 | 7064 | 1414.566 | 74 | 592 | 118.548,18372.114,1464.228,16907.886
G-1044-23B Sappi - FEDERAL BALTIC (DPS).docx,67 | 536 | 107.334 | 758 | 6064 | 1214.316,14344.650,997.811,13346.839
G-1044-23B Sappi - FEDERAL BALTIC (DPS).docx,334 | 2672 | 539.519 | 1287 | 10296 | 2047.051,17175.570,0,17175.570
G-1044-23B Sappi - FEDERAL BALTIC (DPS).docx,0 | 0 | 0 | 147 | 1176 | 256.330,1579.330,0,1579.330
G-1044-23B Sappi - FEDERAL BALTIC (DPS).docx,2317 | 18536 | 3716.285 | 3182 | 25456 | 5103.677,72134.962,2462.039,69672.923
G-1091-23B Sappi - TSL ROSEMARY (DPS REF. IND-04823-HVT) H.O.docx,1 | 1860 | 2980.084,1861,2980.084,1119.084
G-1091-23B Sappi - TSL ROSEMARY (DPS REF. IND-04823-HVT) H.O.docx,2 | 4042 | 6474.141,4044,6474.141,2430.141
G-1091-23B Sappi - TSL ROSEMARY (DPS REF. IND-04823-HVT) H.O.docx,3 | 4080 | 6544.403,4083,6544.403,2461.403
G-1091-23B Sappi - TSL ROSEMARY (DPS REF. IND-04823-HVT) H.O.docx,4 | 4091 | 6552.158,4095,6552.158,2457.158
G-1091-23B Sappi - TSL ROSEMARY (DPS REF. IND-04823-HVT) H.O.docx,5 | 2258 | 3616.853,2263,3616.853,1353.853
G-1091-23B Sappi - TSL ROSEMARY (DPS REF. IND-04823-HVT) H.O.docx,B/L Qty | 1860 | 14880 | 4042 | 32336 | 4080,163310,130648,32662
G-1091-23B Sappi - TSL ROSEMARY (DPS REF. IND-04823-HVT) H.O.docx,11-05-2023 | 728 | 5824 | 0 | 0 | 707,31240,24992,6248
G-1091-23B Sappi - TSL ROSEMARY (DPS REF. IND-04823-HVT) H.O.docx,12-05-2023 | 727 | 5816 | 1044 | 8352 | 722,39870,31896,7974
G-1091-23B Sappi - TSL ROSEMARY (DPS REF. IND-04823-HVT) H.O.docx,13-05-2023 | 405 | 3240 | 1097 | 8776 | 686,34920,27936,6984
G-1091-23B Sappi - TSL ROSEMARY (DPS REF. IND-04823-HVT) H.O.docx,14-05-2023 | 0 | 0 | 1362 | 10896 | 1114,36550,29240,7310
G-1091-23B Sappi - TSL ROSEMARY (DPS REF. IND-04823-HVT) H.O.docx,15-05-2023 | 0 | 0 | 539 | 4312 | 851,20730,16584,4146
G-1091-23B Sappi - TSL ROSEMARY (DPS REF. IND-04823-HVT) H.O.docx,Total | 1860 | 14880 | 4042 | 32336 | 4080,163310,130648,32662
G-2082-22B Sappi - TSL ROSEMARY (DPS) Checked by NJ.docx,"1 | 1,392 | 2,229.920",1393,2229.920,836.920
G-2082-22B Sappi - TSL ROSEMARY (DPS) Checked by NJ.docx,"2 | 4,110 | 6,584.893",4112,6584.893,2472.893
G-2082-22B Sappi - TSL ROSEMARY (DPS) Checked by NJ.docx,"3 | 4,085 | 6,542.526",4088,6542.526,2454.526
G-2082-22B Sappi - TSL ROSEMARY (DPS) Checked by NJ.docx,"4 | 4,080 | 6,534.518",4084,6534.518,2450.518
G-2082-22B Sappi - TSL ROSEMARY (DPS) Checked by NJ.docx,"5 | 1,968 | 3,151.944",1973,3151.944,1178.944
G-2082-22B Sappi - TSL ROSEMARY (DPS) Checked by NJ.docx,20.03.2023 | 794 | 6352 | 1271.8 | 280 | 2240,10937.8,448.504,10489.296
G-2082-22B Sappi - TSL ROSEMARY (DPS) Checked by NJ.docx,21.03.2023 | 598 | 4784 | 958.09 | 1194 | 9552,17086.09,1912.55,15173.54
G-2082-22B Sappi - TSL ROSEMARY (DPS) Checked by NJ.docx,22.03.2023 | 0 | 0 | 0 | 1051 | 8408,9459,1683.49,7775.51
G-2082-22B Sappi - TSL ROSEMARY (DPS) Checked by NJ.docx,23.03.2023 | 0 | 0 | 0 | 992 | 7936,8928,1588.99,7339.01
G-2082-22B Sappi - TSL ROSEMARY (DPS) Checked by NJ.docx,24.03.2023 | 0 | 0 | 0 | 593 | 4744,5337,951.362,4385.638
G-2082-22B Sappi - TSL ROSEMARY (DPS) Checked by NJ.docx,Total | 1392 | 11136 | 2229.9 | 4110 | 32880,51747.9,6584.89,45163.01
G-2082-22B Sappi - TSL ROSEMARY (DPS) Checked by NJ.docx,20.03.2023 | 785 | 6280 | 1257.413 | 299 | 2392,21302.351,1745.96,19556.391
G-2082-22B Sappi - TSL ROSEMARY (DPS) Checked by NJ.docx,21.03.2023 | 683 | 5464 | 1094.029 | 648 | 5184,22012.995,1405.98,20607.015
G-2082-22B Sappi - TSL ROSEMARY (DPS) Checked by NJ.docx,22.03.2023 | 1015 | 8120 | 1625.827 | 1088 | 8704,22295.585,0,22295.585
G-2082-22B Sappi - TSL ROSEMARY (DPS) Checked by NJ.docx,23.03.2023 | 984 | 7872 | 1576.171 | 1271 | 10168,23907.059,0,23907.059
G-2082-22B Sappi - TSL ROSEMARY (DPS) Checked by NJ.docx,24.03.2023 | 618 | 4944 | 989.086 | 766 | 6128,14671.238,0,14671.238
G-2082-22B Sappi - TSL ROSEMARY (DPS) Checked by NJ.docx,Total | 4085 | 32680 | 6542.526 | 4072 | 32576,104189.228,3151.94,101037.288
G-1027-23B MRK Foods (Tky-Malaysia) H.O PLA.docx,1 | 1 | 12 | 1 | 8 | 3,23,3,20
G-1027-23B MRK Foods (Tky-Malaysia) H.O PLA.docx,2 | 1 | 12 | 1 | 11 | 0,27,0,27
G-1027-23B MRK Foods (Tky-Malaysia) H.O PLA.docx,3 | 1 | 12 | 0 | 2 | 10,18,10,8
G-1027-23B MRK Foods (Tky-Malaysia) H.O PLA.docx,4 | 1 | 12 | 0 | 1 | 11,18,11,7
G-1027-23B MRK Foods (Tky-Malaysia) H.O PLA.docx,5 | 1 | 12 | 0 | 12 | 0,30,0,30
G-1027-23B MRK Foods (Tky-Malaysia) H.O PLA.docx,6 | 1 | 12 | 1 | 11 | 0,31,0,31
G-1027-23B MRK Foods (Tky-Malaysia) H.O PLA.docx,7 | 1 | 12 | 1 | 11 | 0,32,0,32
G-1027-23B MRK Foods (Tky-Malaysia) H.O PLA.docx,8 | 1 | 12 | 0 | 1 | 11,22,11,11
G-1027-23B MRK Foods (Tky-Malaysia) H.O PLA.docx,9 | 1 | 12 | 0 | 1 | 11,23,11,12
G-1027-23B MRK Foods (Tky-Malaysia) H.O PLA.docx,10 | 1 | 12 | 0 | 1 | 11,24,11,13
G-1027-23B MRK Foods (Tky-Malaysia) H.O PLA.docx,11 | 1 | 12 | 1 | 0 | 11,25,11,14
G-1027-23B MRK Foods (Tky-Malaysia) H.O PLA.docx,12 | 1 | 12 | 1 | 0 | 11,26,11,15
G-1027-23B MRK Foods (Tky-Malaysia) H.O PLA.docx,13 | 1 | 12 | 1 | 0 | 11,27,11,16
G-1027-23B MRK Foods (Tky-Malaysia) H.O PLA.docx,14 | 1 | 12 | 0 | 3 | 9,30,9,21
G-1027-23B MRK Foods (Tky-Malaysia) H.O PLA.docx,15 | 1 | 12 | 0 | 0 | 12,28,12,16
G-1027-23B MRK Foods (Tky-Malaysia) H.O PLA.docx,16 | 1 | 12 | 1 | 11 | 0,41,0,41
G-1027-23B MRK Foods (Tky-Malaysia) H.O PLA.docx,17 | 1 | 12 | 0 | 0 | 12,30,12,18
G-1027-23B MRK Foods (Tky-Malaysia) H.O PLA.docx,18 | 1 | 12 | 0 | 1 | 11,32,11,21
G-1027-23B MRK Foods (Tky-Malaysia) H.O PLA.docx,19 | 1 | 12 | 0 | 2 | 10,34,10,24
G-1027-23B MRK Foods (Tky-Malaysia) H.O PLA.docx,20 | 1 | 12 | 1 | 1 | 10,35,10,25
G-1027-23B MRK Foods (Tky-Malaysia) H.O PLA.docx,21 | 1 | 12 | 0 | 0 | 12,34,12,22
G-1027-23B MRK Foods (Tky-Malaysia) H.O PLA.docx,22 | 1 | 12 | 1 | 1 | 10,37,10,27
G-1027-23B MRK Foods (Tky-Malaysia) H.O PLA.docx,23 | 1 | 12 | 1 | 11 | 0,48,0,48
G-1027-23B MRK Foods (Tky-Malaysia) H.O PLA.docx,24 | 1 | 12 | 2 | 0 | 10,39,10,29
G-1027-23B MRK Foods (Tky-Malaysia) H.O PLA.docx,25 | 1 | 12 | 2 | 0 | 10,40,10,30
G-1027-23B MRK Foods (Tky-Malaysia) H.O PLA.docx,26 | 1 | 12 | 2 | 0 | 10,41,10,31
G-1027-23B MRK Foods (Tky-Malaysia) H.O PLA.docx,27 | 1 | 12 | 1 | 11 | 0,52,0,52
G-1027-23B MRK Foods (Tky-Malaysia) H.O PLA.docx,28 | 1 | 12 | 0 | 2 | 10,43,10,33
G-1027-23B MRK Foods (Tky-Malaysia) H.O PLA.docx,29 | 1 | 12 | 1 | 11 | 0,54,0,54
G-1027-23B MRK Foods (Tky-Malaysia) H.O PLA.docx,Total | 29 | 348 | 19 | 113 | 216,509,216,293
G-1027-23B MRK Foods (Tky-Malaysia) H.O PLA.docx,60 | 720 | 180 | 540 | 0 (NIL),960,540,420
G-1027-23B MRK Foods (Tky-Malaysia) H.O PLA.docx,1 | 1 | 12 | 1 | 11 | 0,26,0,26
G-1027-23B MRK Foods (Tky-Malaysia) H.O PLA.docx,2 | 1 | 12 | 1 | 9 | 2,25,2,23
G-1027-23B MRK Foods (Tky-Malaysia) H.O PLA.docx,3 | 1 | 12 | 3 | 9 | 0,28,0,28
G-1027-23B MRK Foods (Tky-Malaysia) H.O PLA.docx,4 | 1 | 12 | 1 | 11 | 0,29,0,29
G-1027-23B MRK Foods (Tky-Malaysia) H.O PLA.docx,5 | 1 | 12 | 1 | 11 | 0,30,0,30
G-1027-23B MRK Foods (Tky-Malaysia) H.O PLA.docx,6 | 1 | 12 | 1 | 11 | 0,31,0,31
G-1027-23B MRK Foods (Tky-Malaysia) H.O PLA.docx,7 | 1 | 12 | 2 | 9 | 1,31,1,30
G-1027-23B MRK Foods (Tky-Malaysia) H.O PLA.docx,8 | 1 | 12 | 2 | 10 | 0,33,0,33
G-1027-23B MRK Foods (Tky-Malaysia) H.O PLA.docx,9 | 1 | 12 | 0 | 0 | 12,22,12,10
G-1027-23B MRK Foods (Tky-Malaysia) H.O PLA.docx,10 | 1 | 12 | 2 | 0 | 10,25,10,15
G-1027-23B MRK Foods (Tky-Malaysia) H.O PLA.docx,11 | 1 | 12 | 0 | 0 | 12,24,12,12
G-1027-23B MRK Foods (Tky-Malaysia) H.O PLA.docx,12 | 1 | 12 | 0 | 0 | 12,25,12,13
G-1027-23B MRK Foods (Tky-Malaysia) H.O PLA.docx,13 | 1 | 12 | 4 | 3 | 5,33,5,28
G-1027-23B MRK Foods (Tky-Malaysia) H.O PLA.docx, | 13 | 156 | 18 | 84 | 54,271,54,217
G-1027-23B MRK Foods (Tky-Malaysia) H.O PLA.docx,1 | Vegetarian Oyster Flavoured Sauce 510g | 199 | 653 | 852 | 1.71,1706.71,1456.92,249.79
G-1027-23B MRK Foods (Tky-Malaysia) H.O PLA.docx,2 | Panda Brand Oyster Sauce 510g | 18 | 84 | 102 | 1.53,207.53,156.06,51.47
G-1697-22B S. M. Auto Engineering (TMS-111-0822-133) PLA.docx," | 6.1 | 6.1 | 6.1 | Date of survey application | 22 August 2022, by TMS Global.",12.2,6.1,6.1
G-1697-22B S. M. Auto Engineering (TMS-111-0822-133) PLA.docx, | 6.2 | 6.2 | 6.2 | Date of survey | 20 October 2022,12.4,6.2,6.2
G-1697-22B S. M. Auto Engineering (TMS-111-0822-133) PLA.docx," | 6.3 | 6.3 | 6.3 | Place of survey | At TG Terminals Pvt Ltd., Container Freight Station (CFS), Veshvi, Navi Mumbai - 400702.",12.6,6.3,6.3
G-1617-23G Reaghan Fashions (PICC) H.O PLA.docx,22/08/2023 | 14.0 | 29/08/2023 | 8.1 | 5/9/2023 | 5.1,27.2,0.5,26.7
G-1617-23G Reaghan Fashions (PICC) H.O PLA.docx,24/08/2023 | 36.1 | 31/08/2023 | 0.5 | 6/9/2023 | 2.0,38.6,14.5,24.1
G-1617-23G Reaghan Fashions (PICC) H.O PLA.docx,26/08/2023 | 3.8 | 1/9/2023 | 1.0 | 7/9/2023 | 2.0,6.8,0.5,6.3
G-1617-23G Reaghan Fashions (PICC) H.O PLA.docx,28/08/2023 | 2.0 | 4/9/2023 | 2.3 | 9/9/2023 | 2.0,6.3,17.0,10.7
Spot Report - 17-12-2022 (Revised).docx,1 | Suziblue C&L | 1 | 593 | 481 | 86,1183,5,1178
Spot Report - 17-12-2022 (Revised).docx,2 | Suziblue C&L | 1 | 610 | 452 | 119,1220,3,1217
Spot Report - 17-12-2022 (Revised).docx,3 | Suziblue C&L | 1 | 605 | 365 | 152,1182,32,1150
Spot Report - 17-12-2022 (Revised).docx,4 | Emerald C&L | 1 | 569 | 331 | 161,1131,12,1119
Spot Report - 17-12-2022 (Revised).docx,5 | Emerald C&L | 1 | 613 | 452 | 127,1225,7,1218
Spot Report - 17-12-2022 (Revised).docx,6 | Emerald C&L | 1 | 687 | 426 | 189,1364,17,1347
Spot Report - 17-12-2022 (Revised).docx,Total | Total | 6 | 3677 | 2507 | 834,7284,76,7208
Spot Report - 19-12-2022 (Revised).docx,1 | Emerald C&L | 1 | 681 | 412 | 106,1281,83,1198
Spot Report - 19-12-2022 (Revised).docx,2 | Emerald C&L | 1 | 695 | 413 | 105,1303,90,1213
Spot Report - 19-12-2022 (Revised).docx,3 | Emerald C&L | 1 | 742 | 486 | 122,1429,59,1370
Spot Report - 19-12-2022 (Revised).docx,Total | Total | 3 | 2118 | 1311 | 333,4007,232,3775
G-1064-21B Dev Bhumi (DPS Ref. No.IND-05021-FDR) PLA.docx,Top | 10.9 | 7.2 | 13.3 | 7.9 | 9.9,39.3,9.9,29.4
G-1064-21B Dev Bhumi (DPS Ref. No.IND-05021-FDR) PLA.docx,Middle | 6.9 | 5.8 | 5.3 | 2.1 | 2.7,20.1,2.7,17.4
G-1064-21B Dev Bhumi (DPS Ref. No.IND-05021-FDR) PLA.docx,Bottom | 5.3 | 4.2 | 1.7 | 3.5 | 2.9,14.7,2.9,11.8
G-1065-21B Dev Bhumi (DPS Ref. No. IND-05021-FDR) H.O PLA.docx,Top | 11.0 | 8.8 | 11.3 | 9.2 | 8.1,40.3,8.1,32.2
G-1065-21B Dev Bhumi (DPS Ref. No. IND-05021-FDR) H.O PLA.docx,Middle | 8.1 | 4.6 | 7.5 | 7.6 | 2.8,27.8,2.8,25.0
G-1065-21B Dev Bhumi (DPS Ref. No. IND-05021-FDR) H.O PLA.docx,Bottom | 5.9 | 2.8 | 4.8 | 2.6 | 0.9,16.1,0.9,15.2
G-1109-21B Dev Bhumi (DPS Ref. No. IND-05221-MDE) Container No. SEGU9207791 H.O PLA.docx,Top | 9.9 | 9.9 | 12.1 | 3.2 | 5.7,40.8,5.7,35.1
G-1109-21B Dev Bhumi (DPS Ref. No. IND-05221-MDE) Container No. SEGU9207791 H.O PLA.docx,Middle | 6.6 | 5.1 | 5.9 | 2.1 | 3.3,23.0,1.9,21.1
G-1109-21B Dev Bhumi (DPS Ref. No. IND-05221-MDE) Container No. SEGU9207791 H.O PLA.docx,Bottom | 3.0 | 2.0 | 1.4 | 2.9 | 2.7,12.0,2.1,9.9
G-1257 -21B Dev Bhumi (DPS Ref. No. IND-07521-LS) Container No. IKSU2521690.docx,"7 | 175 (EXF) | 2 | 2 | 350
(100%) | 237
(67.71%)",9,2,7
G-1257 -21B Dev Bhumi (DPS Ref. No. IND-07521-LS) Container No. IKSU2521690.docx,"8 | 100 (PR) | 1 | 1 | 100
(100%) | 39
(39.00%)",9,1,8
G-1257 -21B Dev Bhumi (DPS Ref. No. IND-07521-LS) Container No. IKSU2521690.docx,"9 | 216 (EXF) | 2 | 2 | 432
(100%) | 357
(82.64%)",11,2,9
G-1257 -21B Dev Bhumi (DPS Ref. No. IND-07521-LS) Container No. IKSU2521690.docx,"10 | 163 (PR) | 1 | 1 | 163
(100%) | 130
(79.75%)",11,1,10
G-1424-21B Dev Bhumi (DPS Ref No. IND-15321-KDW) PLA  (7 Containers).docx,Category: | TTNU8450342 | 100 | 147 | 150 | 98,397,98,299
G-1424-21B Dev Bhumi (DPS Ref No. IND-15321-KDW) PLA  (7 Containers).docx,Category: | TTNU8450342 | 113 | 196 | 163 | 98,472,98,374
G-1424-21B Dev Bhumi (DPS Ref No. IND-15321-KDW) PLA  (7 Containers).docx,Category: | TTNU8450342 | 125 | 343 | 175 | 49,643,49,594
G-1424-21B Dev Bhumi (DPS Ref No. IND-15321-KDW) PLA  (7 Containers).docx,Category: | TTNU8450342 | 138 | 126 | 198 | 49,462,49,413
G-1424-21B Dev Bhumi (DPS Ref No. IND-15321-KDW) PLA  (7 Containers).docx,Category: | CXRU1221995 | 100 | 98 | 150 | 98,348,98,250
G-1424-21B Dev Bhumi (DPS Ref No. IND-15321-KDW) PLA  (7 Containers).docx,Category: | CXRU1221995 | 113 | 245 | 163 | 147,521,147,374
G-1424-21B Dev Bhumi (DPS Ref No. IND-15321-KDW) PLA  (7 Containers).docx,Category: | CXRU1221995 | 125 | 196 | 175 | 147,496,147,349
G-1424-21B Dev Bhumi (DPS Ref No. IND-15321-KDW) PLA  (7 Containers).docx,Category: | CXRU1221995 | 138 | 126 | 198 | 49,462,49,413
G-1424-21B Dev Bhumi (DPS Ref No. IND-15321-KDW) PLA  (7 Containers).docx,Category: | MORU1104305 | 100 | 147 | 150 | 126,397,126,271
G-1424-21B Dev Bhumi (DPS Ref No. IND-15321-KDW) PLA  (7 Containers).docx,Category: | MORU1104305 | 113 | 147 | 163 | 196,423,196,227
G-1424-21B Dev Bhumi (DPS Ref No. IND-15321-KDW) PLA  (7 Containers).docx,Category: | MORU1104305 | 125 | 147 | 175 | 98,447,98,349
G-1424-21B Dev Bhumi (DPS Ref No. IND-15321-KDW) PLA  (7 Containers).docx,Category: | MORU1104305 | 138 | 147 | 198 | 98,483,98,385
G-1424-21B Dev Bhumi (DPS Ref No. IND-15321-KDW) PLA  (7 Containers).docx,Category: | CXRU117820-3 | 100 | 63 | 175 | 44,338,44,294
G-1424-21B Dev Bhumi (DPS Ref No. IND-15321-KDW) PLA  (7 Containers).docx,Category: | CXRU117820-3 | 113 | 235 | 198 | 45,546,45,501
G-1424-21B Dev Bhumi (DPS Ref No. IND-15321-KDW) PLA  (7 Containers).docx,Category: | CXRU117820-3 | 125 | 490 | 216 | 49,831,49,782
G-1424-21B Dev Bhumi (DPS Ref No. IND-15321-KDW) PLA  (7 Containers).docx,Category: | CXRU117820-3 | 138 | 117 | 80 | 28,335,28,307
G-1424-21B Dev Bhumi (DPS Ref No. IND-15321-KDW) PLA  (7 Containers).docx,Category: | CXRU117820-3 | 150 | 10 | 88 | 21,248,21,227
G-1424-21B Dev Bhumi (DPS Ref No. IND-15321-KDW) PLA  (7 Containers).docx,Category: | TTNU8066677 | 100 | 10 | 163 | 81,273,81,192
G-1424-21B Dev Bhumi (DPS Ref No. IND-15321-KDW) PLA  (7 Containers).docx,Category: | TTNU8066677 | 113 | 316 | 175 | 63,604,63,541
G-1424-21B Dev Bhumi (DPS Ref No. IND-15321-KDW) PLA  (7 Containers).docx,Category: | TTNU8066677 | 125 | 387 | 198 | 50,710,50,660
G-1424-21B Dev Bhumi (DPS Ref No. IND-15321-KDW) PLA  (7 Containers).docx,Category: | TTNU8066677 | 138 | 48 | 80 | 03,266,3,263
G-1424-21B Dev Bhumi (DPS Ref No. IND-15321-KDW) PLA  (7 Containers).docx,Category: | TTNU8066677 | 150 | 93 | 88 | 55,331,55,276
G-1424-21B Dev Bhumi (DPS Ref No. IND-15321-KDW) PLA  (7 Containers).docx,Category: | FSCU569045-9 | 100 | 147 | 163 | 98,410,98,312
G-1424-21B Dev Bhumi (DPS Ref No. IND-15321-KDW) PLA  (7 Containers).docx,Category: | FSCU569045-9 | 113 | 224 | 175 | 98,512,98,414
G-1424-21B Dev Bhumi (DPS Ref No. IND-15321-KDW) PLA  (7 Containers).docx,Category: | FSCU569045-9 | 125 | 196 | 198 | 49,519,49,470
G-1424-21B Dev Bhumi (DPS Ref No. IND-15321-KDW) PLA  (7 Containers).docx,Category: | FSCU569045-9 | 138 | 147 | 216 | 49,501,49,452
G-1424-21B Dev Bhumi (DPS Ref No. IND-15321-KDW) PLA  (7 Containers).docx,Category: | TCLU123764-9 | 100 | 126 | 163 | 147,389,147,242
G-1424-21B Dev Bhumi (DPS Ref No. IND-15321-KDW) PLA  (7 Containers).docx,Category: | TCLU123764-9 | 113 | 147 | 175 | 49,435,49,386
G-1424-21B Dev Bhumi (DPS Ref No. IND-15321-KDW) PLA  (7 Containers).docx,Category: | TCLU123764-9 | 125 | 245 | 198 | 98,568,98,470
G-1424-21B Dev Bhumi (DPS Ref No. IND-15321-KDW) PLA  (7 Containers).docx,Category: | TCLU123764-9 | 138 | 147 | 88 | 49,373,49,324
G-1424-21B Dev Bhumi (DPS Ref No. IND-15321-KDW) PLA  (7 Containers).docx,Top | 5.6 | 1.1 | 0.3,6.7,0.3,6.4
G-1424-21B Dev Bhumi (DPS Ref No. IND-15321-KDW) PLA  (7 Containers).docx,Middle | 1.4 | 0.8 | 0.1,2.2,0.1,2.1
G-1424-21B Dev Bhumi (DPS Ref No. IND-15321-KDW) PLA  (7 Containers).docx,1 | 138 (Ex-Fancy) | 1 | 138 | 118 | 14,277,1,276
G-1424-21B Dev Bhumi (DPS Ref No. IND-15321-KDW) PLA  (7 Containers).docx,2 | 125 (Ex-Fancy) | 1 | 125 | 91 | 15,235,18,217
G-1424-21B Dev Bhumi (DPS Ref No. IND-15321-KDW) PLA  (7 Containers).docx,3 | 100 (Choice) | 1 | 100 | 43 | 11,171,33,138
G-1424-21B Dev Bhumi (DPS Ref No. IND-15321-KDW) PLA  (7 Containers).docx,4 | 175 (Ex-Fancy) | 1 | 175 | 142 | 26,351,4,347
G-1424-21B Dev Bhumi (DPS Ref No. IND-15321-KDW) PLA  (7 Containers).docx,5 | 113 (Ex-Fancy) | 1 | 113 | 93 | 14,227,5,222
G-1424-21B Dev Bhumi (DPS Ref No. IND-15321-KDW) PLA  (7 Containers).docx,6 | 150 (Fancy) | 1 | 150 | 101 | 29,300,7,293
G-1424-21B Dev Bhumi (DPS Ref No. IND-15321-KDW) PLA  (7 Containers).docx,7 | 100 (Premium) | 1 | 100 | 72 | 16,200,8,192
G-1424-21B Dev Bhumi (DPS Ref No. IND-15321-KDW) PLA  (7 Containers).docx,8 | 113 (Premium) | 1 | 113 | 63 | 38,228,7,221
G-1424-21B Dev Bhumi (DPS Ref No. IND-15321-KDW) PLA  (7 Containers).docx,9 | 125 (Premium) | 1 | 125 | 79 | 34,253,7,246
G-1424-21B Dev Bhumi (DPS Ref No. IND-15321-KDW) PLA  (7 Containers).docx,10 | 163 (Premium) | 1 | 163 | 110 | 28,315,22,293
G-1424-21B Dev Bhumi (DPS Ref No. IND-15321-KDW) PLA  (7 Containers).docx,11 | 198 (Premium) | 1 | 198 | 153 | 37,400,8,392
G-1424-21B Dev Bhumi (DPS Ref No. IND-15321-KDW) PLA  (7 Containers).docx,"Total | Total | 11 | 1,500 | 1,065 | 262",2891,120,2771
G-1424-21B Dev Bhumi (DPS Ref No. IND-15321-KDW) PLA  (7 Containers).docx,Top | 1.0 | 2.2 | 1.3,3.2,1.3,1.9
G-1424-21B Dev Bhumi (DPS Ref No. IND-15321-KDW) PLA  (7 Containers).docx,Bottom | 1.4 | 0.3 | 0.5,1.7,0.5,1.2
G-1424-21B Dev Bhumi (DPS Ref No. IND-15321-KDW) PLA  (7 Containers).docx,1 | 100 (Premium) | 1 | 100 | 59 | 24,187,15,172
G-1424-21B Dev Bhumi (DPS Ref No. IND-15321-KDW) PLA  (7 Containers).docx,2 | 125 (Premium) | 1 | 125 | 65 | 23,248,5,243
G-1424-21B Dev Bhumi (DPS Ref No. IND-15321-KDW) PLA  (7 Containers).docx,3 | 138 (Ex-Fancy) | 1 | 138 | 79 | 49,272,8,264
G-1424-21B Dev Bhumi (DPS Ref No. IND-15321-KDW) PLA  (7 Containers).docx,4 | 150 (Ex-Fancy) | 1 | 150 | 109 | 37,302,3,299
G-1424-21B Dev Bhumi (DPS Ref No. IND-15321-KDW) PLA  (7 Containers).docx,5 | 198 (Ex-Fancy) | 1 | 198 | 130 | 33,378,24,354
G-1424-21B Dev Bhumi (DPS Ref No. IND-15321-KDW) PLA  (7 Containers).docx,6 | 163 (Ex-Fancy) | 1 | 163 | 104 | 40,317,16,301
G-1424-21B Dev Bhumi (DPS Ref No. IND-15321-KDW) PLA  (7 Containers).docx,7 | 113 (Fancy) | 1 | 113 | 47 | 57,225,9,216
G-1424-21B Dev Bhumi (DPS Ref No. IND-15321-KDW) PLA  (7 Containers).docx,8 | 175 (Premium) | 1 | 175 | 147 | 09,341,18,323
G-1424-21B Dev Bhumi (DPS Ref No. IND-15321-KDW) PLA  (7 Containers).docx,9 | 175 (Ex-Fancy) | 1 | 175 | 128 | 40,355,5,350
G-1424-21B Dev Bhumi (DPS Ref No. IND-15321-KDW) PLA  (7 Containers).docx,10 | 113 (Premium) | 1 | 113 | 74 | 28,226,11,215
G-1424-21B Dev Bhumi (DPS Ref No. IND-15321-KDW) PLA  (7 Containers).docx,11 | 125 (Ex-Fancy) | 1 | 125 | 80 | 35,252,10,242
G-1424-21B Dev Bhumi (DPS Ref No. IND-15321-KDW) PLA  (7 Containers).docx,"Total | Total | 11 | 1,575 | 1,022 | 375",3037,124,2913
G-1424-21B Dev Bhumi (DPS Ref No. IND-15321-KDW) PLA  (7 Containers).docx,1 | 138 (Fancy) | 1 | 138 | 77 | 60,277,1,276
G-1424-21B Dev Bhumi (DPS Ref No. IND-15321-KDW) PLA  (7 Containers).docx,2 | 138 (Ex-Fancy) | 1 | 138 | 85 | 43,272,7,265
G-1424-21B Dev Bhumi (DPS Ref No. IND-15321-KDW) PLA  (7 Containers).docx,3 | 175 (Ex-Fancy) | 1 | 175 | 125 | 35,347,7,340
G-1424-21B Dev Bhumi (DPS Ref No. IND-15321-KDW) PLA  (7 Containers).docx,4 | 100 (Ex-Fancy) | 1 | 100 | 58 | 32,196,9,187
G-1424-21B Dev Bhumi (DPS Ref No. IND-15321-KDW) PLA  (7 Containers).docx,5 | 198 (Ex-Fancy) | 1 | 198 | 112 | 67,393,9,384
G-1424-21B Dev Bhumi (DPS Ref No. IND-15321-KDW) PLA  (7 Containers).docx,6 | 125 (Ex-Fancy) | 1 | 125 | 78 | 40,252,5,247
G-1424-21B Dev Bhumi (DPS Ref No. IND-15321-KDW) PLA  (7 Containers).docx,7 | 163 (Ex-Fancy) | 1 | 163 | 118 | 16,331,3,328
G-1424-21B Dev Bhumi (DPS Ref No. IND-15321-KDW) PLA  (7 Containers).docx,8 | 100 (Premium) | 1 | 100 | 62 | 23,195,14,181
G-1424-21B Dev Bhumi (DPS Ref No. IND-15321-KDW) PLA  (7 Containers).docx,9 | 150 (Premium) | 1 | 150 | 91 | 42,302,8,294
G-1424-21B Dev Bhumi (DPS Ref No. IND-15321-KDW) PLA  (7 Containers).docx,10 | 125 (Premium) | 1 | 125 | 75 | 30,253,8,245
G-1424-21B Dev Bhumi (DPS Ref No. IND-15321-KDW) PLA  (7 Containers).docx,11 | 113 (Premium) | 1 | 113 | 64 | 32,225,13,212
G-1424-21B Dev Bhumi (DPS Ref No. IND-15321-KDW) PLA  (7 Containers).docx,"Total | Total | 11 | 1,525 | 945 | 420",2977,84,2893
G-1424-21B Dev Bhumi (DPS Ref No. IND-15321-KDW) PLA  (7 Containers).docx,1 | 150 (Fancy) | 1 | 150 | 150 | 104,449,3,446
G-1424-21B Dev Bhumi (DPS Ref No. IND-15321-KDW) PLA  (7 Containers).docx,2 | 198 (Fancy) | 1 | 198 | 198 | 130,594,3,591
G-1424-21B Dev Bhumi (DPS Ref No. IND-15321-KDW) PLA  (7 Containers).docx,3 | 80 (Choice) | 1 | 80 | 80 | 36,222,22,200
G-1424-21B Dev Bhumi (DPS Ref No. IND-15321-KDW) PLA  (7 Containers).docx,4 | 216 (Choice) | 1 | 216 | 216 | 135,638,15,623
G-1424-21B Dev Bhumi (DPS Ref No. IND-15321-KDW) PLA  (7 Containers).docx,5 | 138 (Ex-Fancy) | 1 | 138 | 138 | 84,418,2,416
G-1424-21B Dev Bhumi (DPS Ref No. IND-15321-KDW) PLA  (7 Containers).docx,6 | 175 (Ex-Fancy) | 1 | 175 | 175 | 124,527,5,522
G-1424-21B Dev Bhumi (DPS Ref No. IND-15321-KDW) PLA  (7 Containers).docx,7 | 163 (Ex-Fancy) | 1 | 163 | 163 | 98,490,7,483
G-1424-21B Dev Bhumi (DPS Ref No. IND-15321-KDW) PLA  (7 Containers).docx,8 | 125 (Ex-Fancy) | 1 | 125 | 125 | 70,380,4,376
G-1424-21B Dev Bhumi (DPS Ref No. IND-15321-KDW) PLA  (7 Containers).docx,9 | 100 (Premium) | 1 | 100 | 100 | 57,295,15,280
G-1424-21B Dev Bhumi (DPS Ref No. IND-15321-KDW) PLA  (7 Containers).docx,10 | 113 (Premium) | 1 | 113 | 113 | 60,335,15,320
G-1424-21B Dev Bhumi (DPS Ref No. IND-15321-KDW) PLA  (7 Containers).docx,11 | 125 (Premium) | 1 | 125 | 125 | 81,375,12,363
G-1424-21B Dev Bhumi (DPS Ref No. IND-15321-KDW) PLA  (7 Containers).docx,"Total | Total | 11 | 1,583 | 1,583 | 979",4657,103,4554
G-1424-21B Dev Bhumi (DPS Ref No. IND-15321-KDW) PLA  (7 Containers).docx,1 | 163 (Choice) | 1 | 163 | 82 | 43,299,29,270
G-1424-21B Dev Bhumi (DPS Ref No. IND-15321-KDW) PLA  (7 Containers).docx,2 | 100 (Choice) | 1 | 100 | 45 | 06,164,39,125
G-1424-21B Dev Bhumi (DPS Ref No. IND-15321-KDW) PLA  (7 Containers).docx,3 | 125 (Premium) | 1 | 125 | 79 | 32,243,11,232
G-1424-21B Dev Bhumi (DPS Ref No. IND-15321-KDW) PLA  (7 Containers).docx,4 | 175 (Premium) | 1 | 175 | 108 | 44,340,15,325
G-1424-21B Dev Bhumi (DPS Ref No. IND-15321-KDW) PLA  (7 Containers).docx,5 | 113 (Premium) | 1 | 113 | 62 | 29,218,14,204
G-1424-21B Dev Bhumi (DPS Ref No. IND-15321-KDW) PLA  (7 Containers).docx,6 | 150 (Ex-Fancy) | 1 | 150 | 96 | 39,299,8,291
G-1424-21B Dev Bhumi (DPS Ref No. IND-15321-KDW) PLA  (7 Containers).docx,7 | 125 (Ex-Fancy) | 1 | 125 | 72 | 40,249,9,240
G-1424-21B Dev Bhumi (DPS Ref No. IND-15321-KDW) PLA  (7 Containers).docx,8 | 198 (Ex-Fancy) | 1 | 198 | 123 | 56,396,9,387
G-1424-21B Dev Bhumi (DPS Ref No. IND-15321-KDW) PLA  (7 Containers).docx,9 | 113 (Ex-Fancy) | 1 | 113 | 56 | 44,224,12,212
G-1424-21B Dev Bhumi (DPS Ref No. IND-15321-KDW) PLA  (7 Containers).docx,10 | 138 (Fancy) | 1 | 138 | 78 | 56,287,0,287
G-1424-21B Dev Bhumi (DPS Ref No. IND-15321-KDW) PLA  (7 Containers).docx,11 | 88 (Fancy) | 1 | 88 | 56 | 20,177,11,166
G-1424-21B Dev Bhumi (DPS Ref No. IND-15321-KDW) PLA  (7 Containers).docx,"Total | Total | 11 | 1,488 | 857 | 409",2830,157,2673
G-1424-21B Dev Bhumi (DPS Ref No. IND-15321-KDW) PLA  (7 Containers).docx,1 | 113 (Choice) | 1 | 113 | 73 | 06,201,27,174
G-1424-21B Dev Bhumi (DPS Ref No. IND-15321-KDW) PLA  (7 Containers).docx,2 | 100 (Fancy) | 1 | 100 | 62 | 31,200,3,197
G-1424-21B Dev Bhumi (DPS Ref No. IND-15321-KDW) PLA  (7 Containers).docx,3 | 163 (Ex-Fancy) | 1 | 163 | 116 | 25,318,12,306
G-1424-21B Dev Bhumi (DPS Ref No. IND-15321-KDW) PLA  (7 Containers).docx,4 | 138 (Ex-Fancy) | 1 | 138 | 115 | 17,280,1,279
G-1424-21B Dev Bhumi (DPS Ref No. IND-15321-KDW) PLA  (7 Containers).docx,5 | 198 (Ex-Fancy) | 1 | 198 | 139 | 34,389,13,376
G-1424-21B Dev Bhumi (DPS Ref No. IND-15321-KDW) PLA  (7 Containers).docx,6 | 125 (Premium) | 1 | 125 | 83 | 32,252,5,247
G-1424-21B Dev Bhumi (DPS Ref No. IND-15321-KDW) PLA  (7 Containers).docx,7 | 150 (Premium) | 1 | 150 | 121 | 24,303,5,298
G-1424-21B Dev Bhumi (DPS Ref No. IND-15321-KDW) PLA  (7 Containers).docx,8 | 216 (Ex-Fancy) | 1 | 216 | 163 | 36,435,6,429
G-1424-21B Dev Bhumi (DPS Ref No. IND-15321-KDW) PLA  (7 Containers).docx,9 | 175 (Premium) | 1 | 175 | 145 | 11,342,18,324
G-1424-21B Dev Bhumi (DPS Ref No. IND-15321-KDW) PLA  (7 Containers).docx,10 | 100 (Premium) | 1 | 100 | 67 | 22,200,11,189
G-1424-21B Dev Bhumi (DPS Ref No. IND-15321-KDW) PLA  (7 Containers).docx,11 | 113 (Premium) | 1 | 113 | 73 | 26,226,12,214
G-1424-21B Dev Bhumi (DPS Ref No. IND-15321-KDW) PLA  (7 Containers).docx,"Total | Total | 11 | 1,591 | 1,157 | 264",3080,113,2967
G-1424-21B Dev Bhumi (DPS Ref No. IND-15321-KDW) PLA  (7 Containers).docx,1 | 113 (Fancy) | 1 | 113 | 68 | 37,224,4,220
G-1424-21B Dev Bhumi (DPS Ref No. IND-15321-KDW) PLA  (7 Containers).docx,2 | 125 (Fancy) | 1 | 125 | 85 | 30,249,4,245
G-1424-21B Dev Bhumi (DPS Ref No. IND-15321-KDW) PLA  (7 Containers).docx,3 | 88 (Choice) | 1 | 88 | 44 | 23,162,18,144
G-1424-21B Dev Bhumi (DPS Ref No. IND-15321-KDW) PLA  (7 Containers).docx,4 | 125 (Choice) | 1 | 125 | 43 | 36,215,40,175
G-1424-21B Dev Bhumi (DPS Ref No. IND-15321-KDW) PLA  (7 Containers).docx,5 | 138 (Premium) | 1 | 138 | 62 | 46,272,10,262
G-1424-21B Dev Bhumi (DPS Ref No. IND-15321-KDW) PLA  (7 Containers).docx,6 | 113 (Premium) | 1 | 113 | 69 | 23,219,14,205
G-1424-21B Dev Bhumi (DPS Ref No. IND-15321-KDW) PLA  (7 Containers).docx,7 | 100 (Premium) | 1 | 100 | 53 | 20,188,20,168
G-1424-21B Dev Bhumi (DPS Ref No. IND-15321-KDW) PLA  (7 Containers).docx,8 | 175 (Ex-Fancy) | 1 | 175 | 136 | 17,352,7,345
G-1424-21B Dev Bhumi (DPS Ref No. IND-15321-KDW) PLA  (7 Containers).docx,9 | 163 (Ex-Fancy) | 1 | 163 | 97 | 46,332,4,328
G-1424-21B Dev Bhumi (DPS Ref No. IND-15321-KDW) PLA  (7 Containers).docx,10 | 150 (Ex-Fancy) | 1 | 150 | 104 | 15,303,8,295
G-1424-21B Dev Bhumi (DPS Ref No. IND-15321-KDW) PLA  (7 Containers).docx,11 | 198 (Ex-Fancy) | 1 | 198 | 141 | 22,399,9,390
G-1424-21B Dev Bhumi (DPS Ref No. IND-15321-KDW) PLA  (7 Containers).docx,"Total | Total | 11 | 1,488 | 902 | 315",2849,138,2711
G-1629-21B Dev Bhumi {DPS Ref. No. IND-16521-MDE) H.O PLA 8 Containers.docx,Category: | FSCU5753794 | 23 | 240 | 36 | 240,299,240,59
G-1629-21B Dev Bhumi {DPS Ref. No. IND-16521-MDE) H.O PLA 8 Containers.docx,Category: | FSCU5753794 | 25 | 120 | 39 | 360,184,360,176
G-1629-21B Dev Bhumi {DPS Ref. No. IND-16521-MDE) H.O PLA 8 Containers.docx,Category: | FSCU5753794 | 27 | 360 | 42 | 240,429,240,189
G-1629-21B Dev Bhumi {DPS Ref. No. IND-16521-MDE) H.O PLA 8 Containers.docx,Category: | FSCU5753794 | 30 | 360 | 45 | 120,435,120,315
G-1629-21B Dev Bhumi {DPS Ref. No. IND-16521-MDE) H.O PLA 8 Containers.docx,Category: | FSCU5753794 | 33 | 240 | 49 | 120,322,120,202
G-1629-21B Dev Bhumi {DPS Ref. No. IND-16521-MDE) H.O PLA 8 Containers.docx,Category: | SEGU9244666 | 23 | 120 | 36 | 240,179,240,61
G-1629-21B Dev Bhumi {DPS Ref. No. IND-16521-MDE) H.O PLA 8 Containers.docx,Category: | SEGU9244666 | 27 | 240 | 39 | 240,306,240,66
G-1629-21B Dev Bhumi {DPS Ref. No. IND-16521-MDE) H.O PLA 8 Containers.docx,Category: | SEGU9244666 | 30 | 600 | 42 | 240,672,240,432
G-1629-21B Dev Bhumi {DPS Ref. No. IND-16521-MDE) H.O PLA 8 Containers.docx,Category: | CXRU1142793 | 35 | 229 | 65 | 240,329,240,89
G-1629-21B Dev Bhumi {DPS Ref. No. IND-16521-MDE) H.O PLA 8 Containers.docx,Category: | CXRU1142793 | 40 | 131 | 70 | 240,241,240,1
G-1629-21B Dev Bhumi {DPS Ref. No. IND-16521-MDE) H.O PLA 8 Containers.docx,Category: | CXRU1142793 | 45 | 240 | 75 | 240,360,240,120
G-1629-21B Dev Bhumi {DPS Ref. No. IND-16521-MDE) H.O PLA 8 Containers.docx,Category: | CXRU1142793 | 50 | 120 | 80 | 128,250,128,122
G-1629-21B Dev Bhumi {DPS Ref. No. IND-16521-MDE) H.O PLA 8 Containers.docx,Category: | CXRU1142793 | 55 | 240 | 100 | 352,395,352,43
G-1629-21B Dev Bhumi {DPS Ref. No. IND-16521-MDE) H.O PLA 8 Containers.docx,Category: | OTPU6265630 | 40 | 240 | 65 | 360,345,360,15
G-1629-21B Dev Bhumi {DPS Ref. No. IND-16521-MDE) H.O PLA 8 Containers.docx,Category: | OTPU6265630 | 45 | 240 | 70 | 240,355,240,115
G-1629-21B Dev Bhumi {DPS Ref. No. IND-16521-MDE) H.O PLA 8 Containers.docx,Category: | OTPU6265630 | 50 | 360 | 75 | 120,485,120,365
G-1629-21B Dev Bhumi {DPS Ref. No. IND-16521-MDE) H.O PLA 8 Containers.docx,Category: | OTPU6265630 | 55 | 360 | 80 | 120,495,120,375
G-1629-21B Dev Bhumi {DPS Ref. No. IND-16521-MDE) H.O PLA 8 Containers.docx,Category: | FSCU5861037 | 40 | 120 | 65 | 360,225,360,135
G-1629-21B Dev Bhumi {DPS Ref. No. IND-16521-MDE) H.O PLA 8 Containers.docx,Category: | FSCU5861037 | 45 | 120 | 70 | 600,235,600,365
G-1629-21B Dev Bhumi {DPS Ref. No. IND-16521-MDE) H.O PLA 8 Containers.docx,Category: | FSCU5861037 | 50 | 240 | 75 | 240,365,240,125
G-1629-21B Dev Bhumi {DPS Ref. No. IND-16521-MDE) H.O PLA 8 Containers.docx,Category: | FSCU5861037 | 55 | 240 | 80 | 120,375,120,255
G-1629-21B Dev Bhumi {DPS Ref. No. IND-16521-MDE) H.O PLA 8 Containers.docx,Category: | FSCU5861037 | 60 | 240 | 100 | 120,400,120,280
G-1629-21B Dev Bhumi {DPS Ref. No. IND-16521-MDE) H.O PLA 8 Containers.docx,Category: | FSCU5791433 | 23 | 120 | 36 | 120,179,120,59
G-1629-21B Dev Bhumi {DPS Ref. No. IND-16521-MDE) H.O PLA 8 Containers.docx,Category: | FSCU5791433 | 25 | 240 | 39 | 442,304,442,138
G-1629-21B Dev Bhumi {DPS Ref. No. IND-16521-MDE) H.O PLA 8 Containers.docx,Category: | FSCU5791433 | 27 | 120 | 42 | 328,189,328,139
G-1629-21B Dev Bhumi {DPS Ref. No. IND-16521-MDE) H.O PLA 8 Containers.docx,Category: | FSCU5791433 | 30 | 120 | 45 | 465,195,465,270
G-1629-21B Dev Bhumi {DPS Ref. No. IND-16521-MDE) H.O PLA 8 Containers.docx,Category: | FSCU5791433 | 33 | 199 | 49 | 246,281,246,35
G-1629-21B Dev Bhumi {DPS Ref. No. IND-16521-MDE) H.O PLA 8 Containers.docx,Category: | CXRU1132898 | 35 | 19 | 65 | 275,119,275,156
G-1629-21B Dev Bhumi {DPS Ref. No. IND-16521-MDE) H.O PLA 8 Containers.docx,Category: | CXRU1132898 | 40 | 130 | 70 | 315,240,315,75
G-1629-21B Dev Bhumi {DPS Ref. No. IND-16521-MDE) H.O PLA 8 Containers.docx,Category: | CXRU1132898 | 45 | 120 | 75 | 231,240,231,9
G-1629-21B Dev Bhumi {DPS Ref. No. IND-16521-MDE) H.O PLA 8 Containers.docx,Category: | CXRU1132898 | 50 | 263 | 80 | 204,393,204,189
G-1629-21B Dev Bhumi {DPS Ref. No. IND-16521-MDE) H.O PLA 8 Containers.docx,Category: | CXRU1132898 | 55 | 299 | 100 | 292,454,292,162
G-1629-21B Dev Bhumi {DPS Ref. No. IND-16521-MDE) H.O PLA 8 Containers.docx,Category: | SZLU9615117 | 40 | 240 | 60 | 480,340,480,140
G-1629-21B Dev Bhumi {DPS Ref. No. IND-16521-MDE) H.O PLA 8 Containers.docx,Category: | SZLU9615117 | 45 | 515 | 65 | 120,625,120,505
G-1629-21B Dev Bhumi {DPS Ref. No. IND-16521-MDE) H.O PLA 8 Containers.docx,Category: | SZLU9615117 | 50 | 443 | 70 | 360,563,360,203
G-1629-21B Dev Bhumi {DPS Ref. No. IND-16521-MDE) H.O PLA 8 Containers.docx,1. | 23 | 2 | 137 | 78 | 58,299,1,298
G-1629-21B Dev Bhumi {DPS Ref. No. IND-16521-MDE) H.O PLA 8 Containers.docx,2. | 25 | 1 | 75 | 42 | 30,175,3,172
G-1629-21B Dev Bhumi {DPS Ref. No. IND-16521-MDE) H.O PLA 8 Containers.docx,3. | 27 | 3 | 241 | 79 | 147,500,15,485
G-1629-21B Dev Bhumi {DPS Ref. No. IND-16521-MDE) H.O PLA 8 Containers.docx,4. | 30 | 3 | 282 | 136 | 130,585,16,569
G-1629-21B Dev Bhumi {DPS Ref. No. IND-16521-MDE) H.O PLA 8 Containers.docx,5. | 36 | 2 | 228 | 136 | 88,495,4,491
G-1629-21B Dev Bhumi {DPS Ref. No. IND-16521-MDE) H.O PLA 8 Containers.docx,6. | 39 | 3 | 358 | 213 | 137,756,8,748
G-1629-21B Dev Bhumi {DPS Ref. No. IND-16521-MDE) H.O PLA 8 Containers.docx,7. | 49 | 1 | 157 | 91 | 63,368,3,365
G-1629-21B Dev Bhumi {DPS Ref. No. IND-16521-MDE) H.O PLA 8 Containers.docx,1. | 23 | 1 | 59 | 36 | 20,140,3,137
G-1629-21B Dev Bhumi {DPS Ref. No. IND-16521-MDE) H.O PLA 8 Containers.docx,2. | 27 | 2 | 168 | 100 | 62,361,6,355
G-1629-21B Dev Bhumi {DPS Ref. No. IND-16521-MDE) H.O PLA 8 Containers.docx,3. | 30 | 5 | 508 | 265 | 218,1029,25,1004
G-1629-21B Dev Bhumi {DPS Ref. No. IND-16521-MDE) H.O PLA 8 Containers.docx,4. | 33 | 6 | 627 | 346 | 262,1278,19,1259
G-1629-21B Dev Bhumi {DPS Ref. No. IND-16521-MDE) H.O PLA 8 Containers.docx,5. | 39 | 2 | 245 | 132 | 109,532,4,528
G-1629-21B Dev Bhumi {DPS Ref. No. IND-16521-MDE) H.O PLA 8 Containers.docx,1. | 35 | 2 | 69 | 36 | 33,176,0,176
G-1629-21B Dev Bhumi {DPS Ref. No. IND-16521-MDE) H.O PLA 8 Containers.docx,2. | 40 | 1 | 40 | 23 | 14,120,3,117
G-1629-21B Dev Bhumi {DPS Ref. No. IND-16521-MDE) H.O PLA 8 Containers.docx,3. | 45 | 2 | 90 | 48 | 41,229,1,228
G-1629-21B Dev Bhumi {DPS Ref. No. IND-16521-MDE) H.O PLA 8 Containers.docx,4. | 50 | 1 | 49 | 23 | 22,149,4,145
G-1629-21B Dev Bhumi {DPS Ref. No. IND-16521-MDE) H.O PLA 8 Containers.docx,5. | 55 | 2 | 110 | 61 | 49,282,0,282
G-1629-21B Dev Bhumi {DPS Ref. No. IND-16521-MDE) H.O PLA 8 Containers.docx,6. | 60 | 2 | 121 | 72 | 39,300,10,290
G-1629-21B Dev Bhumi {DPS Ref. No. IND-16521-MDE) H.O PLA 8 Containers.docx,7. | 65 | 2 | 139 | 99 | 38,350,2,348
G-1629-21B Dev Bhumi {DPS Ref. No. IND-16521-MDE) H.O PLA 8 Containers.docx,8. | 70 | 2 | 150 | 96 | 51,377,3,374
G-1629-21B Dev Bhumi {DPS Ref. No. IND-16521-MDE) H.O PLA 8 Containers.docx,9. | 75 | 2 | 164 | 104 | 58,412,2,410
G-1629-21B Dev Bhumi {DPS Ref. No. IND-16521-MDE) H.O PLA 8 Containers.docx,10. | 80 | 1 | 88 | 55 | 29,263,4,259
G-1629-21B Dev Bhumi {DPS Ref. No. IND-16521-MDE) H.O PLA 8 Containers.docx,11. | 100 | 3 | 299 | 206 | 93,712,0,712
G-1629-21B Dev Bhumi {DPS Ref. No. IND-16521-MDE) H.O PLA 8 Containers.docx,1. | 40 | 2 | 83 | 51 | 32,209,0,209
G-1629-21B Dev Bhumi {DPS Ref. No. IND-16521-MDE) H.O PLA 8 Containers.docx,2. | 45 | 2 | 90 | 28 | 61,228,1,227
G-1629-21B Dev Bhumi {DPS Ref. No. IND-16521-MDE) H.O PLA 8 Containers.docx,3. | 50 | 3 | 148 | 97 | 47,348,4,344
G-1629-21B Dev Bhumi {DPS Ref. No. IND-16521-MDE) H.O PLA 8 Containers.docx,4. | 55 | 3 | 161 | 92 | 66,381,3,378
G-1629-21B Dev Bhumi {DPS Ref. No. IND-16521-MDE) H.O PLA 8 Containers.docx,5. | 60 | 3 | 183 | 113 | 68,432,2,430
G-1629-21B Dev Bhumi {DPS Ref. No. IND-16521-MDE) H.O PLA 8 Containers.docx,6. | 65 | 3 | 201 | 86 | 113,474,2,472
G-1629-21B Dev Bhumi {DPS Ref. No. IND-16521-MDE) H.O PLA 8 Containers.docx,7. | 70 | 2 | 147 | 69 | 78,373,0,373
G-1629-21B Dev Bhumi {DPS Ref. No. IND-16521-MDE) H.O PLA 8 Containers.docx,8. | 75 | 1 | 81 | 42 | 39,246,0,246
G-1629-21B Dev Bhumi {DPS Ref. No. IND-16521-MDE) H.O PLA 8 Containers.docx,9. | 80 | 1 | 93 | 53 | 39,275,1,274
G-1629-21B Dev Bhumi {DPS Ref. No. IND-16521-MDE) H.O PLA 8 Containers.docx,1. | 40 | 1 | 40 | 24 | 15,121,1,120
G-1629-21B Dev Bhumi {DPS Ref. No. IND-16521-MDE) H.O PLA 8 Containers.docx,2. | 45 | 1 | 45 | 23 | 22,138,0,138
G-1629-21B Dev Bhumi {DPS Ref. No. IND-16521-MDE) H.O PLA 8 Containers.docx,3. | 50 | 2 | 100 | 58 | 37,250,5,245
G-1629-21B Dev Bhumi {DPS Ref. No. IND-16521-MDE) H.O PLA 8 Containers.docx,4. | 60 | 2 | 125 | 74 | 49,314,2,312
G-1629-21B Dev Bhumi {DPS Ref. No. IND-16521-MDE) H.O PLA 8 Containers.docx,5. | 65 | 3 | 199 | 105 | 89,466,5,461
G-1629-21B Dev Bhumi {DPS Ref. No. IND-16521-MDE) H.O PLA 8 Containers.docx,6. | 70 | 5 | 372 | 202 | 163,818,7,811
G-1629-21B Dev Bhumi {DPS Ref. No. IND-16521-MDE) H.O PLA 8 Containers.docx,7. | 75 | 2 | 173 | 102 | 65,424,6,418
G-1629-21B Dev Bhumi {DPS Ref. No. IND-16521-MDE) H.O PLA 8 Containers.docx,1. | 23 | 1 | 57 | 28 | 23,133,6,127
G-1629-21B Dev Bhumi {DPS Ref. No. IND-16521-MDE) H.O PLA 8 Containers.docx,2. | 25 | 2 | 142 | 91 | 42,304,9,295
G-1629-21B Dev Bhumi {DPS Ref. No. IND-16521-MDE) H.O PLA 8 Containers.docx,3. | 27 | 1 | 88 | 50 | 35,204,3,201
G-1629-21B Dev Bhumi {DPS Ref. No. IND-16521-MDE) H.O PLA 8 Containers.docx,4. | 30 | 1 | 92 | 55 | 33,215,4,211
G-1629-21B Dev Bhumi {DPS Ref. No. IND-16521-MDE) H.O PLA 8 Containers.docx,5. | 33 | 2 | 200 | 114 | 82,436,4,432
G-1629-21B Dev Bhumi {DPS Ref. No. IND-16521-MDE) H.O PLA 8 Containers.docx,6. | 36 | 1 | 109 | 67 | 42,261,0,261
G-1629-21B Dev Bhumi {DPS Ref. No. IND-16521-MDE) H.O PLA 8 Containers.docx,7.. | 39 | 3 | 350 | 208 | 134,734,8,726
G-1629-21B Dev Bhumi {DPS Ref. No. IND-16521-MDE) H.O PLA 8 Containers.docx,8. | 42 | 2 | 251 | 141 | 106,550,4,546
G-1629-21B Dev Bhumi {DPS Ref. No. IND-16521-MDE) H.O PLA 8 Containers.docx,9. | 45 | 3 | 429 | 261 | 162,909,6,903
G-1629-21B Dev Bhumi {DPS Ref. No. IND-16521-MDE) H.O PLA 8 Containers.docx,10. | 49 | 2 | 276 | 153 | 121,611,2,609
G-1629-21B Dev Bhumi {DPS Ref. No. IND-16521-MDE) H.O PLA 8 Containers.docx,1. | 40 | 2 | 79 | 42 | 26,190,11,179
G-1629-21B Dev Bhumi {DPS Ref. No. IND-16521-MDE) H.O PLA 8 Containers.docx,2. | 65 | 3 | 194 | 119 | 70,453,5,448
G-1629-21B Dev Bhumi {DPS Ref. No. IND-16521-MDE) H.O PLA 8 Containers.docx,3. | 70 | 3 | 222 | 148 | 73,519,1,518
G-1629-21B Dev Bhumi {DPS Ref. No. IND-16521-MDE) H.O PLA 8 Containers.docx,4. | 75 | 2 | 157 | 87 | 66,391,4,387
G-1629-21B Dev Bhumi {DPS Ref. No. IND-16521-MDE) H.O PLA 8 Containers.docx,5. | 80 | 2 | 179 | 96 | 78,440,5,435
G-1629-21B Dev Bhumi {DPS Ref. No. IND-16521-MDE) H.O PLA 8 Containers.docx,6. | 100 | 3 | 305 | 183 | 120,717,2,715
G-1629-21B Dev Bhumi {DPS Ref. No. IND-16521-MDE) H.O PLA 8 Containers.docx,1. | 40 | 3 | 118 | 76 | 37,275,5,270
G-1629-21B Dev Bhumi {DPS Ref. No. IND-16521-MDE) H.O PLA 8 Containers.docx,2. | 60 | 4 | 240 | 126 | 113,545,1,544
G-1629-21B Dev Bhumi {DPS Ref. No. IND-16521-MDE) H.O PLA 8 Containers.docx,3. | 65 | 2 | 132 | 69 | 62,333,1,332
G-1629-21B Dev Bhumi {DPS Ref. No. IND-16521-MDE) H.O PLA 8 Containers.docx,4. | 70 | 3 | 220 | 131 | 80,508,9,499
HGS International - (Grapes).docx,15 | 85.910 | 13.900 | 3.400 | 8.950 | 104.010,127.160,104.010,23.150
HGS International - (Grapes).docx,10 | 43.940 | 7.300 | 1.850 | 8.100 | 69.340,71.190,69.340,1.850
HGS International - (Grapes).docx,Percentages | 74.91 | 12.23. | 3.03 | 9.83 | 100,87.77,100,12.23
G-1525-20B ORANGE - WITHOUT PREJUDICE JOINT SUREVY REPORT(DEV BHUMI).docx,"1. | 105 | II | 3 | 317
(100%) | 123
(38.80%)",106,3,103
G-1525-20B ORANGE - WITHOUT PREJUDICE JOINT SUREVY REPORT(DEV BHUMI).docx,"2 | 88 | II | 3 | 264
(100%) | 90
(34.09%)",90,3,87
G-1525-20B ORANGE - WITHOUT PREJUDICE JOINT SUREVY REPORT(DEV BHUMI).docx,"3 | 72 | I | 6 | 432
(100%) | 184
(42.59%)",75,6,69
G-1525-20B ORANGE - WITHOUT PREJUDICE JOINT SUREVY REPORT(DEV BHUMI).docx,"4 | 72 | II | 3 | 215
(100%) | 71
(33.03%)",76,3,73
Spot Report For Container No. CXRU1608109 - 21 July 2022.docx,1. | 52 | 3 | 156 | 94 | 27,357,11,346
Spot Report For Container No. CXRU1608109 - 21 July 2022.docx,2. | 60 | 5 | 300 | 175 | 68,656,11,645
Spot Report For Container No. CXRU1608109 - 21 July 2022.docx,3. | 70 | 1 | 70 | 44 | 16,211,3,208
Spot Report For Container No. CXRU1608109 - 21 July 2022.docx,4. | 80 | 5 | 400 | 225 | 71,869,20,849
Spot Report For Container No. CXRU1608109 - 21 July 2022.docx,5. | 90 | 1 | 90 | 38 | 30,272,4,268
G-1632-23B Atif Fresh Fruits (CPIC) PLA - Mandarin.docx,1 | M | 16 | 2019 | 442 | 1166,4564,4547,17
G-1632-23B Atif Fresh Fruits (CPIC) PLA - Mandarin.docx,"2 | L | 10 | 1,080 | 361 | 378",2216,2204,12
G-1632-23B Atif Fresh Fruits (CPIC) PLA - Mandarin.docx,3 | XL | 2 | 193 | 35 | 85,335,330,5
G-1632-23B Atif Fresh Fruits (CPIC) PLA - Mandarin.docx,"Total | Total | 28 | 3,292 | 838 | 1,629",7109,7081,28
G-1632-23B Atif Fresh Fruits (CPIC) PLA - Mandarin.docx,Percentage (%) | Percentage (%) | Percentage (%) | 46.49 | 11.83 | 23.01,99.34,0.66,98.68
G-1347-22B Mahira International (Barbuss Global) Prelim - Apple.docx,1. | 52 | 3 | 156 | 94 | 27,357,11,346
G-1347-22B Mahira International (Barbuss Global) Prelim - Apple.docx,2. | 60 | 5 | 300 | 175 | 68,656,11,645
G-1347-22B Mahira International (Barbuss Global) Prelim - Apple.docx,3. | 70 | 1 | 70 | 44 | 16,211,3,208
G-1347-22B Mahira International (Barbuss Global) Prelim - Apple.docx,4. | 80 | 5 | 400 | 225 | 71,869,20,849
G-1347-22B Mahira International (Barbuss Global) Prelim - Apple.docx,5. | 90 | 1 | 90 | 38 | 30,272,4,268
G-1421-21B Sana Farm International (Barbuss Global) Final Report - Apple.docx,"125 (Premium) | 1 | 125
(100%) | 89
(71.20%) | 3
(2.40%) | 2
(1.60%)",1,0,1
G-1421-21B Sana Farm International (Barbuss Global) Final Report - Apple.docx,"198
(Ex-Fancy) | 1 | 198
(100%) | 0 | 0 | 0",1,0,1
G-1421-21B Sana Farm International (Barbuss Global) Final Report - Apple.docx,Total | 5 | 773 | 261 | 57 | 38,1501,50,1451
G-1421-21B Sana Farm International (Barbuss Global) Final Report - Apple.docx,175 (Premium) | 2 | 350 | 0 | 0 | 0,352,0,352
G-1421-21B Sana Farm International (Barbuss Global) Final Report - Apple.docx,163 (Premium) | 3 | 489 | 0 | 0 | 0,492,0,492
G-1421-21B Sana Farm International (Barbuss Global) Final Report - Apple.docx,Total | 5 | 839 | 0 | 0 | 0,1063,620,443
G-1421-21B Sana Farm International (Barbuss Global) Prelim.docx,"125 (Premium) | 1 | 125
(100%) | 89
(71.20%) | 3
(2.40%) | 2
(1.60%)",1,0,1
G-1421-21B Sana Farm International (Barbuss Global) Prelim.docx,"198
(Ex-Fancy) | 1 | 198
(100%) | 0 | 0 | 0",1,0,1
G-1421-21B Sana Farm International (Barbuss Global) Prelim.docx,Total | 5 | 773 | 261 | 57 | 38,1501,50,1451
G-1421-21B Sana Farm International (Barbuss Global) Prelim.docx,175 (Premium) | 2 | 350 | 0 | 0 | 0,352,0,352
G-1421-21B Sana Farm International (Barbuss Global) Prelim.docx,163 (Premium) | 3 | 489 | 0 | 0 | 0,492,0,492
G-1421-21B Sana Farm International (Barbuss Global) Prelim.docx,Total | 5 | 839 | 0 | 0 | 0,1063,620,443
"G-1386 -21B Dev Bhumi (DPS Ref. No. IND09721EY) Container No. FSCU5688657, MORU-0613870, TGHU9905548, TTNU8478057 & K.docx","1 | 113
(Choice) | 1 | 113
(100%) | 82
(72.58%) | 15
(13.27%)",2,0,2
"G-1386 -21B Dev Bhumi (DPS Ref. No. IND09721EY) Container No. FSCU5688657, MORU-0613870, TGHU9905548, TTNU8478057 & K.docx","2 | 198
(Fancy) | 1 | 198
(100%) | 176
(88.90%) | 14
(7.07%)",3,0,3
"G-1386 -21B Dev Bhumi (DPS Ref. No. IND09721EY) Container No. FSCU5688657, MORU-0613870, TGHU9905548, TTNU8478057 & K.docx","3 | 216
(Ex-Fancy) | 1 | 216
(100%) | 181
(83.81%) | 13
(6.01%)",4,0,4
"G-1386 -21B Dev Bhumi (DPS Ref. No. IND09721EY) Container No. FSCU5688657, MORU-0613870, TGHU9905548, TTNU8478057 & K.docx","4 | 198
(Ex-Fancy) | 1 | 198
(100%) | 144
(72.73%) | 30
(15.15%)",5,0,5
"G-1386 -21B Dev Bhumi (DPS Ref. No. IND09721EY) Container No. FSCU5688657, MORU-0613870, TGHU9905548, TTNU8478057 & K.docx","6 | 175 (Premium) | 2 | 350
(100%) | 195
(55.72%) | 63
(18.00%)",8,0,8
"G-1386 -21B Dev Bhumi (DPS Ref. No. IND09721EY) Container No. FSCU5688657, MORU-0613870, TGHU9905548, TTNU8478057 & K.docx","7 | 163 (Premium) | 1 | 163
(100%) | 103
(63.20%) | 31
(19.02%)",8,0,8
"G-1386 -21B Dev Bhumi (DPS Ref. No. IND09721EY) Container No. FSCU5688657, MORU-0613870, TGHU9905548, TTNU8478057 & K.docx","8 | 138
(Choice) | 2 | 276
(100%) | 180
(65.21%) | 35
(12.69%)",10,0,10
"G-1386 -21B Dev Bhumi (DPS Ref. No. IND09721EY) Container No. FSCU5688657, MORU-0613870, TGHU9905548, TTNU8478057 & K.docx","Total | Total | 11 | 1,764 | 1,214 | 230",3529,10,3519
"G-1386 -21B Dev Bhumi (DPS Ref. No. IND09721EY) Container No. FSCU5688657, MORU-0613870, TGHU9905548, TTNU8478057 & K.docx","4 | 80(Ex-Fancy) | 1 | 80
(100%) | 57
(71.25%) | 5
(06.25%)",5,0,5
"G-1386 -21B Dev Bhumi (DPS Ref. No. IND09721EY) Container No. FSCU5688657, MORU-0613870, TGHU9905548, TTNU8478057 & K.docx","5 | 113 (Premium) | 1 | 113
(100%) | 90
(79.65%) | 14
(12.39%)",6,0,6
"G-1386 -21B Dev Bhumi (DPS Ref. No. IND09721EY) Container No. FSCU5688657, MORU-0613870, TGHU9905548, TTNU8478057 & K.docx","6 | 163 (Choice) | 1 | 163
(100%) | 125
(76.69%) | 24
(14.72%)",7,0,7
"G-1386 -21B Dev Bhumi (DPS Ref. No. IND09721EY) Container No. FSCU5688657, MORU-0613870, TGHU9905548, TTNU8478057 & K.docx","7 | 138(Fancy) | 1 | 138
(100%) | 92
(66.67%) | 27
(19.57%)",8,0,8
"G-1386 -21B Dev Bhumi (DPS Ref. No. IND09721EY) Container No. FSCU5688657, MORU-0613870, TGHU9905548, TTNU8478057 & K.docx","8 | 216 (Premium) | 1 | 216
(100%) | 142
(65.74%) | 43
(19.91%)",9,0,9
"G-1386 -21B Dev Bhumi (DPS Ref. No. IND09721EY) Container No. FSCU5688657, MORU-0613870, TGHU9905548, TTNU8478057 & K.docx","Total | Total | 8 | 1,133 | 792 | 187",2210,64,2146
"G-1386 -21B Dev Bhumi (DPS Ref. No. IND09721EY) Container No. FSCU5688657, MORU-0613870, TGHU9905548, TTNU8478057 & K.docx","1 | 138 (Choice) | 1 | 138
(100%) | 80
(57.98%) | 23
(16.66%)",2,0,2
"G-1386 -21B Dev Bhumi (DPS Ref. No. IND09721EY) Container No. FSCU5688657, MORU-0613870, TGHU9905548, TTNU8478057 & K.docx","2 | 150 (Premiums) | 1 | 150
(100%) | 128
(85.33%) | 16
(10.67%)",3,0,3
"G-1386 -21B Dev Bhumi (DPS Ref. No. IND09721EY) Container No. FSCU5688657, MORU-0613870, TGHU9905548, TTNU8478057 & K.docx","3 | 216 (Ex- Fancy) | 1 | 216
(100%) | 174
(80.56%) | 23
(10.65%)",4,0,4
"G-1386 -21B Dev Bhumi (DPS Ref. No. IND09721EY) Container No. FSCU5688657, MORU-0613870, TGHU9905548, TTNU8478057 & K.docx","4 | 198 (Ex-Fancy) | 2 | 396
(100%) | 287
(72.47%) | 66
(16.67%)",6,0,6
"G-1386 -21B Dev Bhumi (DPS Ref. No. IND09721EY) Container No. FSCU5688657, MORU-0613870, TGHU9905548, TTNU8478057 & K.docx","5 | 175 (Premium) | 1 | 175
(100%) | 119
(%) | 22
(%)",6,0,6
"G-1386 -21B Dev Bhumi (DPS Ref. No. IND09721EY) Container No. FSCU5688657, MORU-0613870, TGHU9905548, TTNU8478057 & K.docx","7 | 100 (Premium) | 1 | 100
(100%) | 70
(70.0%) | 07
(7.0%)",8,0,8
"G-1386 -21B Dev Bhumi (DPS Ref. No. IND09721EY) Container No. FSCU5688657, MORU-0613870, TGHU9905548, TTNU8478057 & K.docx","Total | Total | 9 | 1,451 | 1,024 | 214",2897,14,2883
"G-1386 -21B Dev Bhumi (DPS Ref. No. IND09721EY) Container No. FSCU5688657, MORU-0613870, TGHU9905548, TTNU8478057 & K.docx","4 | 80
(choice) | 1 | 80
(100%) | 34
(42.5%) | 15
(18.75%)",5,0,5
"G-1386 -21B Dev Bhumi (DPS Ref. No. IND09721EY) Container No. FSCU5688657, MORU-0613870, TGHU9905548, TTNU8478057 & K.docx","9 | 175
(Ex-Fancy) | 1 | 175
(100%) | 122
(69.71%) | 38
(21.71%)",10,0,10
"G-1386 -21B Dev Bhumi (DPS Ref. No. IND09721EY) Container No. FSCU5688657, MORU-0613870, TGHU9905548, TTNU8478057 & K.docx","Total | Total | 11 | 1,822 | 1,137 | 259",3581,74,3507
"G-1386 -21B Dev Bhumi (DPS Ref. No. IND09721EY) Container No. FSCU5688657, MORU-0613870, TGHU9905548, TTNU8478057 & K.docx","1 | 150
(Ex-Fancy) | 1 | 150 | 80
(53.34%) | 35
(23.33%)",2,150,148
"G-1386 -21B Dev Bhumi (DPS Ref. No. IND09721EY) Container No. FSCU5688657, MORU-0613870, TGHU9905548, TTNU8478057 & K.docx","2 | 138
(Premium) | 1 | 138 | 84
(60.88%) | 16
(11.59%)",3,138,135
"G-1386 -21B Dev Bhumi (DPS Ref. No. IND09721EY) Container No. FSCU5688657, MORU-0613870, TGHU9905548, TTNU8478057 & K.docx","3 | 216
(Premium) | 2 | 432 | 289
(66.90%) | 24
(5.56%)",5,432,427
"G-1386 -21B Dev Bhumi (DPS Ref. No. IND09721EY) Container No. FSCU5688657, MORU-0613870, TGHU9905548, TTNU8478057 & K.docx","4 | 80
(choice) | 1 | 80 | 34
(42.5%) | 15
(18.75%)",85,0,85
"G-1386 -21B Dev Bhumi (DPS Ref. No. IND09721EY) Container No. FSCU5688657, MORU-0613870, TGHU9905548, TTNU8478057 & K.docx","5 | 175
(Premium) | 1 | 175 | 135
(77.14%) | 13
(7.43%)",6,175,169
"G-1386 -21B Dev Bhumi (DPS Ref. No. IND09721EY) Container No. FSCU5688657, MORU-0613870, TGHU9905548, TTNU8478057 & K.docx","6 | 163
(Premium) | 1 | 163 | 87
(53.37%) | 46
(28.22%)",7,163,156
"G-1386 -21B Dev Bhumi (DPS Ref. No. IND09721EY) Container No. FSCU5688657, MORU-0613870, TGHU9905548, TTNU8478057 & K.docx","7 | 113
(Premium) | 1 | 113 | 64
(56.64%) | 15
(13.27%)",8,113,105
"G-1386 -21B Dev Bhumi (DPS Ref. No. IND09721EY) Container No. FSCU5688657, MORU-0613870, TGHU9905548, TTNU8478057 & K.docx","8 | 198
(Choice) | 2 | 396 | 242
(61.11%) | 57
(14.39%)",10,396,386
"G-1386 -21B Dev Bhumi (DPS Ref. No. IND09721EY) Container No. FSCU5688657, MORU-0613870, TGHU9905548, TTNU8478057 & K.docx","9 | 175
(Ex-Fancy) | 1 | 175 | 122
(69.71%) | 38
(21.71%)",185,0,185
"G-1386 -21B Dev Bhumi (DPS Ref. No. IND09721EY) Container No. FSCU5688657, MORU-0613870, TGHU9905548, TTNU8478057 & K.docx","Total | Total | 11 | 1,822 | 1,137 | 259",3581,74,3507
G-1398-21B Shree Laxman {DPS Ref.No. IND-14821-LS} PLA.docx,1 | 175 | 3 | 525 | 245 | 49,1178,51,1127
G-1398-21B Shree Laxman {DPS Ref.No. IND-14821-LS} PLA.docx,2 | 163 | 3 | 489 | 134 | 64,1085,61,1024
G-1398-21B Shree Laxman {DPS Ref.No. IND-14821-LS} PLA.docx,3 | 198 | 1 | 198 | 73 | 30,573,25,548
G-1398-21B Shree Laxman {DPS Ref.No. IND-14821-LS} PLA.docx,4 | 150 | 1 | 150 | 15 | 45,429,26,403
G-1398-21B Shree Laxman {DPS Ref.No. IND-14821-LS} PLA.docx,5 | 113 | 1 | 113 | 34 | 34,330,15,315
G-1398-21B Shree Laxman {DPS Ref.No. IND-14821-LS} PLA.docx,6 | 125 | 3 | 375 | 176 | 48,838,46,792
G-1514-21B Sarla Chem India {DPS REF. No. IND-11821-LS}.docx,Top | 1.9 | 2.9 | 2.8,4.8,2.8,2.0
G-1514-21B Sarla Chem India {DPS REF. No. IND-11821-LS}.docx,Middle | 1.7 | 1.2 | 2.1,2.9,2.1,0.8
G-1514-21B Sarla Chem India {DPS REF. No. IND-11821-LS}.docx,Bottom | 0.5 | 1.2 | 0.9,1.7,0.9,0.8
G-1514-21B Sarla Chem India {DPS REF. No. IND-11821-LS}.docx,"1 | 100 (Ex- Fancy) | 1 | 100
(100%) | 82
(82.00%) | 15
(15.00%)",2,0,2
G-1514-21B Sarla Chem India {DPS REF. No. IND-11821-LS}.docx,"2 | 125 (Ex- Fancy) | 1 | 125
(100%) | 104
(83.20%) | 20
(16.00%)",3,0,3
G-1514-21B Sarla Chem India {DPS REF. No. IND-11821-LS}.docx,"3 | 113 (Ex- Fancy) | 1 | 113
(100%) | 92
(81.42%) | 11
(9.73%)",4,0,4
G-1514-21B Sarla Chem India {DPS REF. No. IND-11821-LS}.docx,"4 | 150 (Ex- Fancy) | 3 | 450
(100%) | 394
(87.56%) | 15
(3.33%)",7,0,7
G-1514-21B Sarla Chem India {DPS REF. No. IND-11821-LS}.docx,"5 | 163 (Ex- Fancy) | 2 | 326
(100%) | 295
(90.50%) | 27
(8.28%)",7,0,7
G-1514-21B Sarla Chem India {DPS REF. No. IND-11821-LS}.docx,"6 | 175 (Ex- Fancy) | 2 | 350
(100%) | 322
(92.00%) | 16
(4.57%)",8,0,8
G-1903-23B Aayush Impex (Vanway - PING AN) H.O PLA.docx,1 | 0.220 | 3.910 | 2.250 | 6.38,7.380,6.38,1.000
G-1903-23B Aayush Impex (Vanway - PING AN) H.O PLA.docx,1 | 1.000 | 3.260 | 1.730 | 5.99,6.990,5.99,1.000
G-1903-23B Aayush Impex (Vanway - PING AN) H.O PLA.docx,1 | 1.940 | 4.320 | 0 | 6.26,7.260,6.26,1.000
G-1903-23B Aayush Impex (Vanway - PING AN) H.O PLA.docx,1 | 0 | 3.450 | 3.020 | 6.47,7.470,6.47,1.000
G-1903-23B Aayush Impex (Vanway - PING AN) H.O PLA.docx,1 | 1.420 | 1.600 | 3.050 | 6.07,7.070,6.07,1.000
G-1903-23B Aayush Impex (Vanway - PING AN) H.O PLA.docx,1 | 0.760 | 5.730 | 0 | 6.49,7.490,6.49,1.000
G-1903-23B Aayush Impex (Vanway - PING AN) H.O PLA.docx,1 | 1.770 | 4.590 | 0 | 6.36,7.360,6.36,1.000
G-1903-23B Aayush Impex (Vanway - PING AN) H.O PLA.docx,1 | 0.840 | 5.440 | 0.120 | 6.4,7.400,6.4,1.000
G-1903-23B Aayush Impex (Vanway - PING AN) H.O PLA.docx,1 | 0 | 2.830 | 3.160 | 5.99,6.990,5.99,1.000
G-1903-23B Aayush Impex (Vanway - PING AN) H.O PLA.docx,1 | 0.710 | 5.460 | 0.400 | 6.57,7.570,6.57,1.000
G-1903-23B Aayush Impex (Vanway - PING AN) H.O PLA.docx,1 | 0.840 | 5.540 | 0 | 6.38,7.380,6.38,1.000
G-1903-23B Aayush Impex (Vanway - PING AN) H.O PLA.docx,1 | 0 | 3.490 | 2.960 | 6.45,7.450,6.45,1.000
G-1903-23B Aayush Impex (Vanway - PING AN) H.O PLA.docx,1 | 1.280 | 5.160 | 0 | 6.44,7.440,6.44,1.000
G-1903-23B Aayush Impex (Vanway - PING AN) H.O PLA.docx,1 | 1.390 | 5.550 | 0 | 6.94,7.940,6.94,1.000
G-1903-23B Aayush Impex (Vanway - PING AN) H.O PLA.docx,1 | 0.920 | 3.470 | 1.850 | 6.24,7.240,6.24,1.000
1.) G-1517-20B G.T.Fruitech {DPS Ref.No. IND-13520-FDR) HO PLA - kiwi Container.docx,Top | 2.9 | 2.5 | 2.5 | 2.9 | 2.6,13.4,3.8,9.6
1.) G-1517-20B G.T.Fruitech {DPS Ref.No. IND-13520-FDR) HO PLA - kiwi Container.docx,Middle | 1.9 | 2.3 | 2.4 | 2.1 | 2.8,11.5,3.9,7.6
1.) G-1517-20B G.T.Fruitech {DPS Ref.No. IND-13520-FDR) HO PLA - kiwi Container.docx,Bottom | 1.8 | 1.9 | 2.3 | 2.2 | 2.6,10.8,8.9,1.9
1.) G-1517-20B G.T.Fruitech {DPS Ref.No. IND-13520-FDR) HO PLA - kiwi Container.docx,"1. | 39 | CAT P | 8 | 969
(100%) | 810
(83.59 %)",40,8,32
1.) G-1517-20B G.T.Fruitech {DPS Ref.No. IND-13520-FDR) HO PLA - kiwi Container.docx,"2. | 39 | CAT 1 | 12 | 1423
(100%) | 1282
(90.09 %)",41,12,29
1.) G-1517-20B G.T.Fruitech {DPS Ref.No. IND-13520-FDR) HO PLA - kiwi Container.docx,"3. | 36 | CAT 1 | 12 | 1363
(100%) | 1162
(85.25 %)",39,12,27
1.) G-1517-20B G.T.Fruitech {DPS Ref.No. IND-13520-FDR) HO PLA - kiwi Container.docx,"4. | 36 | CAT P | 8 | 904
(100%) | 725
(80.20 %)",40,8,32
1.) G-1517-20B G.T.Fruitech {DPS Ref.No. IND-13520-FDR) HO PLA - kiwi Container.docx,"5. | 42 | CAT 1 | 8 | 1015
(100%) | 841
(82.86 %)",47,8,39
1.) G-1517-20B G.T.Fruitech {DPS Ref.No. IND-13520-FDR) HO PLA - kiwi Container.docx,"6. | 33 | CAT 1 | 8 | 804
(100%) | 703
(87.44 %)",39,8,31
G-1588-22B NGK Trading Co. {DPS Ref No.  IND-14722-CV  } PLA Blueberry.docx,1 | Category 1 | 1 | 559 | 142 | 135,838,282,556
G-1588-22B NGK Trading Co. {DPS Ref No.  IND-14722-CV  } PLA Blueberry.docx,2 | Category 1 | 1 | 566 | 173 | 140,882,253,629
G-1588-22B NGK Trading Co. {DPS Ref No.  IND-14722-CV  } PLA Blueberry.docx,3 | Category 1 | 1 | 578 | 146 | 120,848,312,536
G-1588-22B NGK Trading Co. {DPS Ref No.  IND-14722-CV  } PLA Blueberry.docx,4 | Category 1 | 1 | 561 | 138 | 87,791,336,455
G-1588-22B NGK Trading Co. {DPS Ref No.  IND-14722-CV  } PLA Blueberry.docx,5 | Category 1 | 1 | 551 | 164 | 113,834,274,560
G-1588-22B NGK Trading Co. {DPS Ref No.  IND-14722-CV  } PLA Blueberry.docx,"Total | Total | 5 | 2,815 | 763 | 595",4178,1457,2721
G-1861-20B D. Manivannan & Co. {DPS Ref No. IND-20020-MDE} PLA (Dragon).docx,Top | 5.0 | 5.3 | 5.6,10.3,5.6,4.7
G-1861-20B D. Manivannan & Co. {DPS Ref No. IND-20020-MDE} PLA (Dragon).docx,Middle | 4.1 | 4.2 | 4.9,8.3,4.9,3.4
G-1861-20B D. Manivannan & Co. {DPS Ref No. IND-20020-MDE} PLA (Dragon).docx,Bottom | 3.7 | 3.9 | 4.0,7.6,4.0,3.6
1.) G-1517-20B G.T.Fruitech {DPS Ref.No. IND-13520-FDR) HO PLA - kiwi Container.docx,Top | 2.9 | 2.5 | 2.5 | 2.9 | 2.6,13.4,3.8,9.6
1.) G-1517-20B G.T.Fruitech {DPS Ref.No. IND-13520-FDR) HO PLA - kiwi Container.docx,Middle | 1.9 | 2.3 | 2.4 | 2.1 | 2.8,11.5,3.9,7.6
1.) G-1517-20B G.T.Fruitech {DPS Ref.No. IND-13520-FDR) HO PLA - kiwi Container.docx,Bottom | 1.8 | 1.9 | 2.3 | 2.2 | 2.6,10.8,8.9,1.9
1.) G-1517-20B G.T.Fruitech {DPS Ref.No. IND-13520-FDR) HO PLA - kiwi Container.docx,"1. | 39 | CAT P | 8 | 969
(100%) | 810
(83.59 %)",40,8,32
1.) G-1517-20B G.T.Fruitech {DPS Ref.No. IND-13520-FDR) HO PLA - kiwi Container.docx,"2. | 39 | CAT 1 | 12 | 1423
(100%) | 1282
(90.09 %)",41,12,29
1.) G-1517-20B G.T.Fruitech {DPS Ref.No. IND-13520-FDR) HO PLA - kiwi Container.docx,"3. | 36 | CAT 1 | 12 | 1363
(100%) | 1162
(85.25 %)",39,12,27
1.) G-1517-20B G.T.Fruitech {DPS Ref.No. IND-13520-FDR) HO PLA - kiwi Container.docx,"4. | 36 | CAT P | 8 | 904
(100%) | 725
(80.20 %)",40,8,32
1.) G-1517-20B G.T.Fruitech {DPS Ref.No. IND-13520-FDR) HO PLA - kiwi Container.docx,"5. | 42 | CAT 1 | 8 | 1015
(100%) | 841
(82.86 %)",47,8,39
1.) G-1517-20B G.T.Fruitech {DPS Ref.No. IND-13520-FDR) HO PLA - kiwi Container.docx,"6. | 33 | CAT 1 | 8 | 804
(100%) | 703
(87.44 %)",39,8,31
G-1208-22B Dev Bhumi (DPS Ref No  IND-07122-FDR )  7 Containers  PLA (Apple) .docx,Category: | TEMU9181667 | 80 | 10 | 125 | 217,215,217,2
G-1208-22B Dev Bhumi (DPS Ref No  IND-07122-FDR )  7 Containers  PLA (Apple) .docx,Category: | TEMU9181667 | 88 | 147 | 150 | 251,385,251,134
G-1208-22B Dev Bhumi (DPS Ref No  IND-07122-FDR )  7 Containers  PLA (Apple) .docx,Category: | TEMU9181667 | 72 | 3 | 163 | 82,238,82,156
G-1208-22B Dev Bhumi (DPS Ref No  IND-07122-FDR )  7 Containers  PLA (Apple) .docx,Category: | TEMU9181667 | 100 | 50 | 175 | 203,325,203,122
G-1208-22B Dev Bhumi (DPS Ref No  IND-07122-FDR )  7 Containers  PLA (Apple) .docx,Category: | TEMU9181667 | 113 | 147 | 198 | 57,458,57,401
G-1208-22B Dev Bhumi (DPS Ref No  IND-07122-FDR )  7 Containers  PLA (Apple) .docx,"Category: |  | Total | 1,167 | 1,167 | 1,167",2334,1167,1167
G-1208-22B Dev Bhumi (DPS Ref No  IND-07122-FDR )  7 Containers  PLA (Apple) .docx,Category: | TTNU8113547 | 100 | 147 | 150 | 343,397,343,54
G-1208-22B Dev Bhumi (DPS Ref No  IND-07122-FDR )  7 Containers  PLA (Apple) .docx,Category: | TTNU8113547 | 113 | 147 | 175 | 151,435,151,284
G-1208-22B Dev Bhumi (DPS Ref No  IND-07122-FDR )  7 Containers  PLA (Apple) .docx,Category: | TTNU8113547 | 125 | 147 | 216 | 192,488,192,296
G-1208-22B Dev Bhumi (DPS Ref No  IND-07122-FDR )  7 Containers  PLA (Apple) .docx,"Category: | TTNU8113547 | Total | 1,127 | 1,127 | 1,127",2254,1127,1127
G-1208-22B Dev Bhumi (DPS Ref No  IND-07122-FDR )  7 Containers  PLA (Apple) .docx,Category: | TRIU8270617 | 72 | 11 | 234 | 49,317,49,268
G-1208-22B Dev Bhumi (DPS Ref No  IND-07122-FDR )  7 Containers  PLA (Apple) .docx,Category: | TRIU8270617 | 80 | 57 | 150 | 252,287,252,35
G-1208-22B Dev Bhumi (DPS Ref No  IND-07122-FDR )  7 Containers  PLA (Apple) .docx,Category: | TRIU8270617 | 88 | 59 | 163 | 147,310,147,163
G-1208-22B Dev Bhumi (DPS Ref No  IND-07122-FDR )  7 Containers  PLA (Apple) .docx,Category: | TRIU8270617 | 100 | 87 | 175 | 98,362,98,264
G-1208-22B Dev Bhumi (DPS Ref No  IND-07122-FDR )  7 Containers  PLA (Apple) .docx,Category: | TRIU8270617 | 113 | 98 | 198 | 98,409,98,311
G-1208-22B Dev Bhumi (DPS Ref No  IND-07122-FDR )  7 Containers  PLA (Apple) .docx,"Category: | TRIU8270617 | Total | 1,152 | 1,152 | 1,152",2304,1152,1152
G-1208-22B Dev Bhumi (DPS Ref No  IND-07122-FDR )  7 Containers  PLA (Apple) .docx,Category: | OTPU6115707 | 80 | 15 | 113 | 348,208,348,140
G-1208-22B Dev Bhumi (DPS Ref No  IND-07122-FDR )  7 Containers  PLA (Apple) .docx,Category: | OTPU6115707 | 88 | 194 | 125 | 392,407,392,15
G-1208-22B Dev Bhumi (DPS Ref No  IND-07122-FDR )  7 Containers  PLA (Apple) .docx,"Category: | OTPU6115707 | Total | 1,248 | 1,248 | 1,248",2496,1248,1248
G-1208-22B Dev Bhumi (DPS Ref No  IND-07122-FDR )  7 Containers  PLA (Apple) .docx,Category: | TEMU9137962 | 100 | 196 | 175 | 98,471,98,373
G-1208-22B Dev Bhumi (DPS Ref No  IND-07122-FDR )  7 Containers  PLA (Apple) .docx,Category: | TEMU9137962 | 113 | 196 | 198 | 105,507,105,402
G-1208-22B Dev Bhumi (DPS Ref No  IND-07122-FDR )  7 Containers  PLA (Apple) .docx,Category: | TEMU9137962 | 125 | 245 | 216 | 49,586,49,537
G-1208-22B Dev Bhumi (DPS Ref No  IND-07122-FDR )  7 Containers  PLA (Apple) .docx,"Category: | TEMU9137962 | Total | 1,183 | 1,183 | 1,183",2366,1183,1183
G-1208-22B Dev Bhumi (DPS Ref No  IND-07122-FDR )  7 Containers  PLA (Apple) .docx,Category: | BMOU9647828 | 80 | 90 | 125 | 294,295,294,1
G-1208-22B Dev Bhumi (DPS Ref No  IND-07122-FDR )  7 Containers  PLA (Apple) .docx,Category: | BMOU9647828 | 88 | 106 | 198 | 49,392,49,343
G-1208-22B Dev Bhumi (DPS Ref No  IND-07122-FDR )  7 Containers  PLA (Apple) .docx,Category: | BMOU9647828 | 100 | 343 | 216 | 98,659,98,561
G-1208-22B Dev Bhumi (DPS Ref No  IND-07122-FDR )  7 Containers  PLA (Apple) .docx,"Category: | Container No. | Total | 1,127 | 1,127 | 1,127",2254,1127,1127
G-1208-22B Dev Bhumi (DPS Ref No  IND-07122-FDR )  7 Containers  PLA (Apple) .docx,Category: | CRXU6919092 | 88 | 49 | 150 | 294,287,294,7
G-1208-22B Dev Bhumi (DPS Ref No  IND-07122-FDR )  7 Containers  PLA (Apple) .docx,Category: | CRXU6919092 | 100 | 98 | 163 | 49,361,49,312
G-1208-22B Dev Bhumi (DPS Ref No  IND-07122-FDR )  7 Containers  PLA (Apple) .docx,Category: | CRXU6919092 | 113 | 147 | 175 | 98,435,98,337
G-1208-22B Dev Bhumi (DPS Ref No  IND-07122-FDR )  7 Containers  PLA (Apple) .docx,Category: | CRXU6919092 | 125 | 343 | 198 | 90,666,90,576
G-1208-22B Dev Bhumi (DPS Ref No  IND-07122-FDR )  7 Containers  PLA (Apple) .docx,"Category: | CRXU6919092 | Total | 1,168 | 1,168 | 1,168",2336,1168,1168
G-1208-22B Dev Bhumi (DPS Ref No  IND-07122-FDR )  7 Containers  PLA (Apple) .docx,1. | 88 | 1 | Ex-Fancy | 88 | 74,265,1,264
G-1208-22B Dev Bhumi (DPS Ref No  IND-07122-FDR )  7 Containers  PLA (Apple) .docx,2. | 100 | 1 | Ex-Fancy | 100 | 80,301,2,299
G-1208-22B Dev Bhumi (DPS Ref No  IND-07122-FDR )  7 Containers  PLA (Apple) .docx,3. | 113 | 1 | Ex-Fancy | 113 | 66,337,6,331
G-1208-22B Dev Bhumi (DPS Ref No  IND-07122-FDR )  7 Containers  PLA (Apple) .docx,4. | 113 | 1 | Choice | 113 | 74,342,2,340
G-1208-22B Dev Bhumi (DPS Ref No  IND-07122-FDR )  7 Containers  PLA (Apple) .docx,5. | 125 | 1 | Ex-Fancy | 125 | 78,374,7,367
G-1208-22B Dev Bhumi (DPS Ref No  IND-07122-FDR )  7 Containers  PLA (Apple) .docx,6. | 125 | 1 | Fancy | 125 | 91,369,13,356
G-1208-22B Dev Bhumi (DPS Ref No  IND-07122-FDR )  7 Containers  PLA (Apple) .docx,7. | 150 | 1 | Fancy | 150 | 106,451,7,444
G-1208-22B Dev Bhumi (DPS Ref No  IND-07122-FDR )  7 Containers  PLA (Apple) .docx,8. | 150 | 1 | Ex-Fancy | 150 | 104,452,7,445
G-1208-22B Dev Bhumi (DPS Ref No  IND-07122-FDR )  7 Containers  PLA (Apple) .docx,9. | 163 | 1 | Ex-Fancy | 163 | 92,498,1,497
G-1208-22B Dev Bhumi (DPS Ref No  IND-07122-FDR )  7 Containers  PLA (Apple) .docx,10. | 175 | 1 | Fancy | 175 | 122,530,6,524
G-1208-22B Dev Bhumi (DPS Ref No  IND-07122-FDR )  7 Containers  PLA (Apple) .docx,11. | 198 | 1 | Fancy | 198 | 130,598,8,590
G-1208-22B Dev Bhumi (DPS Ref No  IND-07122-FDR )  7 Containers  PLA (Apple) .docx,1. | 100 | 1 | Fancy | 100 | 60,297,5,292
G-1208-22B Dev Bhumi (DPS Ref No  IND-07122-FDR )  7 Containers  PLA (Apple) .docx,2. | 113 | 1 | Ex-Fancy | 113 | 86,338,4,334
G-1208-22B Dev Bhumi (DPS Ref No  IND-07122-FDR )  7 Containers  PLA (Apple) .docx,3. | 125 | 1 | Ex-Fancy | 125 | 100,378,1,377
G-1208-22B Dev Bhumi (DPS Ref No  IND-07122-FDR )  7 Containers  PLA (Apple) .docx,4. | 125 | 1 | Fancy | 125 | 83,377,3,374
G-1208-22B Dev Bhumi (DPS Ref No  IND-07122-FDR )  7 Containers  PLA (Apple) .docx,5. | 150 | 2 | Ex-Fancy | 300 | 212,751,6,745
G-1208-22B Dev Bhumi (DPS Ref No  IND-07122-FDR )  7 Containers  PLA (Apple) .docx,6. | 150 | 1 | Choice | 150 | 104,448,9,439
G-1208-22B Dev Bhumi (DPS Ref No  IND-07122-FDR )  7 Containers  PLA (Apple) .docx,7. | 175 | 1 | Fancy | 175 | 148,532,1,531
G-1208-22B Dev Bhumi (DPS Ref No  IND-07122-FDR )  7 Containers  PLA (Apple) .docx,8. | 216 | 1 | Premium | 216 | 131,649,8,641
G-1208-22B Dev Bhumi (DPS Ref No  IND-07122-FDR )  7 Containers  PLA (Apple) .docx,1. | 80 | 1 | Ex-Fancy | 80 | 32,236,6,230
G-1208-22B Dev Bhumi (DPS Ref No  IND-07122-FDR )  7 Containers  PLA (Apple) .docx,2. | 88 | 1 | Fancy | 88 | 42,261,6,255
G-1208-22B Dev Bhumi (DPS Ref No  IND-07122-FDR )  7 Containers  PLA (Apple) .docx,3. | 113 | 1 | Ex-Fancy | 113 | 44,340,3,337
G-1208-22B Dev Bhumi (DPS Ref No  IND-07122-FDR )  7 Containers  PLA (Apple) .docx,4. | 125 | 1 | Ex-Fancy | 125 | 95,374,6,368
G-1208-22B Dev Bhumi (DPS Ref No  IND-07122-FDR )  7 Containers  PLA (Apple) .docx,5. | 125 | 1 | Fancy | 125 | 78,377,4,373
G-1208-22B Dev Bhumi (DPS Ref No  IND-07122-FDR )  7 Containers  PLA (Apple) .docx,6. | 150 | 1 | Fancy | 150 | 86,453,4,449
G-1208-22B Dev Bhumi (DPS Ref No  IND-07122-FDR )  7 Containers  PLA (Apple) .docx,7. | 163 | 1 | Fancy | 163 | 118,494,3,491
G-1208-22B Dev Bhumi (DPS Ref No  IND-07122-FDR )  7 Containers  PLA (Apple) .docx,8. | 163 | 1 | Ex-Fancy | 163 | 104,494,4,490
G-1208-22B Dev Bhumi (DPS Ref No  IND-07122-FDR )  7 Containers  PLA (Apple) .docx,9. | 175 | 1 | Fancy | 175 | 129,534,1,533
G-1208-22B Dev Bhumi (DPS Ref No  IND-07122-FDR )  7 Containers  PLA (Apple) .docx,10. | 198 | 1 | Fancy | 198 | 130,603,2,601
G-1208-22B Dev Bhumi (DPS Ref No  IND-07122-FDR )  7 Containers  PLA (Apple) .docx,11. | 198 | 1 | Ex-Fancy | 198 | 133,568,38,530
G-1208-22B Dev Bhumi (DPS Ref No  IND-07122-FDR )  7 Containers  PLA (Apple) .docx,1. | 88 | 1 | Choice | 88 | 59,264,2,262
G-1208-22B Dev Bhumi (DPS Ref No  IND-07122-FDR )  7 Containers  PLA (Apple) .docx,2. | 88 | 1 | Ex-Fancy | 88 | 48,261,6,255
G-1208-22B Dev Bhumi (DPS Ref No  IND-07122-FDR )  7 Containers  PLA (Apple) .docx,3. | 88 | 1 | Fancy | 88 | 38,262,6,256
G-1208-22B Dev Bhumi (DPS Ref No  IND-07122-FDR )  7 Containers  PLA (Apple) .docx,4. | 100 | 1 | Ex-Fancy | 100 | 59,304,1,303
G-1208-22B Dev Bhumi (DPS Ref No  IND-07122-FDR )  7 Containers  PLA (Apple) .docx,5. | 100 | 1 | Choice | 100 | 58,304,2,302
G-1208-22B Dev Bhumi (DPS Ref No  IND-07122-FDR )  7 Containers  PLA (Apple) .docx,6. | 113 | 2 | Ex-Fancy | 226 | 144,570,1,569
G-1208-22B Dev Bhumi (DPS Ref No  IND-07122-FDR )  7 Containers  PLA (Apple) .docx,7. | 113 | 1 | Fancy | 113 | 57,347,2,345
G-1208-22B Dev Bhumi (DPS Ref No  IND-07122-FDR )  7 Containers  PLA (Apple) .docx,8. | 125 | 1 | Ex-Fancy | 125 | 61,379,5,374
G-1208-22B Dev Bhumi (DPS Ref No  IND-07122-FDR )  7 Containers  PLA (Apple) .docx,9. | 125 | 1 | Fancy | 125 | 69,383,2,381
G-1208-22B Dev Bhumi (DPS Ref No  IND-07122-FDR )  7 Containers  PLA (Apple) .docx,10. | 125 | 1 | premium | 125 | 82,382,4,378
G-1208-22B Dev Bhumi (DPS Ref No  IND-07122-FDR )  7 Containers  PLA (Apple) .docx,1 | 100 | 1 | EX-Fancy | 100 | 78,301,1,300
G-1208-22B Dev Bhumi (DPS Ref No  IND-07122-FDR )  7 Containers  PLA (Apple) .docx,2 | 113 | 1 | EX-Fancy | 113 | 56,337,5,332
G-1208-22B Dev Bhumi (DPS Ref No  IND-07122-FDR )  7 Containers  PLA (Apple) .docx,3 | 113 | 1 | Fancy | 113 | 61,338,5,333
G-1208-22B Dev Bhumi (DPS Ref No  IND-07122-FDR )  7 Containers  PLA (Apple) .docx,4 | 125 | 1 | Premium | 125 | 76,379,1,378
G-1208-22B Dev Bhumi (DPS Ref No  IND-07122-FDR )  7 Containers  PLA (Apple) .docx,5 | 125 | 1 | EX-Fancy | 125 | 84,377,4,373
G-1208-22B Dev Bhumi (DPS Ref No  IND-07122-FDR )  7 Containers  PLA (Apple) .docx,6 | 150 | 1 | EX-Fancy | 150 | 87,453,4,449
G-1208-22B Dev Bhumi (DPS Ref No  IND-07122-FDR )  7 Containers  PLA (Apple) .docx,7 | 150 | 1 | Fancy | 150 | 83,456,2,454
G-1208-22B Dev Bhumi (DPS Ref No  IND-07122-FDR )  7 Containers  PLA (Apple) .docx,8 | 175 | 1 | EX-Fancy | 175 | 115,530,4,526
G-1208-22B Dev Bhumi (DPS Ref No  IND-07122-FDR )  7 Containers  PLA (Apple) .docx,9 | 175 | 1 | Fancy | 175 | 113,535,0,535
G-1208-22B Dev Bhumi (DPS Ref No  IND-07122-FDR )  7 Containers  PLA (Apple) .docx,10 | 198 | 1 | EX-Fancy | 198 | 132,605,0,605
G-1208-22B Dev Bhumi (DPS Ref No  IND-07122-FDR )  7 Containers  PLA (Apple) .docx,11 | 198 | 1 | Fancy | 198 | 126,603,3,600
G-1208-22B Dev Bhumi (DPS Ref No  IND-07122-FDR )  7 Containers  PLA (Apple) .docx,12 | 216 | 1 | Fancy | 216 | 92,656,5,651
G-1208-22B Dev Bhumi (DPS Ref No  IND-07122-FDR )  7 Containers  PLA (Apple) .docx,1 | 80 | 1 | CH | 80 | 47,231,11,220
G-1208-22B Dev Bhumi (DPS Ref No  IND-07122-FDR )  7 Containers  PLA (Apple) .docx,2 | 80 | 1 | Premium | 80 | 63,241,2,239
G-1208-22B Dev Bhumi (DPS Ref No  IND-07122-FDR )  7 Containers  PLA (Apple) .docx,3 | 88 | 1 | Fancy | 88 | 55,266,2,264
G-1208-22B Dev Bhumi (DPS Ref No  IND-07122-FDR )  7 Containers  PLA (Apple) .docx,4 | 100 | 1 | Fancy | 100 | 64,303,2,301
G-1208-22B Dev Bhumi (DPS Ref No  IND-07122-FDR )  7 Containers  PLA (Apple) .docx,5 | 100 | 1 | EX-Fancy | 100 | 72,305,1,304
G-1208-22B Dev Bhumi (DPS Ref No  IND-07122-FDR )  7 Containers  PLA (Apple) .docx,6 | 100 | 1 | EX-Fancy | 100 | 82,304,3,301
G-1208-22B Dev Bhumi (DPS Ref No  IND-07122-FDR )  7 Containers  PLA (Apple) .docx,7 | 113 | 1 | EX-Fancy | 113 | 58,346,1,345
G-1208-22B Dev Bhumi (DPS Ref No  IND-07122-FDR )  7 Containers  PLA (Apple) .docx,8 | 125 | 1 | EX-Fancy | 125 | 78,380,4,376
G-1208-22B Dev Bhumi (DPS Ref No  IND-07122-FDR )  7 Containers  PLA (Apple) .docx,9 | 198 | 1 | Fancy | 198 | 88,595,9,586
G-1208-22B Dev Bhumi (DPS Ref No  IND-07122-FDR )  7 Containers  PLA (Apple) .docx,10 | 216 | 1 | Premium | 216 | 190,657,2,655
G-1208-22B Dev Bhumi (DPS Ref No  IND-07122-FDR )  7 Containers  PLA (Apple) .docx,1 | 100 | 1 | EX-Fancy | 100 | 62,299,3,296
G-1208-22B Dev Bhumi (DPS Ref No  IND-07122-FDR )  7 Containers  PLA (Apple) .docx,2 | 113 | 1 | EX-Fancy | 113 | 68,341,1,340
G-1208-22B Dev Bhumi (DPS Ref No  IND-07122-FDR )  7 Containers  PLA (Apple) .docx,3 | 125 | 1 | EX-Fancy | 125 | 78,379,0,379
G-1208-22B Dev Bhumi (DPS Ref No  IND-07122-FDR )  7 Containers  PLA (Apple) .docx,4 | 125 | 1 | Premium | 125 | 73,379,1,378
G-1208-22B Dev Bhumi (DPS Ref No  IND-07122-FDR )  7 Containers  PLA (Apple) .docx,5 | 125 | 1 | Fancy | 125 | 97,376,5,371
G-1208-22B Dev Bhumi (DPS Ref No  IND-07122-FDR )  7 Containers  PLA (Apple) .docx,6 | 150 | 1 | Fancy | 150 | 92,452,5,447
G-1208-22B Dev Bhumi (DPS Ref No  IND-07122-FDR )  7 Containers  PLA (Apple) .docx,7 | 150 | 1 | Fancy | 150 | 123,451,7,444
G-1208-22B Dev Bhumi (DPS Ref No  IND-07122-FDR )  7 Containers  PLA (Apple) .docx,8 | 150 | 1 | EX-Fancy | 150 | 89,456,3,453
G-1208-22B Dev Bhumi (DPS Ref No  IND-07122-FDR )  7 Containers  PLA (Apple) .docx,9 | 163 | 1 | Premium | 163 | 98,496,3,493
G-1208-22B Dev Bhumi (DPS Ref No  IND-07122-FDR )  7 Containers  PLA (Apple) .docx,10 | 175 | 1 | EX-Fancy | 175 | 129,533,3,530
G-1407-21B Dev Bhumi (DPS Ref No IND-09521-EY) Multiple shipments one PLA.docx,Category: | SZLU9514940 | 100 | 38 | 175 | 104,313,104,209
G-1407-21B Dev Bhumi (DPS Ref No IND-09521-EY) Multiple shipments one PLA.docx,Category: | SZLU9514940 | 125 | 196 | 198 | 273,519,273,246
G-1407-21B Dev Bhumi (DPS Ref No IND-09521-EY) Multiple shipments one PLA.docx,Category: | SZLU9514940 | 138 | 49 | 216 | 245,403,245,158
G-1407-21B Dev Bhumi (DPS Ref No IND-09521-EY) Multiple shipments one PLA.docx,Category: | SZLU9514940 | 150 | 92 | 88 | 11,330,11,319
G-1407-21B Dev Bhumi (DPS Ref No IND-09521-EY) Multiple shipments one PLA.docx,Category: | MEDU9872120 | 113 | 52 | 163 | 150,328,150,178
G-1407-21B Dev Bhumi (DPS Ref No IND-09521-EY) Multiple shipments one PLA.docx,Category: | MEDU9872120 | 125 | 144 | 175 | 175,444,175,269
G-1407-21B Dev Bhumi (DPS Ref No IND-09521-EY) Multiple shipments one PLA.docx,Category: | MEDU9872120 | 138 | 98 | 198 | 196,434,196,238
G-1407-21B Dev Bhumi (DPS Ref No IND-09521-EY) Multiple shipments one PLA.docx,Category: | MEDU9872120 | 216 | 147 | 88 | 42,451,42,409
G-1407-21B Dev Bhumi (DPS Ref No IND-09521-EY) Multiple shipments one PLA.docx,Category: | MEDU9872120 | 150 | 95 | 100 | 7,345,7,338
G-1407-21B Dev Bhumi (DPS Ref No IND-09521-EY) Multiple shipments one PLA.docx,Category: | SZLU9182700 | 113 | 80 | 198 | 196,391,196,195
G-1407-21B Dev Bhumi (DPS Ref No IND-09521-EY) Multiple shipments one PLA.docx,Category: | SZLU9182700 | 125 | 196 | 175 | 196,496,196,300
G-1407-21B Dev Bhumi (DPS Ref No IND-09521-EY) Multiple shipments one PLA.docx,Category: | SZLU9182700 | 138 | 83 | 72 | 5,293,5,288
G-1407-21B Dev Bhumi (DPS Ref No IND-09521-EY) Multiple shipments one PLA.docx,Category: | SZLU9182700 | 216 | 98 | 80 | 7,394,7,387
G-1407-21B Dev Bhumi (DPS Ref No IND-09521-EY) Multiple shipments one PLA.docx,Category: | SZLU9182700 | 150 | 49 | 113 | 49,312,49,263
G-1407-21B Dev Bhumi (DPS Ref No IND-09521-EY) Multiple shipments one PLA.docx,Category: | MEDU9686300 | 113 | 84 | 163 | 85,360,85,275
G-1407-21B Dev Bhumi (DPS Ref No IND-09521-EY) Multiple shipments one PLA.docx,Category: | MEDU9686300 | 125 | 196 | 175 | 200,496,200,296
G-1407-21B Dev Bhumi (DPS Ref No IND-09521-EY) Multiple shipments one PLA.docx,Category: | MEDU9686300 | 138 | 49 | 198 | 233,385,233,152
G-1407-21B Dev Bhumi (DPS Ref No IND-09521-EY) Multiple shipments one PLA.docx,Category: | MEDU9686300 | 216 | 147 | 100 | 14,463,14,449
G-1407-21B Dev Bhumi (DPS Ref No IND-09521-EY) Multiple shipments one PLA.docx,Category: | TTNU8378459 | 100 | 49 | 163 | 124,312,124,188
G-1407-21B Dev Bhumi (DPS Ref No IND-09521-EY) Multiple shipments one PLA.docx,Category: | TTNU8378459 | 125 | 168 | 175 | 226,468,226,242
G-1407-21B Dev Bhumi (DPS Ref No IND-09521-EY) Multiple shipments one PLA.docx,Category: | TTNU8378459 | 216 | 147 | 198 | 248,561,248,313
G-1407-21B Dev Bhumi (DPS Ref No IND-09521-EY) Multiple shipments one PLA.docx,Category: | TTNU8378459 | 150 | 116 | 138 | 28,404,28,376
G-1407-21B Dev Bhumi (DPS Ref No IND-09521-EY) Multiple shipments one PLA.docx,88 (Choice) | 1 | 45 | 28 | 0 | 13,89,88,1
G-1407-21B Dev Bhumi (DPS Ref No IND-09521-EY) Multiple shipments one PLA.docx,125 (Ex-Fancy) | 2 | 154 | 36 | 0z | 31,252,250,2
G-1407-21B Dev Bhumi (DPS Ref No IND-09521-EY) Multiple shipments one PLA.docx,125 (Premium) | 1 | 105 | 12 | 1 | 5,126,125,1
G-1407-21B Dev Bhumi (DPS Ref No IND-09521-EY) Multiple shipments one PLA.docx,163 (Premium) | 1 | 66 | 77 | 1 | 14,164,163,1
G-1407-21B Dev Bhumi (DPS Ref No IND-09521-EY) Multiple shipments one PLA.docx,198 (Fancy) | 2 | 339 | 34 | 6 | 3,398,396,2
G-1407-21B Dev Bhumi (DPS Ref No IND-09521-EY) Multiple shipments one PLA.docx,216 (Ex-Fancy) | 2 | 313 | 26 | 13 | 8,434,432,2
G-1407-21B Dev Bhumi (DPS Ref No IND-09521-EY) Multiple shipments one PLA.docx,150 (Premium) | 1 | 118 | 25 | 4 | 3,151,150,1
G-1407-21B Dev Bhumi (DPS Ref No IND-09521-EY) Multiple shipments one PLA.docx,175 (Premium) | 1 | 93 | 61 | 2 | 13,176,175,1
G-1407-21B Dev Bhumi (DPS Ref No IND-09521-EY) Multiple shipments one PLA.docx,100 ex-fancy | 1 | 45 | 0 | 7 | 38,101,100,1
G-1407-21B Dev Bhumi (DPS Ref No IND-09521-EY) Multiple shipments one PLA.docx,198 Fancy | 1 | 96 | 25 | 13 | 61,199,198,1
G-1407-21B Dev Bhumi (DPS Ref No IND-09521-EY) Multiple shipments one PLA.docx,198 Fancy | 1 | 110 | 15 | 12 | 57,199,198,1
G-1407-21B Dev Bhumi (DPS Ref No IND-09521-EY) Multiple shipments one PLA.docx,125 premium | 1 | 48 | 51 | 8 | 12,126,125,1
G-1407-21B Dev Bhumi (DPS Ref No IND-09521-EY) Multiple shipments one PLA.docx,113 premium | 1 | 73 | 0 | 9 | 31,114,113,1
G-1407-21B Dev Bhumi (DPS Ref No IND-09521-EY) Multiple shipments one PLA.docx,216 premium | 1 | 97 | 49 | 13 | 51,217,216,1
G-1407-21B Dev Bhumi (DPS Ref No IND-09521-EY) Multiple shipments one PLA.docx,88 ex-fancy | 1 | 35 | 0 | 26 | 18,89,88,1
G-1407-21B Dev Bhumi (DPS Ref No IND-09521-EY) Multiple shipments one PLA.docx,88 ex-fancy | 1 | 49 | 3 | 14 | 13,89,88,1
G-1407-21B Dev Bhumi (DPS Ref No IND-09521-EY) Multiple shipments one PLA.docx,125 premium | 1 | 39 | 31 | 16 | 32,126,125,1
G-1407-21B Dev Bhumi (DPS Ref No IND-09521-EY) Multiple shipments one PLA.docx,100 ex-fancy | 1 | 46 | 0 | 6 | 48,101,100,1
G-1407-21B Dev Bhumi (DPS Ref No IND-09521-EY) Multiple shipments one PLA.docx,138 premium | 1 | 73 | 32 | 25 | 3,139,138,1
G-1407-21B Dev Bhumi (DPS Ref No IND-09521-EY) Multiple shipments one PLA.docx,72 ex-fancy | 1 | 16 | 7 | 35 | 10,73,72,1
G-1407-21B Dev Bhumi (DPS Ref No IND-09521-EY) Multiple shipments one PLA.docx,80 ex- fancy | 1 | 37 | 4 | 21 | 14,81,80,1
G-1407-21B Dev Bhumi (DPS Ref No IND-09521-EY) Multiple shipments one PLA.docx,125 premium | 1 | 56 | 33 | 16 | 17,126,125,1
G-1407-21B Dev Bhumi (DPS Ref No IND-09521-EY) Multiple shipments one PLA.docx,125 premium | 1 | 82 | 1 | 22 | 17,126,125,1
G-1407-21B Dev Bhumi (DPS Ref No IND-09521-EY) Multiple shipments one PLA.docx,125 premium | 1 | 52 | 10 | 29 | 34,126,125,1
G-1407-21B Dev Bhumi (DPS Ref No IND-09521-EY) Multiple shipments one PLA.docx,216 premium | 1 | 101 | 43 | 30 | 35,217,216,1
G-1407-21B Dev Bhumi (DPS Ref No IND-09521-EY) Multiple shipments one PLA.docx,216 premium | 1 | 103 | 33 | 24 | 51,217,216,1
G-1407-21B Dev Bhumi (DPS Ref No IND-09521-EY) Multiple shipments one PLA.docx,113 premium | 1 | 63 | 0 | 10 | 35,114,113,1
G-1407-21B Dev Bhumi (DPS Ref No IND-09521-EY) Multiple shipments one PLA.docx,175 fancy | 1 | 49 | 1 | 10 | 115,176,175,1
G-1407-21B Dev Bhumi (DPS Ref No IND-09521-EY) Multiple shipments one PLA.docx,198 choice | 1 | 81 | 39 | 4 | 72,199,198,1
G-1407-21B Dev Bhumi (DPS Ref No IND-09521-EY) Multiple shipments one PLA.docx,125 premium | 1 | 57 | 12 | 12 | 40,126,125,1
G-1407-21B Dev Bhumi (DPS Ref No IND-09521-EY) Multiple shipments one PLA.docx,100 ex-fancy | 1 | 51 | 5 | 10 | 29,101,100,1
G-1407-21B Dev Bhumi (DPS Ref No IND-09521-EY) Multiple shipments one PLA.docx,113 premium | 1 | 54 | 8 | 10 | 37,114,113,1
G-1407-21B Dev Bhumi (DPS Ref No IND-09521-EY) Multiple shipments one PLA.docx,138 premium | 1 | 55 | 7 | 8 | 68,139,138,1
G-1407-21B Dev Bhumi (DPS Ref No IND-09521-EY) Multiple shipments one PLA.docx,150 fancy | 1 | 71 | 27 | 4 | 47,151,150,1
G-1407-21B Dev Bhumi (DPS Ref No IND-09521-EY) Multiple shipments one PLA.docx,125 premium | 1 | 62 | 13 | 11 | 38,126,125,1
G-1407-21B Dev Bhumi (DPS Ref No IND-09521-EY) Multiple shipments one PLA.docx,216 premium | 1 | 167 | 24 | 7 | 16,217,216,1
G-1407-21B Dev Bhumi (DPS Ref No IND-09521-EY) Multiple shipments one PLA.docx,216 premium | 1 | 99 | 44 | 10 | 60,217,216,1
G-1407-21B Dev Bhumi (DPS Ref No IND-09521-EY) Multiple shipments one PLA.docx,163 premium | 1 | 73 | 18 | 53 | 10,164,163,1
G-1407-21B Dev Bhumi (DPS Ref No IND-09521-EY) Multiple shipments one PLA.docx,216 ex-fancy | 1 | 101 | 27 | 8 | 80,217,216,1
G-1407-21B Dev Bhumi (DPS Ref No IND-09521-EY) Multiple shipments one PLA.docx,216 premium | 1 | 96 | 37 | 24 | 47,217,216,1
G-1407-21B Dev Bhumi (DPS Ref No IND-09521-EY) Multiple shipments one PLA.docx,125 ex-fancy | 1 | 68 | 12 | 5 | 36,126,125,1
G-1407-21B Dev Bhumi (DPS Ref No IND-09521-EY) Multiple shipments one PLA.docx,175 fancy | 1 | 85 | 33 | 2 | 49,176,175,1
G-1407-21B Dev Bhumi (DPS Ref No IND-09521-EY) Multiple shipments one PLA.docx,198 fancy | 1 | 95 | 60 | 8 | 35,199,198,1
G-1407-21B Dev Bhumi (DPS Ref No IND-09521-EY) Multiple shipments one PLA.docx,100 premium | 1 | 51 | 5 | 19 | 20,101,100,1
G-1407-21B Dev Bhumi (DPS Ref No IND-09521-EY) Multiple shipments one PLA.docx,175 premium | 1 | 104 | 12 | 2 | 56,176,175,1
G-1407-21B Dev Bhumi (DPS Ref No IND-09521-EY) Multiple shipments one PLA.docx,198 ex-fancy | 1 | 108 | 33 | 6 | 45,199,198,1
G-1407-21B Dev Bhumi (DPS Ref No IND-09521-EY) Multiple shipments one PLA.docx,138 ex-fancy | 1 | 68 | 16 | 3 | 43,139,138,1
G-1407-21B Dev Bhumi (DPS Ref No IND-09521-EY) Multiple shipments one PLA.docx,163 ex-fancy | 1 | 82 | 4 | 57 | 16,164,163,1
G-1409-21B Dev Bhumi (DPS Ref No. IND-10021-MDE)  Multiple Apple shipments PLA.docx,Category: | TTNU8244146 | 100 | 49 | 163 | 154,312,154,158
G-1409-21B Dev Bhumi (DPS Ref No. IND-10021-MDE)  Multiple Apple shipments PLA.docx,Category: | TTNU8244146 | 113 | 49 | 175 | 147,337,147,190
G-1409-21B Dev Bhumi (DPS Ref No. IND-10021-MDE)  Multiple Apple shipments PLA.docx,Category: | TTNU8244146 | 125 | 245 | 198 | 260,568,260,308
G-1409-21B Dev Bhumi (DPS Ref No. IND-10021-MDE)  Multiple Apple shipments PLA.docx,Category: | TTNU8244146 | 138 | 49 | 216 | 147,403,147,256
G-1409-21B Dev Bhumi (DPS Ref No. IND-10021-MDE)  Multiple Apple shipments PLA.docx,Category: | TEMU9196332 | 100 | 49 | 163 | 77,312,77,235
G-1409-21B Dev Bhumi (DPS Ref No. IND-10021-MDE)  Multiple Apple shipments PLA.docx,Category: | TEMU9196332 | 113 | 98 | 175 | 245,386,245,141
G-1409-21B Dev Bhumi (DPS Ref No. IND-10021-MDE)  Multiple Apple shipments PLA.docx,Category: | TEMU9196332 | 125 | 196 | 198 | 196,519,196,323
G-1409-21B Dev Bhumi (DPS Ref No. IND-10021-MDE)  Multiple Apple shipments PLA.docx,Category: | TEMU9196332 | 138 | 98 | 216 | 49,452,49,403
G-1409-21B Dev Bhumi (DPS Ref No. IND-10021-MDE)  Multiple Apple shipments PLA.docx,Category: | TCLU1395372 | 100 | 49 | 163 | 147,312,147,165
G-1409-21B Dev Bhumi (DPS Ref No. IND-10021-MDE)  Multiple Apple shipments PLA.docx,Category: | TCLU1395372 | 113 | 98 | 175 | 196,386,196,190
G-1409-21B Dev Bhumi (DPS Ref No. IND-10021-MDE)  Multiple Apple shipments PLA.docx,Category: | TCLU1395372 | 125 | 196 | 198 | 147,519,147,372
G-1409-21B Dev Bhumi (DPS Ref No. IND-10021-MDE)  Multiple Apple shipments PLA.docx,Category: | TCLU1395372 | 138 | 98 | 216 | 77,452,77,375
G-1409-21B Dev Bhumi (DPS Ref No. IND-10021-MDE)  Multiple Apple shipments PLA.docx,Category: | TEMU9157573 | 100 | 49 | 163 | 99,312,99,213
G-1409-21B Dev Bhumi (DPS Ref No. IND-10021-MDE)  Multiple Apple shipments PLA.docx,Category: | TEMU9157573 | 113 | 49 | 175 | 196,337,196,141
G-1409-21B Dev Bhumi (DPS Ref No. IND-10021-MDE)  Multiple Apple shipments PLA.docx,Category: | TEMU9157573 | 125 | 245 | 198 | 271,568,271,297
G-1409-21B Dev Bhumi (DPS Ref No. IND-10021-MDE)  Multiple Apple shipments PLA.docx,Category: | TEMU9157573 | 138 | 49 | 216 | 98,403,98,305
G-1409-21B Dev Bhumi (DPS Ref No. IND-10021-MDE)  Multiple Apple shipments PLA.docx,Category: | SEGU9314758 | 100 | 01 | 175 | 245,276,245,31
G-1409-21B Dev Bhumi (DPS Ref No. IND-10021-MDE)  Multiple Apple shipments PLA.docx,Category: | SEGU9314758 | 113 | 169 | 198 | 245,480,245,235
G-1409-21B Dev Bhumi (DPS Ref No. IND-10021-MDE)  Multiple Apple shipments PLA.docx,Category: | SEGU9314758 | 125 | 298 | 216 | 50,639,50,589
G-1409-21B Dev Bhumi (DPS Ref No. IND-10021-MDE)  Multiple Apple shipments PLA.docx,Category: | CXRU1142670 | 100 | 98 | 163 | 98,361,98,263
G-1409-21B Dev Bhumi (DPS Ref No. IND-10021-MDE)  Multiple Apple shipments PLA.docx,Category: | CXRU1142670 | 113 | 147 | 175 | 196,435,196,239
G-1409-21B Dev Bhumi (DPS Ref No. IND-10021-MDE)  Multiple Apple shipments PLA.docx,Category: | CXRU1142670 | 125 | 196 | 198 | 147,519,147,372
G-1409-21B Dev Bhumi (DPS Ref No. IND-10021-MDE)  Multiple Apple shipments PLA.docx,Category: | CXRU1142670 | 138 | 98 | 216 | 49,452,49,403
G-1409-21B Dev Bhumi (DPS Ref No. IND-10021-MDE)  Multiple Apple shipments PLA.docx,1 | 198 (Ex-Fancy) | 2 | 132 | 45 | 9,201,198,3
G-1409-21B Dev Bhumi (DPS Ref No. IND-10021-MDE)  Multiple Apple shipments PLA.docx,2 | 198 (Ex-Fancy) | 2 | 116 | 42 | 14,202,198,4
G-1409-21B Dev Bhumi (DPS Ref No. IND-10021-MDE)  Multiple Apple shipments PLA.docx,3 | 198 (Premium) | 1 | 109 | 47 | 5,202,198,4
G-1409-21B Dev Bhumi (DPS Ref No. IND-10021-MDE)  Multiple Apple shipments PLA.docx,4 | 125 (Fancy) | 1 | 86 | 23 | 8,130,125,5
G-1409-21B Dev Bhumi (DPS Ref No. IND-10021-MDE)  Multiple Apple shipments PLA.docx,5 | 138 (Ex-Fancy) | 1 | 48 | 78 | 0,144,138,6
G-1409-21B Dev Bhumi (DPS Ref No. IND-10021-MDE)  Multiple Apple shipments PLA.docx,6 | 100 (Ex-Fancy) | 1 | 66 | 18 | 7,107,100,7
G-1409-21B Dev Bhumi (DPS Ref No. IND-10021-MDE)  Multiple Apple shipments PLA.docx,7 | 150 (Ex-Fancy) | 1 | 95 | 43 | 2,158,150,8
G-1409-21B Dev Bhumi (DPS Ref No. IND-10021-MDE)  Multiple Apple shipments PLA.docx,8 | 216 (Ex-Fancy) | 1 | 137 | 46 | 10,225,216,9
G-1409-21B Dev Bhumi (DPS Ref No. IND-10021-MDE)  Multiple Apple shipments PLA.docx,9 | 163 (Premium) | 1 | 115 | 34 | 2,173,163,10
G-1409-21B Dev Bhumi (DPS Ref No. IND-10021-MDE)  Multiple Apple shipments PLA.docx,10 | 113 (Premium) | 1 | 60 | 20 | 0,124,113,11
G-1409-21B Dev Bhumi (DPS Ref No. IND-10021-MDE)  Multiple Apple shipments PLA.docx,11 | 125 (Ex-Fancy) | 1 | 100 | 23 | 2,137,125,12
G-1409-21B Dev Bhumi (DPS Ref No. IND-10021-MDE)  Multiple Apple shipments PLA.docx,"Total | Total | 11 | 1,064 | 419 | 59",1735,1724,11
G-1409-21B Dev Bhumi (DPS Ref No. IND-10021-MDE)  Multiple Apple shipments PLA.docx,1 | 113 (Ex-Fancy) | 1 | 86 | 7 | 2,115,113,2
G-1409-21B Dev Bhumi (DPS Ref No. IND-10021-MDE)  Multiple Apple shipments PLA.docx,2 | 198 (Fancy) | 1 | 99 | 90 | 7,201,198,3
G-1409-21B Dev Bhumi (DPS Ref No. IND-10021-MDE)  Multiple Apple shipments PLA.docx,3 | 138 (Ex-Fancy) | 1 | 85 | 44 | 2,142,138,4
G-1409-21B Dev Bhumi (DPS Ref No. IND-10021-MDE)  Multiple Apple shipments PLA.docx,4 | 125 (Ex-Fancy) | 1 | 48 | 75 | 0,130,125,5
G-1409-21B Dev Bhumi (DPS Ref No. IND-10021-MDE)  Multiple Apple shipments PLA.docx,5 | 198 (Fancy) | 1 | 134 | 40 | 20,204,198,6
G-1409-21B Dev Bhumi (DPS Ref No. IND-10021-MDE)  Multiple Apple shipments PLA.docx,6 | 216 (Premium) | 1 | 55 | 116 | 2,223,216,7
G-1409-21B Dev Bhumi (DPS Ref No. IND-10021-MDE)  Multiple Apple shipments PLA.docx,7 | 125 (Premium) | 1 | 63 | 38 | 3,133,125,8
G-1409-21B Dev Bhumi (DPS Ref No. IND-10021-MDE)  Multiple Apple shipments PLA.docx,8 | 150 (Ex-Fancy) | 1 | 126 | 13 | 3,159,150,9
G-1409-21B Dev Bhumi (DPS Ref No. IND-10021-MDE)  Multiple Apple shipments PLA.docx,9 | 163 (Premium) | 1 | 144 | 7 | 8,173,163,10
G-1409-21B Dev Bhumi (DPS Ref No. IND-10021-MDE)  Multiple Apple shipments PLA.docx,10 | 100 (Premium) | 1 | 62 | 20 | 7,111,100,11
G-1409-21B Dev Bhumi (DPS Ref No. IND-10021-MDE)  Multiple Apple shipments PLA.docx,Total | Total | 10 | 902 | 450 | 54,1536,1526,10
G-1409-21B Dev Bhumi (DPS Ref No. IND-10021-MDE)  Multiple Apple shipments PLA.docx,1 | 125 | 2 | 90 | 9 | 6,253,125,128
G-1409-21B Dev Bhumi (DPS Ref No. IND-10021-MDE)  Multiple Apple shipments PLA.docx,2 | 125 | 2 | 88 | 19 | 2,254,125,129
G-1409-21B Dev Bhumi (DPS Ref No. IND-10021-MDE)  Multiple Apple shipments PLA.docx,3 | 113 | 1 | 61 | 6 | 15,230,113,117
G-1409-21B Dev Bhumi (DPS Ref No. IND-10021-MDE)  Multiple Apple shipments PLA.docx,4 | 100 | 1 | 48 | 14 | 12,205,100,105
G-1409-21B Dev Bhumi (DPS Ref No. IND-10021-MDE)  Multiple Apple shipments PLA.docx,5 | 138 | 1 | 110 | 20 | 8,282,138,144
G-1409-21B Dev Bhumi (DPS Ref No. IND-10021-MDE)  Multiple Apple shipments PLA.docx,6 | 198 | 1 | 151 | 17 | 12,403,198,205
G-1409-21B Dev Bhumi (DPS Ref No. IND-10021-MDE)  Multiple Apple shipments PLA.docx,7 | 150 | 1 | 104 | 23 | 9,308,150,158
G-1409-21B Dev Bhumi (DPS Ref No. IND-10021-MDE)  Multiple Apple shipments PLA.docx,8 | 163 | 1 | 83 | 14 | 2,335,163,172
G-1409-21B Dev Bhumi (DPS Ref No. IND-10021-MDE)  Multiple Apple shipments PLA.docx,9 | 198 | 1 | 122 | 37 | 7,406,198,208
G-1409-21B Dev Bhumi (DPS Ref No. IND-10021-MDE)  Multiple Apple shipments PLA.docx,10 | 216 | 1 | 127 | 54 | 8,443,216,227
G-1409-21B Dev Bhumi (DPS Ref No. IND-10021-MDE)  Multiple Apple shipments PLA.docx,Total | Total | 10 | 984 | 213 | 81,1536,1526,10
G-1409-21B Dev Bhumi (DPS Ref No. IND-10021-MDE)  Multiple Apple shipments PLA.docx,1 | 150 | 1 | 54 | 86 | 0,302,150,152
G-1409-21B Dev Bhumi (DPS Ref No. IND-10021-MDE)  Multiple Apple shipments PLA.docx,2 | 125 | 2 | 72 | 44 | 2,254,125,129
G-1409-21B Dev Bhumi (DPS Ref No. IND-10021-MDE)  Multiple Apple shipments PLA.docx,3 | 125 | 2 | 86 | 27 | 1,255,125,130
G-1409-21B Dev Bhumi (DPS Ref No. IND-10021-MDE)  Multiple Apple shipments PLA.docx,4 | 138 | 1 | 93 | 3 | 11,281,138,143
G-1409-21B Dev Bhumi (DPS Ref No. IND-10021-MDE)  Multiple Apple shipments PLA.docx,5 | 175 | 1 | 100 | 72 | 0,356,175,181
G-1409-21B Dev Bhumi (DPS Ref No. IND-10021-MDE)  Multiple Apple shipments PLA.docx,6 | 175 | 1 | 123 | 31 | 3,357,175,182
G-1409-21B Dev Bhumi (DPS Ref No. IND-10021-MDE)  Multiple Apple shipments PLA.docx,7 | 216 | 1 | 120 | 61 | 11,440,216,224
G-1409-21B Dev Bhumi (DPS Ref No. IND-10021-MDE)  Multiple Apple shipments PLA.docx,8 | 198 | 1 | 88 | 69 | 2,405,198,207
G-1409-21B Dev Bhumi (DPS Ref No. IND-10021-MDE)  Multiple Apple shipments PLA.docx,9 | 113 | 1 | 66 | 35 | 8,236,113,123
G-1409-21B Dev Bhumi (DPS Ref No. IND-10021-MDE)  Multiple Apple shipments PLA.docx,10 | 198 | 1 | 127 | 42 | 16,407,198,209
G-1409-21B Dev Bhumi (DPS Ref No. IND-10021-MDE)  Multiple Apple shipments PLA.docx,Total | Total | 10 | 929 | 470 | 54,1623,1613,10
G-1409-21B Dev Bhumi (DPS Ref No. IND-10021-MDE)  Multiple Apple shipments PLA.docx,1 | 100 (Premium) | 1 | 36 | 8 | 1,102,100,2
G-1409-21B Dev Bhumi (DPS Ref No. IND-10021-MDE)  Multiple Apple shipments PLA.docx,2 | 125 (Premium) | 4 | 82 | 7 | 8,131,125,6
G-1409-21B Dev Bhumi (DPS Ref No. IND-10021-MDE)  Multiple Apple shipments PLA.docx,3 | 125 (Premium) | 4 | 72 | 27 | 2,132,125,7
G-1409-21B Dev Bhumi (DPS Ref No. IND-10021-MDE)  Multiple Apple shipments PLA.docx,4 | 125 (Premium) | 4 | 74 | 9 | 5,133,125,8
G-1409-21B Dev Bhumi (DPS Ref No. IND-10021-MDE)  Multiple Apple shipments PLA.docx,5 | 125 (Premium) | 4 | 74 | 30 | 10,134,125,9
G-1409-21B Dev Bhumi (DPS Ref No. IND-10021-MDE)  Multiple Apple shipments PLA.docx,6 | 216 (Fancy) | 2 | 164 | 28 | 8,224,216,8
G-1409-21B Dev Bhumi (DPS Ref No. IND-10021-MDE)  Multiple Apple shipments PLA.docx,7 | 216 (Fancy) | 2 | 158 | 45 | 8,225,216,9
G-1409-21B Dev Bhumi (DPS Ref No. IND-10021-MDE)  Multiple Apple shipments PLA.docx,8 | 113 (EX-Fancy) | 4 | 84 | 14 | 9,125,113,12
G-1409-21B Dev Bhumi (DPS Ref No. IND-10021-MDE)  Multiple Apple shipments PLA.docx,9 | 113 (EX-Fancy) | 4 | 64 | 22 | 5,126,113,13
G-1409-21B Dev Bhumi (DPS Ref No. IND-10021-MDE)  Multiple Apple shipments PLA.docx,10 | 113 (EX-Fancy) | 4 | 91 | 4 | 3,127,113,14
G-1409-21B Dev Bhumi (DPS Ref No. IND-10021-MDE)  Multiple Apple shipments PLA.docx,11 | 113 (EX-Fancy) | 4 | 89 | 10 | 9,128,113,15
G-1409-21B Dev Bhumi (DPS Ref No. IND-10021-MDE)  Multiple Apple shipments PLA.docx,Total | Total | 11 | 988 | 204 | 68,1495,1484,11
G-1409-21B Dev Bhumi (DPS Ref No. IND-10021-MDE)  Multiple Apple shipments PLA.docx,1 | 125 (EX-Fancy) | 2 | 99 | 7 | 6,128,125,3
G-1409-21B Dev Bhumi (DPS Ref No. IND-10021-MDE)  Multiple Apple shipments PLA.docx,2 | 125 (EX-Fancy) | 2 | 91 | 9 | 15,129,125,4
G-1409-21B Dev Bhumi (DPS Ref No. IND-10021-MDE)  Multiple Apple shipments PLA.docx,3 | 216 (EX-Fancy) | 1 | 161 | 29 | 11,220,216,4
G-1409-21B Dev Bhumi (DPS Ref No. IND-10021-MDE)  Multiple Apple shipments PLA.docx,4 | 138 (EX-Fancy) | 2 | 89 | 10 | 16,144,138,6
G-1409-21B Dev Bhumi (DPS Ref No. IND-10021-MDE)  Multiple Apple shipments PLA.docx,5 | 138 (EX-Fancy) | 2 | 99 | 10 | 14,145,138,7
G-1409-21B Dev Bhumi (DPS Ref No. IND-10021-MDE)  Multiple Apple shipments PLA.docx,6 | 138 (Premium) | 1 | 66 | 25 | 9,145,138,7
G-1409-21B Dev Bhumi (DPS Ref No. IND-10021-MDE)  Multiple Apple shipments PLA.docx,7 | 138 (EX-Fancy) | 1 | 46 | 13 | 4,146,138,8
G-1409-21B Dev Bhumi (DPS Ref No. IND-10021-MDE)  Multiple Apple shipments PLA.docx,8 | 113 (EX-Fancy) | 2 | 82 | 12 | 6,123,113,10
G-1409-21B Dev Bhumi (DPS Ref No. IND-10021-MDE)  Multiple Apple shipments PLA.docx,9 | 113 (EX-Fancy) | 2 | 86 | 5 | 6,124,113,11
G-1409-21B Dev Bhumi (DPS Ref No. IND-10021-MDE)  Multiple Apple shipments PLA.docx,10 | 100 (Fancy) | 1 | 48 | 30 | 8,111,100,11
G-1409-21B Dev Bhumi (DPS Ref No. IND-10021-MDE)  Multiple Apple shipments PLA.docx,11 | 100 (Premium) | 1 | 72 | 8 | 10,112,100,12
G-1409-21B Dev Bhumi (DPS Ref No. IND-10021-MDE)  Multiple Apple shipments PLA.docx,Total | Total | 11 | 939 | 158 | 105,1455,1444,11
G-1449-21B  Dev Bhumi (DPS Ref No  IND-10321-MDE)  5 apple containers PLA.docx,Category: | NYKU7155913 | 100 | 147 | 198 | 196,445,196,249
G-1449-21B  Dev Bhumi (DPS Ref No  IND-10321-MDE)  5 apple containers PLA.docx,Category: | NYKU7155913 | 113 | 224 | 216 | 49,553,49,504
G-1449-21B  Dev Bhumi (DPS Ref No  IND-10321-MDE)  5 apple containers PLA.docx,Category: | NYKU7155913 | 125 | 147 | 150 | 49,422,49,373
G-1449-21B  Dev Bhumi (DPS Ref No  IND-10321-MDE)  5 apple containers PLA.docx,Category: | NYKU7155913 | 138 | 49 | 163 | 147,350,147,203
G-1449-21B  Dev Bhumi (DPS Ref No  IND-10321-MDE)  5 apple containers PLA.docx,Category: | KKFU6745180 | 100 | 160 | 198 | 205,458,205,253
G-1449-21B  Dev Bhumi (DPS Ref No  IND-10321-MDE)  5 apple containers PLA.docx,Category: | KKFU6745180 | 113 | 100 | 175 | 89,388,89,299
G-1449-21B  Dev Bhumi (DPS Ref No  IND-10321-MDE)  5 apple containers PLA.docx,Category: | KKFU6745180 | 125 | 185 | 88 | 49,398,49,349
G-1449-21B  Dev Bhumi (DPS Ref No  IND-10321-MDE)  5 apple containers PLA.docx,Category: | KKFU6745180 | 138 | 107 | 216 | 15,461,15,446
G-1449-21B  Dev Bhumi (DPS Ref No  IND-10321-MDE)  5 apple containers PLA.docx,Category: | KKFU6745180 | 163 | 134 | 150 | 62,447,62,385
G-1449-21B  Dev Bhumi (DPS Ref No  IND-10321-MDE)  5 apple containers PLA.docx,Category: | CXRU1178219 | 100 | 163 | 175 | 98,438,98,340
G-1449-21B  Dev Bhumi (DPS Ref No  IND-10321-MDE)  5 apple containers PLA.docx,Category: | CXRU1178219 | 113 | 167 | 198 | 147,478,147,331
G-1449-21B  Dev Bhumi (DPS Ref No  IND-10321-MDE)  5 apple containers PLA.docx,Category: | CXRU1178219 | 125 | 152 | 80 | 14,357,14,343
G-1449-21B  Dev Bhumi (DPS Ref No  IND-10321-MDE)  5 apple containers PLA.docx,Category: | CXRU1178219 | 138 | 71 | 88 | 49,297,49,248
G-1449-21B  Dev Bhumi (DPS Ref No  IND-10321-MDE)  5 apple containers PLA.docx,Category: | CXRU1178219 | 150 | 111 | 163 | 134,424,134,290
G-1449-21B  Dev Bhumi (DPS Ref No  IND-10321-MDE)  5 apple containers PLA.docx,Category: | MORU1135179 | 100 | 147 | 150 | 147,397,147,250
G-1449-21B  Dev Bhumi (DPS Ref No  IND-10321-MDE)  5 apple containers PLA.docx,Category: | MORU1135179 | 113 | 175 | 175 | 147,463,147,316
G-1449-21B  Dev Bhumi (DPS Ref No  IND-10321-MDE)  5 apple containers PLA.docx,Category: | MORU1135179 | 125 | 147 | 198 | 196,470,196,274
G-1449-21B  Dev Bhumi (DPS Ref No  IND-10321-MDE)  5 apple containers PLA.docx,Category: | MORU1135179 | 163 | 98 | 138 | 49,399,49,350
G-1449-21B  Dev Bhumi (DPS Ref No  IND-10321-MDE)  5 apple containers PLA.docx,Category: | TRIU8956870 | 100 | 98 | 138 | 98,336,98,238
G-1449-21B  Dev Bhumi (DPS Ref No  IND-10321-MDE)  5 apple containers PLA.docx,Category: | TRIU8956870 | 113 | 175 | 163 | 98,451,98,353
G-1449-21B  Dev Bhumi (DPS Ref No  IND-10321-MDE)  5 apple containers PLA.docx,Category: | TRIU8956870 | 125 | 147 | 175 | 147,447,147,300
G-1449-21B  Dev Bhumi (DPS Ref No  IND-10321-MDE)  5 apple containers PLA.docx,Category: | TRIU8956870 | 150 | 49 | 88 | 49,287,49,238
G-1449-21B  Dev Bhumi (DPS Ref No  IND-10321-MDE)  5 apple containers PLA.docx,125 ex-fancy | 1 | 106 | - | 4 | 10,126,125,1
G-1449-21B  Dev Bhumi (DPS Ref No  IND-10321-MDE)  5 apple containers PLA.docx,113 ex-fancy | 1 | 71 | - | 9 | 20,114,113,1
G-1449-21B  Dev Bhumi (DPS Ref No  IND-10321-MDE)  5 apple containers PLA.docx,150 ex-fancy | 1 | 88 | 14 | - | 39,151,150,1
G-1449-21B  Dev Bhumi (DPS Ref No  IND-10321-MDE)  5 apple containers PLA.docx,163 fancy | 1 | 126 | 4 | 4 | 23,164,163,1
G-1449-21B  Dev Bhumi (DPS Ref No  IND-10321-MDE)  5 apple containers PLA.docx,198 premium | 1 | 107 | 6 | 15 | 58,199,198,1
G-1449-21B  Dev Bhumi (DPS Ref No  IND-10321-MDE)  5 apple containers PLA.docx,113 premium | 1 | 82 | - | 8 | 17,114,113,1
G-1449-21B  Dev Bhumi (DPS Ref No  IND-10321-MDE)  5 apple containers PLA.docx,100 ex-fancy | 1 | 62 | 1 | 14 | 12,101,100,1
G-1449-21B  Dev Bhumi (DPS Ref No  IND-10321-MDE)  5 apple containers PLA.docx,216 ex-fancy | 1 | 107 | 12 | 14 | 66,217,216,1
G-1449-21B  Dev Bhumi (DPS Ref No  IND-10321-MDE)  5 apple containers PLA.docx,175 ex-fancy | 1 | 95 | 15 | 12 | 49,176,175,1
G-1449-21B  Dev Bhumi (DPS Ref No  IND-10321-MDE)  5 apple containers PLA.docx,138 premium | 1 | 80 | 9 | 7 | 41,139,138,1
G-1449-21B  Dev Bhumi (DPS Ref No  IND-10321-MDE)  5 apple containers PLA.docx,198 ex-fancy | 1 | 102 | 21 | 9 | 53,199,198,1
G-1449-21B  Dev Bhumi (DPS Ref No  IND-10321-MDE)  5 apple containers PLA.docx,88 choice | 1 | 31 | - | 6 | 42,89,88,1
G-1449-21B  Dev Bhumi (DPS Ref No  IND-10321-MDE)  5 apple containers PLA.docx,125 ex-fancy | 1 | 76 | 6 | 3 | 33,126,125,1
G-1449-21B  Dev Bhumi (DPS Ref No  IND-10321-MDE)  5 apple containers PLA.docx,100 ex-fancy | 1 | 41 | - | 5 | 45,101,100,1
G-1449-21B  Dev Bhumi (DPS Ref No  IND-10321-MDE)  5 apple containers PLA.docx,163 premium | 1 | 81 | - | 12 | 67,164,163,1
G-1449-21B  Dev Bhumi (DPS Ref No  IND-10321-MDE)  5 apple containers PLA.docx,113 premium | 1 | 59 | 9 | 26 | 14,114,113,1
G-1449-21B  Dev Bhumi (DPS Ref No  IND-10321-MDE)  5 apple containers PLA.docx,138 premium | 1 | 57 | 9 | 20 | 46,139,138,1
G-1449-21B  Dev Bhumi (DPS Ref No  IND-10321-MDE)  5 apple containers PLA.docx,198 fancy | 1 | 119 | 12 | 10 | 54,199,198,1
G-1449-21B  Dev Bhumi (DPS Ref No  IND-10321-MDE)  5 apple containers PLA.docx,125 ex-fancy | 1 | 76 | 5 | 10 | 27,126,125,1
G-1449-21B  Dev Bhumi (DPS Ref No  IND-10321-MDE)  5 apple containers PLA.docx,100 ex-fancy | 1 | 72 | - | 6 | 19,101,100,1
G-1449-21B  Dev Bhumi (DPS Ref No  IND-10321-MDE)  5 apple containers PLA.docx,150 ex-fancy | 1 | 70 | 13 | 18 | 46,151,150,1
G-1449-21B  Dev Bhumi (DPS Ref No  IND-10321-MDE)  5 apple containers PLA.docx,175 ex-fancy | 1 | 87 | - | 11 | 76,176,175,1
G-1449-21B  Dev Bhumi (DPS Ref No  IND-10321-MDE)  5 apple containers PLA.docx,150 fancy | 1 | 58 | 27 | 3 | 55,151,150,1
G-1449-21B  Dev Bhumi (DPS Ref No  IND-10321-MDE)  5 apple containers PLA.docx,163 fancy | 1 | 79 | 18 | 10 | 53,164,163,1
G-1449-21B  Dev Bhumi (DPS Ref No  IND-10321-MDE)  5 apple containers PLA.docx,113 premium | 1 | 47 | 5 | 10 | 45,114,113,1
G-1449-21B  Dev Bhumi (DPS Ref No  IND-10321-MDE)  5 apple containers PLA.docx,113 ex-fancy | 1 | 81 | 6 | 5 | 21,114,113,1
G-1449-21B  Dev Bhumi (DPS Ref No  IND-10321-MDE)  5 apple containers PLA.docx,100 premium | 1 | 61 | - | 12 | 25,101,100,1
G-1449-21B  Dev Bhumi (DPS Ref No  IND-10321-MDE)  5 apple containers PLA.docx,88 choice | 1 | 54 | 2 | 12 | 20,89,88,1
G-1449-21B  Dev Bhumi (DPS Ref No  IND-10321-MDE)  5 apple containers PLA.docx,125 ex-fancy | 1 | 77 | - | 10 | 38,126,125,1
G-1449-21B  Dev Bhumi (DPS Ref No  IND-10321-MDE)  5 apple containers PLA.docx,100 choice | 1 | 49 | 9 | 17 | 22,101,100,1
G-1449-21B  Dev Bhumi (DPS Ref No  IND-10321-MDE)  5 apple containers PLA.docx,125 ex-fancy | 1 | 62 | 12 | 8 | 39,126,125,1
G-1449-21B  Dev Bhumi (DPS Ref No  IND-10321-MDE)  5 apple containers PLA.docx,138 premium | 1 | 73 | 22 | 4 | 37,139,138,1
G-1449-21B  Dev Bhumi (DPS Ref No  IND-10321-MDE)  5 apple containers PLA.docx,80 choice | 1 | 36 | - | 14 | 26,81,80,1
G-1449-21B  Dev Bhumi (DPS Ref No  IND-10321-MDE)  5 apple containers PLA.docx,125 ex-fancy | 1 | 67 | 7 | 4 | 44,126,125,1
G-1449-21B  Dev Bhumi (DPS Ref No  IND-10321-MDE)  5 apple containers PLA.docx,175 Fancy | 1 | 76 | 18 | 12 | 65,176,175,1
G-1449-21B  Dev Bhumi (DPS Ref No  IND-10321-MDE)  5 apple containers PLA.docx,150 Fancy | 1 | 84 | 10 | 9 | 45,151,150,1
G-1449-21B  Dev Bhumi (DPS Ref No  IND-10321-MDE)  5 apple containers PLA.docx,100 ex-fancy | 1 | 48 | - | 14 | 31,101,100,1
G-1449-21B  Dev Bhumi (DPS Ref No  IND-10321-MDE)  5 apple containers PLA.docx,138 ex-fancy | 1 | 78 | 5 | - | 50,139,138,1
G-1449-21B  Dev Bhumi (DPS Ref No  IND-10321-MDE)  5 apple containers PLA.docx,113 ex-fancy | 1 | 62 | 6 | 6 | 37,114,113,1
G-1449-21B  Dev Bhumi (DPS Ref No  IND-10321-MDE)  5 apple containers PLA.docx,113 ex-fancy | 1 | 58 | 5 | 11 | 39,114,113,1
G-1449-21B  Dev Bhumi (DPS Ref No  IND-10321-MDE)  5 apple containers PLA.docx,113 premium | 1 | 60 | - | 10 | 43,114,113,1
G-1449-21B  Dev Bhumi (DPS Ref No  IND-10321-MDE)  5 apple containers PLA.docx,125 premium | 1 | 60 | 6 | 12 | 38,126,125,1
G-1449-21B  Dev Bhumi (DPS Ref No  IND-10321-MDE)  5 apple containers PLA.docx,100 premium | 1 | 48 | - | 12 | 35,101,100,1
G-1449-21B  Dev Bhumi (DPS Ref No  IND-10321-MDE)  5 apple containers PLA.docx,100 premium | 1 | 48 | - | 3 | 46,101,100,1
G-1449-21B  Dev Bhumi (DPS Ref No  IND-10321-MDE)  5 apple containers PLA.docx,125 premium | 1 | 60 | 7 | 14 | 41,126,125,1
G-1449-21B  Dev Bhumi (DPS Ref No  IND-10321-MDE)  5 apple containers PLA.docx,88 choice | 1 | 33 | - | 20 | 33,89,88,1
G-1449-21B  Dev Bhumi (DPS Ref No  IND-10321-MDE)  5 apple containers PLA.docx,113 ex-fancy | 1 | 52 | 6 | 13 | 38,114,113,1
G-1449-21B  Dev Bhumi (DPS Ref No  IND-10321-MDE)  5 apple containers PLA.docx,113 ex-fancy | 1 | 52 | 5 | 9 | 43,114,113,1
G-1449-21B  Dev Bhumi (DPS Ref No  IND-10321-MDE)  5 apple containers PLA.docx,175 Fancy | 1 | 93 | 15 | 17 | 47,176,175,1
G-1449-21B  Dev Bhumi (DPS Ref No  IND-10321-MDE)  5 apple containers PLA.docx,100 ex-fancy | 1 | 43 | 18 | 8 | 27,101,100,1
G-1449-21B  Dev Bhumi (DPS Ref No  IND-10321-MDE)  5 apple containers PLA.docx,125 ex-fancy | 1 | 59 | 9 | 10 | 44,126,125,1
G-1449-21B  Dev Bhumi (DPS Ref No  IND-10321-MDE)  5 apple containers PLA.docx,138 ex-fancy | 1 | 58 | 20 | 6 | 49,139,138,1
G-1449-21B  Dev Bhumi (DPS Ref No  IND-10321-MDE)  5 apple containers PLA.docx,138 ex-fancy | 1 | 90 | 9 | - | 36,139,138,1
G-1452-21B Dev Bhumi (DPS Ref No IND-15121-EY) Pear kiwi & Apple multiple shipments PLA.docx,Category: | SEGU9247198 | SEGU9247198 | 113 | 49 | 163,325,98,227
G-1452-21B Dev Bhumi (DPS Ref No IND-15121-EY) Pear kiwi & Apple multiple shipments PLA.docx,Category: | SEGU9247198 | SEGU9247198 | 125 | 147 | 175,447,147,300
G-1452-21B Dev Bhumi (DPS Ref No IND-15121-EY) Pear kiwi & Apple multiple shipments PLA.docx,Category: | SEGU9247198 | SEGU9247198 | 138 | 98 | 198,434,49,385
G-1452-21B Dev Bhumi (DPS Ref No IND-15121-EY) Pear kiwi & Apple multiple shipments PLA.docx,Category: | SEGU9247198 | SEGU9247198 | 150 | 98 | 216,464,420,44
G-1452-21B Dev Bhumi (DPS Ref No IND-15121-EY) Pear kiwi & Apple multiple shipments PLA.docx,Category: | TTNU8486366 | TTNU8486366 | 125 | 147 | 175,447,147,300
G-1452-21B Dev Bhumi (DPS Ref No IND-15121-EY) Pear kiwi & Apple multiple shipments PLA.docx,Category: | TTNU8486366 | TTNU8486366 | 138 | 98 | 198,434,196,238
G-1452-21B Dev Bhumi (DPS Ref No IND-15121-EY) Pear kiwi & Apple multiple shipments PLA.docx,Category: | TTNU8486366 | TTNU8486366 | 150 | 196 | 216,562,147,415
G-1452-21B Dev Bhumi (DPS Ref No IND-15121-EY) Pear kiwi & Apple multiple shipments PLA.docx,Category: | FSCU5883627 | FSCU5883627 | 100 | 86 | 150,336,69,267
G-1452-21B Dev Bhumi (DPS Ref No IND-15121-EY) Pear kiwi & Apple multiple shipments PLA.docx,Category: | FSCU5883627 | FSCU5883627 | 113 | 54 | 163,330,59,271
G-1452-21B Dev Bhumi (DPS Ref No IND-15121-EY) Pear kiwi & Apple multiple shipments PLA.docx,Category: | FSCU5883627 | FSCU5883627 | 125 | 259 | 175,559,152,407
G-1452-21B Dev Bhumi (DPS Ref No IND-15121-EY) Pear kiwi & Apple multiple shipments PLA.docx,Category: | FSCU5883627 | FSCU5883627 | 138 | 88 | 198,424,229,195
G-1452-21B Dev Bhumi (DPS Ref No IND-15121-EY) Pear kiwi & Apple multiple shipments PLA.docx,Category: | FSCU5883627 | FSCU5883627 | 216 | 96 | 88,400,14,386
G-1452-21B Dev Bhumi (DPS Ref No IND-15121-EY) Pear kiwi & Apple multiple shipments PLA.docx,Category: | MORU1316731 | MORU1316731 | 125 | 196 | 163,484,196,288
G-1452-21B Dev Bhumi (DPS Ref No IND-15121-EY) Pear kiwi & Apple multiple shipments PLA.docx,Category: | MORU1316731 | MORU1316731 | 138 | 147 | 175,460,147,313
G-1452-21B Dev Bhumi (DPS Ref No IND-15121-EY) Pear kiwi & Apple multiple shipments PLA.docx,Category: | MORU1316731 | MORU1316731 | 216 | 147 | 198,561,147,414
G-1452-21B Dev Bhumi (DPS Ref No IND-15121-EY) Pear kiwi & Apple multiple shipments PLA.docx,Category: | TCLU1361325 | TCLU1361325 | 125 | 147 | 163,435,224,211
G-1452-21B Dev Bhumi (DPS Ref No IND-15121-EY) Pear kiwi & Apple multiple shipments PLA.docx,Category: | TCLU1361325 | TCLU1361325 | 138 | 49 | 175,362,196,166
G-1452-21B Dev Bhumi (DPS Ref No IND-15121-EY) Pear kiwi & Apple multiple shipments PLA.docx,Category: | TCLU1361325 | TCLU1361325 | 216 | 98 | 198,512,294,218
G-1452-21B Dev Bhumi (DPS Ref No IND-15121-EY) Pear kiwi & Apple multiple shipments PLA.docx,"216 ⃰
(252) choice | 1 | 115 | 25 | 13 | 95",253,252,1
G-1452-21B Dev Bhumi (DPS Ref No IND-15121-EY) Pear kiwi & Apple multiple shipments PLA.docx,"216 *
(252) choice | 1 | 136 | 21 | 9 | 82",253,252,1
G-1452-21B Dev Bhumi (DPS Ref No IND-15121-EY) Pear kiwi & Apple multiple shipments PLA.docx,216 premium | 1 | 101 | 11 | 13 | 89,217,216,1
G-1452-21B Dev Bhumi (DPS Ref No IND-15121-EY) Pear kiwi & Apple multiple shipments PLA.docx,216 choice | 1 | 114 | 8 | 14 | 80,217,216,1
G-1452-21B Dev Bhumi (DPS Ref No IND-15121-EY) Pear kiwi & Apple multiple shipments PLA.docx,175 choice | 1 | 91 | 6 | 3 | 73,176,175,1
G-1452-21B Dev Bhumi (DPS Ref No IND-15121-EY) Pear kiwi & Apple multiple shipments PLA.docx,125 choice | 1 | 48 | - | 14 | 61,126,125,1
G-1452-21B Dev Bhumi (DPS Ref No IND-15121-EY) Pear kiwi & Apple multiple shipments PLA.docx,"125 
ex-fancy | 1 | 71 | - | 9 | 42",126,125,1
G-1452-21B Dev Bhumi (DPS Ref No IND-15121-EY) Pear kiwi & Apple multiple shipments PLA.docx,138 premium | 1 | 43 | 2 | 11 | 81,139,138,1
G-1452-21B Dev Bhumi (DPS Ref No IND-15121-EY) Pear kiwi & Apple multiple shipments PLA.docx,125 premium | 1 | 90 | 12 | 3 | 16,126,125,1
G-1452-21B Dev Bhumi (DPS Ref No IND-15121-EY) Pear kiwi & Apple multiple shipments PLA.docx,113 premium | 1 | 65 | - | 17 | 31,114,113,1
G-1452-21B Dev Bhumi (DPS Ref No IND-15121-EY) Pear kiwi & Apple multiple shipments PLA.docx,"216 
ex-fancy | 1 | 165 | - | 4 | 47",217,216,1
G-1452-21B Dev Bhumi (DPS Ref No IND-15121-EY) Pear kiwi & Apple multiple shipments PLA.docx,216 premium | 1 | 122 | 5 | 10 | 76,217,216,1
G-1452-21B Dev Bhumi (DPS Ref No IND-15121-EY) Pear kiwi & Apple multiple shipments PLA.docx,"150
premium | 1 | 89 | 11 | 19 | 28",151,150,1
G-1452-21B Dev Bhumi (DPS Ref No IND-15121-EY) Pear kiwi & Apple multiple shipments PLA.docx,"163
premium | 1 | 76 | 5 | 13 | 66",164,163,1
G-1452-21B Dev Bhumi (DPS Ref No IND-15121-EY) Pear kiwi & Apple multiple shipments PLA.docx,"125
premium | 1 | 72 | - | 10 | 43",126,125,1
G-1452-21B Dev Bhumi (DPS Ref No IND-15121-EY) Pear kiwi & Apple multiple shipments PLA.docx,"138
premium | 1 | 77 | - | 4 | 57",139,138,1
G-1452-21B Dev Bhumi (DPS Ref No IND-15121-EY) Pear kiwi & Apple multiple shipments PLA.docx,"198
choice | 1 | 93 | - | 33 | 67",199,198,1
G-1452-21B Dev Bhumi (DPS Ref No IND-15121-EY) Pear kiwi & Apple multiple shipments PLA.docx,"175 
ex-fancy | 1 | 96 | 5 | - | 74",176,175,1
G-1452-21B Dev Bhumi (DPS Ref No IND-15121-EY) Pear kiwi & Apple multiple shipments PLA.docx,"163
premium | 1 | 99 | - | 7 | 57",164,163,1
G-1452-21B Dev Bhumi (DPS Ref No IND-15121-EY) Pear kiwi & Apple multiple shipments PLA.docx,"216
ex-fancy | 1 | 120 | 5 | 10 | 81",217,216,1
G-1452-21B Dev Bhumi (DPS Ref No IND-15121-EY) Pear kiwi & Apple multiple shipments PLA.docx,"150
choice | 1 | 80 | - | 13 | 53",151,150,1
G-1452-21B Dev Bhumi (DPS Ref No IND-15121-EY) Pear kiwi & Apple multiple shipments PLA.docx,"163
ex-fancy | 1 | 103 | - | 6 | 54",164,163,1
G-1452-21B Dev Bhumi (DPS Ref No IND-15121-EY) Pear kiwi & Apple multiple shipments PLA.docx,"138
 fancy | 1 | 64 | - | 5 | 69",139,138,1
G-1452-21B Dev Bhumi (DPS Ref No IND-15121-EY) Pear kiwi & Apple multiple shipments PLA.docx,"198 
ex-fancy | 1 | 126 | - | 10 | 62",199,198,1
G-1452-21B Dev Bhumi (DPS Ref No IND-15121-EY) Pear kiwi & Apple multiple shipments PLA.docx,198 premium | 1 | 108 | - | 7 | 81,199,198,1
G-1452-21B Dev Bhumi (DPS Ref No IND-15121-EY) Pear kiwi & Apple multiple shipments PLA.docx,"113 
fancy | 1 | 60 | - | 1 | 52",114,113,1
G-1452-21B Dev Bhumi (DPS Ref No IND-15121-EY) Pear kiwi & Apple multiple shipments PLA.docx,"113 
ex-fancy | 1 | 65 | - | 4 | 43",114,113,1
G-1452-21B Dev Bhumi (DPS Ref No IND-15121-EY) Pear kiwi & Apple multiple shipments PLA.docx,"88 
choice | 1 | 36 | - | 14 | 38",89,88,1
G-1452-21B Dev Bhumi (DPS Ref No IND-15121-EY) Pear kiwi & Apple multiple shipments PLA.docx,125 premium | 1 | 71 | - | 17 | 37,126,125,1
G-1452-21B Dev Bhumi (DPS Ref No IND-15121-EY) Pear kiwi & Apple multiple shipments PLA.docx,"125 
ex-fancy | 1 | 71 | - | 2 | 52",126,125,1
G-1452-21B Dev Bhumi (DPS Ref No IND-15121-EY) Pear kiwi & Apple multiple shipments PLA.docx,"216*
(252) 
ex-fancy | 1 | 144 | 10 | 9 | 85",249,4,245
G-1452-21B Dev Bhumi (DPS Ref No IND-15121-EY) Pear kiwi & Apple multiple shipments PLA.docx,"175 
ex-fancy | 1 | 98 | - | 6 | 68",176,175,1
G-1452-21B Dev Bhumi (DPS Ref No IND-15121-EY) Pear kiwi & Apple multiple shipments PLA.docx,163 premium | 1 | 86 | - | 16 | 58,164,163,1
G-1452-21B Dev Bhumi (DPS Ref No IND-15121-EY) Pear kiwi & Apple multiple shipments PLA.docx,150 premium | 1 | 81 | - | 10 | 56,151,150,1
G-1452-21B Dev Bhumi (DPS Ref No IND-15121-EY) Pear kiwi & Apple multiple shipments PLA.docx,138 premium | 1 | 75 | 2 | 5 | 54,139,138,1
G-1452-21B Dev Bhumi (DPS Ref No IND-15121-EY) Pear kiwi & Apple multiple shipments PLA.docx,"216 
ex-fancy | 1 | 123 | 4 | 10 | 77",217,216,1
G-1452-21B Dev Bhumi (DPS Ref No IND-15121-EY) Pear kiwi & Apple multiple shipments PLA.docx,163 premium | 1 | 95 | 3 | 10 | 55,164,163,1
G-1452-21B Dev Bhumi (DPS Ref No IND-15121-EY) Pear kiwi & Apple multiple shipments PLA.docx,150 premium | 1 | 81 | - | 20 | 46,151,150,1
G-1452-21B Dev Bhumi (DPS Ref No IND-15121-EY) Pear kiwi & Apple multiple shipments PLA.docx,163 premium | 1 | 101 | - | 6 | 56,164,163,1
G-1452-21B Dev Bhumi (DPS Ref No IND-15121-EY) Pear kiwi & Apple multiple shipments PLA.docx,125 premium | 1 | 64 | - | 11 | 46,126,125,1
G-1452-21B Dev Bhumi (DPS Ref No IND-15121-EY) Pear kiwi & Apple multiple shipments PLA.docx,125 premium | 1 | 59 | 7 | 2 | 57,126,125,1
G-1452-21B Dev Bhumi (DPS Ref No IND-15121-EY) Pear kiwi & Apple multiple shipments PLA.docx,198 choice | 1 | 107 | 7 | 14 | 65,199,198,1
G-1452-21B Dev Bhumi (DPS Ref No IND-15121-EY) Pear kiwi & Apple multiple shipments PLA.docx,138 premium | 1 | 81 | 3 | 15 | 39,139,138,1
G-1452-21B Dev Bhumi (DPS Ref No IND-15121-EY) Pear kiwi & Apple multiple shipments PLA.docx,"175 
ex-fancy | 1 | 132 | - | - | 41",176,175,1
G-1452-21B Dev Bhumi (DPS Ref No IND-15121-EY) Pear kiwi & Apple multiple shipments PLA.docx,198 premium | 1 | 110 | 4 | 14 | 67,199,198,1
G-1452-21B Dev Bhumi (DPS Ref No IND-15121-EY) Pear kiwi & Apple multiple shipments PLA.docx,"198
ex-fancy | 1 | 107 | 10 | 11 | 70",199,198,1
G-1452-21B Dev Bhumi (DPS Ref No IND-15121-EY) Pear kiwi & Apple multiple shipments PLA.docx,"216
premium | 1 | 125 | 5 | 12 | 74",217,216,1
G-1452-21B Dev Bhumi (DPS Ref No IND-15121-EY) Pear kiwi & Apple multiple shipments PLA.docx,"175
ex-fancy | 1 | 103 | 4 | 4 | 62",176,175,1
G-1452-21B Dev Bhumi (DPS Ref No IND-15121-EY) Pear kiwi & Apple multiple shipments PLA.docx,"175
premium | 1 | 95 | 16 | 9 | 51",176,175,1
G-1452-21B Dev Bhumi (DPS Ref No IND-15121-EY) Pear kiwi & Apple multiple shipments PLA.docx,"125
premium | 1 | 87 | - | 12 | 24",126,125,1
G-1452-21B Dev Bhumi (DPS Ref No IND-15121-EY) Pear kiwi & Apple multiple shipments PLA.docx,"198
ex-fancy | 1 | 115 | 13 | 12 | 56",199,198,1
G-1452-21B Dev Bhumi (DPS Ref No IND-15121-EY) Pear kiwi & Apple multiple shipments PLA.docx,"150
premium | 1 | 67 | 4 | 12 | 65",151,150,1
G-1452-21B Dev Bhumi (DPS Ref No IND-15121-EY) Pear kiwi & Apple multiple shipments PLA.docx,"125
premium | 1 | 63 | 6 | 7 | 47",126,125,1
G-1452-21B Dev Bhumi (DPS Ref No IND-15121-EY) Pear kiwi & Apple multiple shipments PLA.docx,"163
premium | 1 | 81 | - | 9 | 71",164,163,1
G-1452-21B Dev Bhumi (DPS Ref No IND-15121-EY) Pear kiwi & Apple multiple shipments PLA.docx,"163
premium | 1 | 126 | 2 | - | 33",164,163,1
G-1405-21B I G International (DPS Ref  No. IND-11221-FDR) PLA.docx,XXL | 9.439 | 8.05 | 7.426 | Nil | Nil,24.915,0.624,24.291
G-1405-21B I G International (DPS Ref  No. IND-11221-FDR) PLA.docx,XXL | 9.394 | 7.782 | 3.87 | 1.557 | 1.48,24.083,0.875,23.208
G-1706-23B HGS International (Vanway - CPIC) PLA - Grapes in cold storage.docx,1 | 1.000 | 4.800 | 1.150 | 6.95,7.950,6.95,1.000
G-1706-23B HGS International (Vanway - CPIC) PLA - Grapes in cold storage.docx,1 | 1.800 | 3.150 | 1.950 | 6.9,7.900,6.9,1.000
G-1706-23B HGS International (Vanway - CPIC) PLA - Grapes in cold storage.docx,1 | 1.500 | 4.650 | .700 | 6.85,7.850,6.85,1.000
G-1706-23B HGS International (Vanway - CPIC) PLA - Grapes in cold storage.docx,1 | 3.100 | 1.550 | 2.400 | 7.05,8.050,7.05,1.000
G-1706-23B HGS International (Vanway - CPIC) PLA - Grapes in cold storage.docx,1 | 1.550 | 3.600 | 1.850 | 7,8.000,7,1.000
G-1706-23B HGS International (Vanway - CPIC) PLA - Grapes in cold storage.docx,1 | 1.500 | 3.950 | 1.100 | 6.55,7.550,6.55,1.000
G-1706-23B HGS International (Vanway - CPIC) PLA - Grapes in cold storage.docx,1 | 1.200 | 2.850 | 2.950 | 7,8.000,7,1.000
G-1706-23B HGS International (Vanway - CPIC) PLA - Grapes in cold storage.docx,1 | 2.000 | 1.800 | 2.950 | 6.75,7.750,6.75,1.000
G-1706-23B HGS International (Vanway - CPIC) PLA - Grapes in cold storage.docx,1 | 2.450 | 2.850 | 1.650 | 6.95,7.950,6.95,1.000
G-1706-23B HGS International (Vanway - CPIC) PLA - Grapes in cold storage.docx,1 | 1.650 | 3.100 | 2.000 | 6.75,7.750,6.75,1.000
G-1706-23B HGS International (Vanway - CPIC) PLA - Grapes in cold storage.docx,1 | 3.200 | 2.250 | 1.250 | 6.7,7.700,6.7,1.000
G-1706-23B HGS International (Vanway - CPIC) PLA - Grapes in cold storage.docx,1 | 1.400 | 4.150 | 1.550 | 7.1,8.100,7.1,1.000
G-1706-23B HGS International (Vanway - CPIC) PLA - Grapes in cold storage.docx,1 | 1.550 | 4.100 | 1.300 | 6.95,7.950,6.95,1.000
G-1706-23B HGS International (Vanway - CPIC) PLA - Grapes in cold storage.docx,1 | .950 | 4.450 | 1.300 | 6.7,7.700,6.7,1.000
G-1706-23B HGS International (Vanway - CPIC) PLA - Grapes in cold storage.docx,1 | 1.600 | 4.200 | 1.600 | 7.4,8.400,7.4,1.000
G-1512-21B NGK Trading Co {DPS REF. No. IND-12121-FDR} HO PLA.docx,Top | 1.4 | 1.5 | 2.4,2.9,2.4,0.5
G-1512-21B NGK Trading Co {DPS REF. No. IND-12121-FDR} HO PLA.docx,Middle | 1.7 | 2.5 | 3.1,4.2,3.1,1.1
G-1512-21B NGK Trading Co {DPS REF. No. IND-12121-FDR} HO PLA.docx,Bottom | 0.1 | 0.6 | 0.3,0.7,0.3,0.4
G-1512-21B NGK Trading Co {DPS REF. No. IND-12121-FDR} HO PLA.docx,"1 | 33 | Cat - 1 | 2 | 103
(100%) | 73
(70.88%)",36,0,36
G-1512-21B NGK Trading Co {DPS REF. No. IND-12121-FDR} HO PLA.docx,"2 | 33 | Cat - 2 | 2 | 102
(100%) | 61
(59.80%)",37,0,37
G-1512-21B NGK Trading Co {DPS REF. No. IND-12121-FDR} HO PLA.docx,"3 | 36 | Cat - 1 | 10 | 113
(100%) | 84
(74.33%)",49,0,49
G-1512-21B NGK Trading Co {DPS REF. No. IND-12121-FDR} HO PLA.docx,"4 | 36 | Cat - 1 | 10 | 111
(100%) | 64
(57.66%)",50,0,50
G-1512-21B NGK Trading Co {DPS REF. No. IND-12121-FDR} HO PLA.docx,"5 | 36 | Cat - 1 | 10 | 114
(100%) | 67
(58.78%)",51,0,51
G-1512-21B NGK Trading Co {DPS REF. No. IND-12121-FDR} HO PLA.docx,"6 | 36 | Cat - 1 | 10 | 114
(100%) | 73
(64.03%)",52,0,52
G-1512-21B NGK Trading Co {DPS REF. No. IND-12121-FDR} HO PLA.docx,"7 | 36 | Cat - 1 | 10 | 112
(100%) | 73
(65.18%)",53,0,53
G-1512-21B NGK Trading Co {DPS REF. No. IND-12121-FDR} HO PLA.docx,"8 | 36 | Cat - 1 | 10 | 117
(100%) | 79
(67.52%)",54,0,54
G-1512-21B NGK Trading Co {DPS REF. No. IND-12121-FDR} HO PLA.docx,"9 | 36 | Cat - 1 | 10 | 113
(100%) | 68
(60.18%)",55,0,55
G-1512-21B NGK Trading Co {DPS REF. No. IND-12121-FDR} HO PLA.docx,"10 | 36 | Cat - 1 | 10 | 112
(100%) | 53
(47.32%)",56,0,56
G-1512-21B NGK Trading Co {DPS REF. No. IND-12121-FDR} HO PLA.docx,"11 | 36 | Cat - 1 | 10 | 118
(100%) | 58
(49.16%)",57,0,57
G-1512-21B NGK Trading Co {DPS REF. No. IND-12121-FDR} HO PLA.docx,"12 | 36 |  | 10 | 116
(100%) | 62
(53.44%)",58,0,58
G-1512-21B NGK Trading Co {DPS REF. No. IND-12121-FDR} HO PLA.docx,"13 | 39 | Cat - 1 | 3 | 127
(100%) | 43
(33.86%)",52,3,49
G-1512-21B NGK Trading Co {DPS REF. No. IND-12121-FDR} HO PLA.docx,"14 | 39 | Cat - 1 | 3 | 122
(100%) | 61
(50.00%)",56,0,56
G-1512-21B NGK Trading Co {DPS REF. No. IND-12121-FDR} HO PLA.docx,"15 | 39 | Cat - 1 | 3 | 121
(100%) | 65
(53.71%)",57,0,57
G-1512-21B NGK Trading Co {DPS REF. No. IND-12121-FDR} HO PLA.docx,"1 | 33 | Fancy | 3 | 98
(100%) | 73
(74.49%)",37,0,37
G-1512-21B NGK Trading Co {DPS REF. No. IND-12121-FDR} HO PLA.docx,"2 | 33 | Fancy | 3 | 99
(100%) | 61
(61.61%)",38,0,38
G-1512-21B NGK Trading Co {DPS REF. No. IND-12121-FDR} HO PLA.docx,"3 | 33 | Fancy | 3 | 103
(100%) | 72
(69.90%)",39,0,39
G-1512-21B NGK Trading Co {DPS REF. No. IND-12121-FDR} HO PLA.docx,"4 | 36 | Fancy | 3 | 114
(100%) | 66
(57.90%)",40,3,37
G-1512-21B NGK Trading Co {DPS REF. No. IND-12121-FDR} HO PLA.docx,"5 | 36 | Fancy | 3 | 114
(100%) | 64
(56.14%)",44,0,44
G-1512-21B NGK Trading Co {DPS REF. No. IND-12121-FDR} HO PLA.docx,"6 | 36 | Fancy | 3 | 113
(100%) | 72
(63.71%)",45,0,45
G-1512-21B NGK Trading Co {DPS REF. No. IND-12121-FDR} HO PLA.docx,"7 | 39 | Fancy | 1 | 117
(100%) | 70
(59.82%)",47,0,47
G-1514-21B Sarla Chem India {DPS REF. No. IND-11821-LS} Apple Cont Unloading - Naik.docx,Top | 1.9 | 2.9 | 2.8,4.8,2.8,2.0
G-1514-21B Sarla Chem India {DPS REF. No. IND-11821-LS} Apple Cont Unloading - Naik.docx,Middle | 1.7 | 1.2 | 2.1,2.9,2.1,0.8
G-1514-21B Sarla Chem India {DPS REF. No. IND-11821-LS} Apple Cont Unloading - Naik.docx,Bottom | 0.5 | 1.2 | 0.9,1.7,0.9,0.8
G-1514-21B Sarla Chem India {DPS REF. No. IND-11821-LS} Apple Cont Unloading - Naik.docx,"1 | 100 (Ex- Fancy) | 1 | 100
(100%) | 82
(82.00%) | 15
(15.00%)",2,0,2
G-1514-21B Sarla Chem India {DPS REF. No. IND-11821-LS} Apple Cont Unloading - Naik.docx,"2 | 125 (Ex- Fancy) | 1 | 125
(100%) | 104
(83.20%) | 20
(16.00%)",3,0,3
G-1514-21B Sarla Chem India {DPS REF. No. IND-11821-LS} Apple Cont Unloading - Naik.docx,"3 | 113 (Ex- Fancy) | 1 | 113
(100%) | 92
(81.42%) | 11
(9.73%)",4,0,4
G-1514-21B Sarla Chem India {DPS REF. No. IND-11821-LS} Apple Cont Unloading - Naik.docx,"4 | 150 (Ex- Fancy) | 3 | 450
(100%) | 394
(87.56%) | 15
(3.33%)",7,0,7
G-1514-21B Sarla Chem India {DPS REF. No. IND-11821-LS} Apple Cont Unloading - Naik.docx,"5 | 163 (Ex- Fancy) | 2 | 326
(100%) | 295
(90.50%) | 27
(8.28%)",7,0,7
G-1514-21B Sarla Chem India {DPS REF. No. IND-11821-LS} Apple Cont Unloading - Naik.docx,"6 | 175 (Ex- Fancy) | 2 | 350
(100%) | 322
(92.00%) | 16
(4.57%)",8,0,8
G-1507-21B DB International (DPS Ref No. IND-11421-MDE) PLA Orange - Naik.docx,"1 | 1 | 72
(100%) | 6
(8.34%) | 41
(56.94%) | 14
(19.44%)",2,0,2
G-1507-21B DB International (DPS Ref No. IND-11421-MDE) PLA Orange - Naik.docx,"2 | 1 | 72
(100%) | 6
(8.33%) | 48
(66.67%) | 8
(11.11%)",3,0,3
G-1507-21B DB International (DPS Ref No. IND-11421-MDE) PLA Orange - Naik.docx,"3 | 1 | 72
(100%) | 4
(5.56%) | 48
(66.67%) | 3
(4.16%)",4,0,4
G-1507-21B DB International (DPS Ref No. IND-11421-MDE) PLA Orange - Naik.docx,"4 | 1 | 72
(100%) | 8
(11.11%) | 46
(63.89%) | 4
(5.56%)",5,0,5
G-1507-21B DB International (DPS Ref No. IND-11421-MDE) PLA Orange - Naik.docx,"6 | 1 | 72
(100%) | 8
(11.11%) | 46
(63.89%) | 7
(9.72%)",7,0,7
G-1507-21B DB International (DPS Ref No. IND-11421-MDE) PLA Orange - Naik.docx,"8 | 1 | 72
(100%) | 10
(13.89%) | 51
(70.83%) | 3
(4.17%)",9,0,9
G-1507-21B DB International (DPS Ref No. IND-11421-MDE) PLA Orange - Naik.docx,"3 | 1 | 88
(100%) | 38
(43.18%) | 41
(46.60%) | 0",4,0,4
G-1507-21B DB International (DPS Ref No. IND-11421-MDE) PLA Orange - Naik.docx,"5 | 1 | 88
(100%) | 37
(42.04%) | 45
(51.13%) | 1
(1.14%)",6,0,6
G-1408 -21B Dev Bhumi (DPS Ref. No IND-09821-MDE) Container No. TRIU8148996.docx,1 | 35 | Extra Fancy | 1 | 35 | 18,107,0,107
G-1408 -21B Dev Bhumi (DPS Ref. No IND-09821-MDE) Container No. TRIU8148996.docx,1 | 35 | Extra Fancy | 1 | 100% | (51.43%),37,0,37
G-1408 -21B Dev Bhumi (DPS Ref. No IND-09821-MDE) Container No. TRIU8148996.docx,2 | 40 | Green Forelle | 2 | 152 | 67,345,3,342
G-1408 -21B Dev Bhumi (DPS Ref. No IND-09821-MDE) Container No. TRIU8148996.docx,2 | 40 | Green Forelle | 2 | 100% | (44.9%),42,2,40
G-1408 -21B Dev Bhumi (DPS Ref. No IND-09821-MDE) Container No. TRIU8148996.docx,3 | 45 | Green Forelle | 2 | 90 | 37,226,4,222
G-1408 -21B Dev Bhumi (DPS Ref. No IND-09821-MDE) Container No. TRIU8148996.docx,3 | 45 | Green Forelle | 2 | 100% | (41.11% ),48,2,46
G-1408 -21B Dev Bhumi (DPS Ref. No IND-09821-MDE) Container No. TRIU8148996.docx,4 | 50 | Green Forelle | 1 | 47 | 20,147,2,145
G-1408 -21B Dev Bhumi (DPS Ref. No IND-09821-MDE) Container No. TRIU8148996.docx,4 | 50 | Green Forelle | 1 | 100% | (42.55%),54,1,53
G-1408 -21B Dev Bhumi (DPS Ref. No IND-09821-MDE) Container No. TRIU8148996.docx,5 | 55 | Ex Fancy | 2 | 110 | 45,281,1,280
G-1408 -21B Dev Bhumi (DPS Ref. No IND-09821-MDE) Container No. TRIU8148996.docx,5 | 55 | Ex Fancy | 2 | 100% | (40.91%),60,2,58
G-1408 -21B Dev Bhumi (DPS Ref. No IND-09821-MDE) Container No. TRIU8148996.docx,6 | 60 | Ex Fancy | 2 | 114 | 64,295,1,294
G-1408 -21B Dev Bhumi (DPS Ref. No IND-09821-MDE) Container No. TRIU8148996.docx,6 | 60 | Ex Fancy | 2 | 100% | (56.14%),66,2,64
G-1408 -21B Dev Bhumi (DPS Ref. No IND-09821-MDE) Container No. TRIU8148996.docx,7 | 65 | Ex Fancy | 2 | 132 | 65,336,2,334
G-1408 -21B Dev Bhumi (DPS Ref. No IND-09821-MDE) Container No. TRIU8148996.docx,7 | 65 | Ex Fancy | 2 | 100% | (49.24%),72,2,70
G-1408 -21B Dev Bhumi (DPS Ref. No IND-09821-MDE) Container No. TRIU8148996.docx,8 | 70 | Ex Fancy | 1 | 71 | 36,219,2,217
G-1408 -21B Dev Bhumi (DPS Ref. No IND-09821-MDE) Container No. TRIU8148996.docx,8 | 70 | Ex Fancy | 1 | 100% | (50.70%),78,1,77
G-1408 -21B Dev Bhumi (DPS Ref. No IND-09821-MDE) Container No. TRIU8148996.docx,09 | 70 | Green Forelle | 2 | 147 | 61,375,0,375
G-1408 -21B Dev Bhumi (DPS Ref. No IND-09821-MDE) Container No. TRIU8148996.docx,09 | 70 | Green Forelle | 2 | 100% | (41.50%),81,0,81
G-1408 -21B Dev Bhumi (DPS Ref. No IND-09821-MDE) Container No. TRIU8148996.docx,10 | 75 | Ex Fancy | 1 | 84 | 36,253,1,252
G-1408 -21B Dev Bhumi (DPS Ref. No IND-09821-MDE) Container No. TRIU8148996.docx,10 | 75 | Ex Fancy | 1 | 100% | (42.86%),85,1,84
G-1408 -21B Dev Bhumi (DPS Ref. No IND-09821-MDE) Container No. TRIU8148996.docx,11 | 75 | Green Forelle | 2 | 166 | 82,418,2,416
G-1408 -21B Dev Bhumi (DPS Ref. No IND-09821-MDE) Container No. TRIU8148996.docx,11 | 75 | Green Forelle | 2 | 100% | (49.40%),86,2,84
G-1408 -21B Dev Bhumi (DPS Ref. No IND-09821-MDE) Container No. TRIU8148996.docx,12 | 80 | Ex Fancy | 3 | 279 | 144,650,3,647
G-1408 -21B Dev Bhumi (DPS Ref. No IND-09821-MDE) Container No. TRIU8148996.docx,12 | 80 | Ex Fancy | 3 | 100% | (51.61%),92,3,89
G-1408 -21B Dev Bhumi (DPS Ref. No IND-09821-MDE) Container No. TRIU8148996.docx,13 | 100 | Ex Fancy | 3 | 319 | 142,751,3,748
G-1408 -21B Dev Bhumi (DPS Ref. No IND-09821-MDE) Container No. TRIU8148996.docx,13 | 100 | Ex Fancy | 3 | 100% | (44.52%),113,3,110
G-1408 -21B Dev Bhumi (DPS Ref. No IND-09821-MDE) Container No. TRIU8148996.docx,"Total | Total |  | 24 | 1,746 | 817",3492,24,3468
G-1656-23B HGS International (Vanway - CPIC Ref No. VW27223-AY) PLA (Grapes).docx,15 | 85.910 | 13.900 | 3.400 | 8.950 | 104.010,127.160,104.010,23.150
G-1656-23B HGS International (Vanway - CPIC Ref No. VW27223-AY) PLA (Grapes).docx,10 | 43.940 | 7.300 | 1.850 | 8.100 | 69.340,71.190,69.340,1.850
G-1656-23B HGS International (Vanway - CPIC Ref No. VW27223-AY) PLA (Grapes).docx,Percentages | 74.91 | 12.23. | 3.03 | 9.83 | 100,87.77,100,12.23
G-1421-21B Sana Farm International  (Barbuss Global) Final Report - OLD Format.docx,"125 (Premium) | 1 | 125
(100%) | 89
(71.20%) | 3
(2.40%) | 2
(1.60%)",1,0,1
G-1421-21B Sana Farm International  (Barbuss Global) Final Report - OLD Format.docx,"198
(Ex-Fancy) | 1 | 198
(100%) | 0 | 0 | 0",1,0,1
G-1421-21B Sana Farm International  (Barbuss Global) Final Report - OLD Format.docx,Total | 5 | 773 | 261 | 57 | 38,1501,50,1451
G-1421-21B Sana Farm International  (Barbuss Global) Final Report - OLD Format.docx,175 (Premium) | 2 | 350 | 0 | 0 | 0,352,0,352
G-1421-21B Sana Farm International  (Barbuss Global) Final Report - OLD Format.docx,163 (Premium) | 3 | 489 | 0 | 0 | 0,492,0,492
G-1421-21B Sana Farm International  (Barbuss Global) Final Report - OLD Format.docx,Total | 5 | 839 | 0 | 0 | 0,1063,620,443
G-1466A-22B Sany Heavy Industry {DPS Ref No. IND-13422-JS} Final Survey Report.docx,12078003901733606340 | IN220720XWZ1 | SM08A | 7 | 6 | 1,12078003901733606353,1,12078003901733606352
G-1466A-22B Sany Heavy Industry {DPS Ref No. IND-13422-JS} Final Survey Report.docx,12078003901733605856 | IN220720XWZ2 | SM08B | 5 | 4 | 1,12078003901733605865,1,12078003901733605864
G-1466A-22B Sany Heavy Industry {DPS Ref No. IND-13422-JS} Final Survey Report.docx,12078003901733599415 | IN220720XWZ3 | SM08C | 5 | 4 | 1,12078003901733599424,1,12078003901733599423
G-1466A-22B Sany Heavy Industry {DPS Ref No. IND-13422-JS} Final Survey Report.docx,12078003901733598643 | IN220720XW24 | SM08D | 5 | 4 | 1,12078003901733598652,1,12078003901733598651
G-1466A-22B Sany Heavy Industry {DPS Ref No. IND-13422-JS} Final Survey Report.docx,12078003901733598007 | IN220720XWZ5 | SM08E | 23 | 22 | 1,12078003901733598052,1,12078003901733598051
G-1466A-22B Sany Heavy Industry {DPS Ref No. IND-13422-JS} Final Survey Report.docx,12078003901733239797 | IN220721XWZ1 | SM14A | 5 | 4 | 1,12078003901733239806,1,12078003901733239805
G-1466A-22B Sany Heavy Industry {DPS Ref No. IND-13422-JS} Final Survey Report.docx,12078003901733239643 | IN220721XWZ2 | SM14B | 5 | 4 | 1,12078003901733239652,1,12078003901733239651
G-1466A-22B Sany Heavy Industry {DPS Ref No. IND-13422-JS} Final Survey Report.docx,12078003901733239477 | IN220721XWZ3 | SM14C | 5 | 4 | 1,12078003901733239486,1,12078003901733239485
G-1466A-22B Sany Heavy Industry {DPS Ref No. IND-13422-JS} Final Survey Report.docx,Total | Total | Total | 60 | 52 | 8,112,8,104
G-1846-20BS Suzuki Motor Gujarat (Mitsui-Japan) H.O PLA.docx,20/02/2019 | 1.0 | 03/03/2019 | 15.2 | 07/03/2019 | 36.8,16.2,36.8,20.6
G-1846-20BS Suzuki Motor Gujarat (Mitsui-Japan) H.O PLA.docx,21/02/2019 | 12.2 | 04/03/2019 | 32.0 | 11/03/2019 | 55.1,44.2,55.1,10.9
G-1846-20BS Suzuki Motor Gujarat (Mitsui-Japan) H.O PLA.docx,08/04/2020 | 0.5 | 15/6/2020 | 9.1 | 06/07/2020 | 14.0,9.6,14.0,4.4
G-1846-20BS Suzuki Motor Gujarat (Mitsui-Japan) H.O PLA.docx,03/6/2020 | 6.1 | 21/6/2020 | 4.1 | 07/07/2020 | 26.9,10.2,26.9,16.7
G-1846-20BS Suzuki Motor Gujarat (Mitsui-Japan) H.O PLA.docx,07/6/2020 | 7.1 | 22/6/2020 | 2.0 | 08/07/2020 | 0.8,9.1,0.8,8.3
G-1846-20BS Suzuki Motor Gujarat (Mitsui-Japan) H.O PLA.docx,08/6/2020 | 50.3 | 02/07/2020 | 0.5 | 9/07/2020 | 11.9,50.8,11.9,38.9
G-1846-20BS Suzuki Motor Gujarat (Mitsui-Japan) H.O PLA.docx,09/6/2020 | 57.9 | 04/07/2020 | 0.3 | 10/07/2020 | 47.0,58.2,47.0,11.2
G-1846-20BS Suzuki Motor Gujarat (Mitsui-Japan) H.O PLA.docx,08/07/2020 | 27.9 | 12/08/2020 | 5.1 | 31/08/2020 | 48.8,33.0,48.8,15.8
G-1846-20BS Suzuki Motor Gujarat (Mitsui-Japan) H.O PLA.docx,09/07/2020 | 8.9 | 13/08/2020 | 8.1 | 01/09/2020 | 5.1,17.0,5.1,11.9
G-1846-20BS Suzuki Motor Gujarat (Mitsui-Japan) H.O PLA.docx,10/07/2020 | 2.0 | 14/08/2020 | 1.8 | 03/09/2020 | 0.3,3.8,0.3,3.5
G-1846-20BS Suzuki Motor Gujarat (Mitsui-Japan) H.O PLA.docx,12/07/2020 | 18.0 | 15/08/2020 | 0.8 | 09/09/2020 | 15.0,18.8,15.0,3.8
G-1846-20BS Suzuki Motor Gujarat (Mitsui-Japan) H.O PLA.docx,14/07/2020 | 1.0 | 16/08/2020 | 2.0 | 10/09/2020 | 0.3,3.0,0.3,2.7
G-1846-20BS Suzuki Motor Gujarat (Mitsui-Japan) H.O PLA.docx,15/07/2020 | 10.9 | 17/08/2020 | 77.0 | 11/09/2020 | 20.1,87.9,20.1,67.8
G-1846-20BS Suzuki Motor Gujarat (Mitsui-Japan) H.O PLA.docx,16/07/2020 | 10.9 | 18/08/2020 | 7.1 | 12/09/2020 | 16.0,18.0,16.0,2.0
G-1846-20BS Suzuki Motor Gujarat (Mitsui-Japan) H.O PLA.docx,21/07/2020 | 1.0 | 19/08/2020 | 1.5 | 13/09/2020 | 0.3,2.5,0.3,2.2
G-1846-20BS Suzuki Motor Gujarat (Mitsui-Japan) H.O PLA.docx,24/07/2020 | 2.0 | 20/08/2020 | 0.5 | 15/09/2020 | 1.0,2.5,1.0,1.5
G-1846-20BS Suzuki Motor Gujarat (Mitsui-Japan) H.O PLA.docx,25/07/2020 | 46.0 | 21/08/2020 | 28.4 | 16/09/2020 | 0.3,74.4,0.3,74.1
G-1846-20BS Suzuki Motor Gujarat (Mitsui-Japan) H.O PLA.docx,30/07/2020 | 9.9 | 22/08/2020 | 11.9 | 17/09/2020 | 0.5,21.8,0.5,21.3
G-1846-20BS Suzuki Motor Gujarat (Mitsui-Japan) H.O PLA.docx,03/08/2020 | 7.9 | 23/08/2020 | 46.2 | 20/09/2020 | 10.2,54.1,10.2,43.9
G-1846-20BS Suzuki Motor Gujarat (Mitsui-Japan) H.O PLA.docx,05/08/2020 | 2.0 | 24/08/2020 | 17.8 | 26/09/2020 | 2.0,19.8,2.0,17.8
G-1846-20BS Suzuki Motor Gujarat (Mitsui-Japan) H.O PLA.docx,06/08/2020 | 3.0 | 25/08/2020 | 6.1 | 27/09/2020 | 5.1,9.1,5.1,4.0
G-1846-20BS Suzuki Motor Gujarat (Mitsui-Japan) H.O PLA.docx,07/08/2020 | 8.9 | 26/08/2020 | 13.0 | 30/09/2020 | 0.5,21.9,0.5,21.4
G-1846-20BS Suzuki Motor Gujarat (Mitsui-Japan) H.O PLA.docx,08/08/2020 | 23.1 | 27/08/2020 | 1.0 | 18/10/2020 | 0.8,24.1,0.8,23.3
G-1846-20BS Suzuki Motor Gujarat (Mitsui-Japan) H.O PLA.docx,09/08/2020 | 69.8 | 28/08/2020 | 0.3 | 11/12/2020 | 0.8,70.1,0.8,69.3
